{
    "header": {
        "metadata": [
            {
                "metaName": "adskFileFormatVersion",
                "metaValue": "100L"
            }
        ]
    },
    "namespaces": [],
    "types": [],
    "compounds": [
        {
            "name": "User::Compounds::color_burn_blend_li",
            "uriImported": "file:///color_burn_blend_li.json",
            "metadata": [
                {
                    "metaName": "io_nodes",
                    "metadata": [
                        {
                            "metaName": "io_inodes",
                            "metadata": [
                                {
                                    "metaName": "input",
                                    "metadata": [
                                        {
                                            "metaName": "DisplayMode",
                                            "metaType": "string",
                                            "metaValue": "2"
                                        },
                                        {
                                            "metaName": "LayoutPos",
                                            "metaType": "string",
                                            "metaValue": "-1053.48 -356.458"
                                        },
                                        {
                                            "metaName": "io_ports",
                                            "metadata": [
                                                {
                                                    "metaName": "base_A_in"
                                                },
                                                {
                                                    "metaName": "blend_B_in"
                                                },
                                                {
                                                    "metaName": "zero_one_range"
                                                }
                                            ]
                                        },
                                        {
                                            "metaName": "zValue",
                                            "metaType": "string",
                                            "metaValue": "42.000000"
                                        }
                                    ]
                                }
                            ]
                        },
                        {
                            "metaName": "io_onodes",
                            "metadata": [
                                {
                                    "metaName": "output",
                                    "metadata": [
                                        {
                                            "metaName": "DisplayMode",
                                            "metaType": "string",
                                            "metaValue": "2"
                                        },
                                        {
                                            "metaName": "io_ports",
                                            "metadata": [
                                                {
                                                    "metaName": "screen_out"
                                                }
                                            ]
                                        },
                                        {
                                            "metaName": "LayoutPos",
                                            "metaType": "string",
                                            "metaValue": "1915.9 -251.637"
                                        },
                                        {
                                            "metaName": "zValue",
                                            "metaType": "string",
                                            "metaValue": "32.000000"
                                        }
                                    ]
                                }
                            ]
                        }
                    ]
                },
                {
                    "metaName": "_recentNode_",
                    "metaType": "string",
                    "metaValue": "BifrostGraph,Core::Logic,if"
                },
                {
                    "metaName": "_recentNode_",
                    "metaType": "string",
                    "metaValue": "BifrostGraph,Core::Math,divide"
                },
                {
                    "metaName": "_recentNode_",
                    "metaType": "string",
                    "metaValue": "BifrostGraph,Core::Math,subtract"
                },
                {
                    "metaName": "_recentNode_",
                    "metaType": "string",
                    "metaValue": "BifrostGraph,Core::Constants,float"
                },
                {
                    "metaName": "_recentNode_",
                    "metaType": "string",
                    "metaValue": "BifrostGraph,Core::Math,add"
                },
                {
                    "metaName": "ViewportRect",
                    "metaType": "string",
                    "metaValue": "-309.275 -1034.27 1948 1749.52"
                },
                {
                    "metaName": "DisplayMode",
                    "metaType": "string",
                    "metaValue": "2"
                },
                {
                    "metaName": "LayoutPos",
                    "metaType": "string",
                    "metaValue": "581.388 449.752"
                },
                {
                    "metaName": "zValue",
                    "metaType": "string",
                    "metaValue": "199.000000"
                }
            ],
            "ports": [
                {
                    "portName": "base_A_in",
                    "portDirection": "input",
                    "portType": "array<float>",
                    "portDefault": []
                },
                {
                    "portName": "blend_B_in",
                    "portDirection": "input",
                    "portType": "array<float>",
                    "portDefault": []
                },
                {
                    "portName": "screen_out",
                    "portDirection": "output"
                },
                {
                    "portName": "zero_one_range",
                    "portDirection": "input",
                    "portType": "bool",
                    "portDefault": "true"
                }
            ],
            "compounds": [
                {
                    "name": "range_zero_to_one",
                    "uriImported": "file:///color_burn_blend_li.json",
                    "metadata": [
                        {
                            "metaName": "_recentNode_",
                            "metaType": "string",
                            "metaValue": "BifrostGraph,Core::Array,array_bounds"
                        },
                        {
                            "metaName": "_recentNode_",
                            "metaType": "string",
                            "metaValue": "BifrostGraph,Core::Graph,compound"
                        },
                        {
                            "metaName": "_recentNode_",
                            "metaType": "string",
                            "metaValue": "BifrostGraph,Core::Math,change_range"
                        },
                        {
                            "metaName": "_recentNode_",
                            "metaType": "string",
                            "metaValue": "BifrostGraph,Modeling::Primitive,create_mesh_plane"
                        },
                        {
                            "metaName": "_recentNode_",
                            "metaType": "string",
                            "metaValue": "BifrostGraph,Core::Randomization,fractal_noise"
                        },
                        {
                            "metaName": "ViewportRect",
                            "metaType": "string",
                            "metaValue": "-357.5 -477.5 1421 1142"
                        },
                        {
                            "metaName": "io_nodes",
                            "metadata": [
                                {
                                    "metaName": "io_inodes",
                                    "metadata": [
                                        {
                                            "metaName": "input",
                                            "metadata": [
                                                {
                                                    "metaName": "DisplayMode",
                                                    "metaType": "string",
                                                    "metaValue": "2"
                                                },
                                                {
                                                    "metaName": "LayoutPos",
                                                    "metaType": "string",
                                                    "metaValue": "-711 109"
                                                },
                                                {
                                                    "metaName": "zValue",
                                                    "metaType": "string",
                                                    "metaValue": "32.000000"
                                                },
                                                {
                                                    "metaName": "io_ports",
                                                    "metadata": [
                                                        {
                                                            "metaName": "array_in"
                                                        },
                                                        {
                                                            "metaName": "to_start"
                                                        },
                                                        {
                                                            "metaName": "to_end"
                                                        },
                                                        {
                                                            "metaName": "clamp"
                                                        }
                                                    ]
                                                }
                                            ]
                                        }
                                    ]
                                },
                                {
                                    "metaName": "io_onodes",
                                    "metadata": [
                                        {
                                            "metaName": "output",
                                            "metadata": [
                                                {
                                                    "metaName": "DisplayMode",
                                                    "metaType": "string",
                                                    "metaValue": "2"
                                                },
                                                {
                                                    "metaName": "LayoutPos",
                                                    "metaType": "string",
                                                    "metaValue": "520 13"
                                                },
                                                {
                                                    "metaName": "zValue",
                                                    "metaType": "string",
                                                    "metaValue": "35.000000"
                                                },
                                                {
                                                    "metaName": "io_ports",
                                                    "metadata": [
                                                        {
                                                            "metaName": "result"
                                                        }
                                                    ]
                                                }
                                            ]
                                        }
                                    ]
                                }
                            ]
                        }
                    ],
                    "ports": [
                        {
                            "portName": "array_in",
                            "portDirection": "input"
                        },
                        {
                            "portName": "to_start",
                            "portDirection": "input"
                        },
                        {
                            "portName": "to_end",
                            "portDirection": "input",
                            "portType": "float"
                        },
                        {
                            "portName": "clamp",
                            "portDirection": "input",
                            "portType": "bool"
                        },
                        {
                            "portName": "result",
                            "portDirection": "output"
                        }
                    ],
                    "compoundNodes": [
                        {
                            "nodeName": "change_range",
                            "nodeType": "Core::Math::change_range",
                            "metadata": [
                                {
                                    "metaName": "DisplayMode",
                                    "metaType": "string",
                                    "metaValue": "2"
                                },
                                {
                                    "metaName": "LayoutPos",
                                    "metaType": "string",
                                    "metaValue": "144 37"
                                },
                                {
                                    "metaName": "zValue",
                                    "metaType": "string",
                                    "metaValue": "31.000000"
                                }
                            ]
                        },
                        {
                            "nodeName": "array_bounds",
                            "nodeType": "Core::Array::array_bounds",
                            "metadata": [
                                {
                                    "metaName": "DisplayMode",
                                    "metaType": "string",
                                    "metaValue": "2"
                                },
                                {
                                    "metaName": "LayoutPos",
                                    "metaType": "string",
                                    "metaValue": "-255 -100"
                                },
                                {
                                    "metaName": "zValue",
                                    "metaType": "string",
                                    "metaValue": "34.000000"
                                }
                            ]
                        },
                        {
                            "nodeName": "value",
                            "valueType": "float",
                            "metadata": [
                                {
                                    "metaName": "DisplayMode",
                                    "metaType": "string",
                                    "metaValue": "2"
                                },
                                {
                                    "metaName": "LayoutPos",
                                    "metaType": "string",
                                    "metaValue": "-267 271"
                                },
                                {
                                    "metaName": "zValue",
                                    "metaType": "string",
                                    "metaValue": "33.000000"
                                }
                            ]
                        }
                    ],
                    "connections": [
                        {
                            "source": "change_range.result",
                            "target": ".result"
                        },
                        {
                            "source": "array_bounds.min_bound",
                            "target": "change_range.from_start"
                        },
                        {
                            "source": "array_bounds.max_bound",
                            "target": "change_range.from_end"
                        },
                        {
                            "source": "value.output",
                            "target": "change_range.to_end"
                        },
                        {
                            "source": ".array_in",
                            "target": "change_range.value"
                        },
                        {
                            "source": ".array_in",
                            "target": "array_bounds.array"
                        },
                        {
                            "source": ".to_start",
                            "target": "change_range.to_start"
                        },
                        {
                            "source": ".to_end",
                            "target": "value.value"
                        },
                        {
                            "source": ".clamp",
                            "target": "change_range.clamp"
                        }
                    ],
                    "values": [
                        {
                            "valueName": "change_range.clamp",
                            "valueType": "bool",
                            "value": "true"
                        },
                        {
                            "valueName": "value.value",
                            "valueType": "float",
                            "value": "1f"
                        }
                    ],
                    "reservedNodeNames": [
                        {
                            "name": "input"
                        },
                        {
                            "name": "output"
                        }
                    ]
                },
                {
                    "name": "range_zero_to_one1",
                    "uriImported": "file:///color_burn_blend_li.json",
                    "metadata": [
                        {
                            "metaName": "_recentNode_",
                            "metaType": "string",
                            "metaValue": "BifrostGraph,Core::Array,array_bounds"
                        },
                        {
                            "metaName": "_recentNode_",
                            "metaType": "string",
                            "metaValue": "BifrostGraph,Core::Graph,compound"
                        },
                        {
                            "metaName": "_recentNode_",
                            "metaType": "string",
                            "metaValue": "BifrostGraph,Core::Math,change_range"
                        },
                        {
                            "metaName": "_recentNode_",
                            "metaType": "string",
                            "metaValue": "BifrostGraph,Modeling::Primitive,create_mesh_plane"
                        },
                        {
                            "metaName": "_recentNode_",
                            "metaType": "string",
                            "metaValue": "BifrostGraph,Core::Randomization,fractal_noise"
                        },
                        {
                            "metaName": "ViewportRect",
                            "metaType": "string",
                            "metaValue": "-358 -478 1421 1142"
                        },
                        {
                            "metaName": "io_nodes",
                            "metadata": [
                                {
                                    "metaName": "io_inodes",
                                    "metadata": [
                                        {
                                            "metaName": "input",
                                            "metadata": [
                                                {
                                                    "metaName": "DisplayMode",
                                                    "metaType": "string",
                                                    "metaValue": "2"
                                                },
                                                {
                                                    "metaName": "zValue",
                                                    "metaType": "string",
                                                    "metaValue": "50.000000"
                                                },
                                                {
                                                    "metaName": "LayoutPos",
                                                    "metaType": "string",
                                                    "metaValue": "-711 109"
                                                },
                                                {
                                                    "metaName": "io_ports",
                                                    "metadata": [
                                                        {
                                                            "metaName": "array_in"
                                                        },
                                                        {
                                                            "metaName": "to_start"
                                                        },
                                                        {
                                                            "metaName": "to_end"
                                                        },
                                                        {
                                                            "metaName": "clamp"
                                                        }
                                                    ]
                                                }
                                            ]
                                        }
                                    ]
                                },
                                {
                                    "metaName": "io_onodes",
                                    "metadata": [
                                        {
                                            "metaName": "output",
                                            "metadata": [
                                                {
                                                    "metaName": "DisplayMode",
                                                    "metaType": "string",
                                                    "metaValue": "2"
                                                },
                                                {
                                                    "metaName": "zValue",
                                                    "metaType": "string",
                                                    "metaValue": "56.000000"
                                                },
                                                {
                                                    "metaName": "LayoutPos",
                                                    "metaType": "string",
                                                    "metaValue": "520 13"
                                                },
                                                {
                                                    "metaName": "io_ports",
                                                    "metadata": [
                                                        {
                                                            "metaName": "result"
                                                        }
                                                    ]
                                                }
                                            ]
                                        }
                                    ]
                                }
                            ]
                        }
                    ],
                    "ports": [
                        {
                            "portName": "array_in",
                            "portDirection": "input"
                        },
                        {
                            "portName": "to_start",
                            "portDirection": "input"
                        },
                        {
                            "portName": "to_end",
                            "portDirection": "input",
                            "portType": "float"
                        },
                        {
                            "portName": "clamp",
                            "portDirection": "input",
                            "portType": "bool"
                        },
                        {
                            "portName": "result",
                            "portDirection": "output"
                        }
                    ],
                    "compoundNodes": [
                        {
                            "nodeName": "change_range",
                            "nodeType": "Core::Math::change_range",
                            "metadata": [
                                {
                                    "metaName": "DisplayMode",
                                    "metaType": "string",
                                    "metaValue": "2"
                                },
                                {
                                    "metaName": "zValue",
                                    "metaType": "string",
                                    "metaValue": "44.000000"
                                },
                                {
                                    "metaName": "LayoutPos",
                                    "metaType": "string",
                                    "metaValue": "144 37"
                                }
                            ]
                        },
                        {
                            "nodeName": "array_bounds",
                            "nodeType": "Core::Array::array_bounds",
                            "metadata": [
                                {
                                    "metaName": "DisplayMode",
                                    "metaType": "string",
                                    "metaValue": "2"
                                },
                                {
                                    "metaName": "zValue",
                                    "metaType": "string",
                                    "metaValue": "54.000000"
                                },
                                {
                                    "metaName": "LayoutPos",
                                    "metaType": "string",
                                    "metaValue": "-255 -100"
                                }
                            ]
                        },
                        {
                            "nodeName": "value",
                            "valueType": "float",
                            "metadata": [
                                {
                                    "metaName": "DisplayMode",
                                    "metaType": "string",
                                    "metaValue": "2"
                                },
                                {
                                    "metaName": "zValue",
                                    "metaType": "string",
                                    "metaValue": "53.000000"
                                },
                                {
                                    "metaName": "LayoutPos",
                                    "metaType": "string",
                                    "metaValue": "-267 271"
                                }
                            ]
                        }
                    ],
                    "connections": [
                        {
                            "source": "change_range.result",
                            "target": ".result"
                        },
                        {
                            "source": "array_bounds.min_bound",
                            "target": "change_range.from_start"
                        },
                        {
                            "source": "array_bounds.max_bound",
                            "target": "change_range.from_end"
                        },
                        {
                            "source": "value.output",
                            "target": "change_range.to_end"
                        },
                        {
                            "source": ".array_in",
                            "target": "change_range.value"
                        },
                        {
                            "source": ".array_in",
                            "target": "array_bounds.array"
                        },
                        {
                            "source": ".to_start",
                            "target": "change_range.to_start"
                        },
                        {
                            "source": ".to_end",
                            "target": "value.value"
                        },
                        {
                            "source": ".clamp",
                            "target": "change_range.clamp"
                        }
                    ],
                    "values": [
                        {
                            "valueName": "change_range.clamp",
                            "valueType": "bool",
                            "value": "true"
                        },
                        {
                            "valueName": "value.value",
                            "valueType": "float",
                            "value": "1f"
                        }
                    ],
                    "reservedNodeNames": [
                        {
                            "name": "input"
                        },
                        {
                            "name": "output"
                        }
                    ]
                }
            ],
            "compoundNodes": [
                {
                    "nodeName": "range_zero_to_one",
                    "nodeType": "range_zero_to_one",
                    "metadata": [
                        {
                            "metaName": "DisplayMode",
                            "metaType": "string",
                            "metaValue": "2"
                        },
                        {
                            "metaName": "LayoutPos",
                            "metaType": "string",
                            "metaValue": "-90.3514 -405.958"
                        },
                        {
                            "metaName": "zValue",
                            "metaType": "string",
                            "metaValue": "41.000000"
                        }
                    ]
                },
                {
                    "nodeName": "range_zero_to_one1",
                    "nodeType": "range_zero_to_one1",
                    "metadata": [
                        {
                            "metaName": "DisplayMode",
                            "metaType": "string",
                            "metaValue": "2"
                        },
                        {
                            "metaName": "LayoutPos",
                            "metaType": "string",
                            "metaValue": "-55.6431 166.521"
                        },
                        {
                            "metaName": "zValue",
                            "metaType": "string",
                            "metaValue": "38.000000"
                        }
                    ]
                },
                {
                    "nodeName": "value1",
                    "valueType": "float",
                    "metadata": [
                        {
                            "metaName": "DisplayMode",
                            "metaType": "string",
                            "metaValue": "2"
                        },
                        {
                            "metaName": "LayoutPos",
                            "metaType": "string",
                            "metaValue": "563.497 -899.558"
                        },
                        {
                            "metaName": "zValue",
                            "metaType": "string",
                            "metaValue": "37.000000"
                        }
                    ]
                },
                {
                    "nodeName": "subtract",
                    "nodeType": "Core::Math::subtract",
                    "multiInPortNames": [
                        "output1",
                        "result"
                    ],
                    "metadata": [
                        {
                            "metaName": "DisplayMode",
                            "metaType": "string",
                            "metaValue": "2"
                        },
                        {
                            "metaName": "LayoutPos",
                            "metaType": "string",
                            "metaValue": "1602.56 -539.441"
                        },
                        {
                            "metaName": "zValue",
                            "metaType": "string",
                            "metaValue": "31.000000"
                        }
                    ]
                },
                {
                    "nodeName": "subtract1",
                    "nodeType": "Core::Math::subtract",
                    "multiInPortNames": [
                        "output1",
                        "result"
                    ],
                    "metadata": [
                        {
                            "metaName": "DisplayMode",
                            "metaType": "string",
                            "metaValue": "2"
                        },
                        {
                            "metaName": "LayoutPos",
                            "metaType": "string",
                            "metaValue": "887.171 -434.904"
                        },
                        {
                            "metaName": "zValue",
                            "metaType": "string",
                            "metaValue": "34.000000"
                        }
                    ]
                },
                {
                    "nodeName": "divide",
                    "nodeType": "Core::Math::divide",
                    "multiInPortNames": [
                        "output1",
                        "result"
                    ],
                    "metadata": [
                        {
                            "metaName": "DisplayMode",
                            "metaType": "string",
                            "metaValue": "2"
                        },
                        {
                            "metaName": "LayoutPos",
                            "metaType": "string",
                            "metaValue": "1199.49 -229.519"
                        },
                        {
                            "metaName": "zValue",
                            "metaType": "string",
                            "metaValue": "35.000000"
                        }
                    ]
                },
                {
                    "nodeName": "value2",
                    "valueType": "float",
                    "metadata": [
                        {
                            "metaName": "DisplayMode",
                            "metaType": "string",
                            "metaValue": "2"
                        },
                        {
                            "metaName": "LayoutPos",
                            "metaType": "string",
                            "metaValue": "1125.67 -683.144"
                        },
                        {
                            "metaName": "zValue",
                            "metaType": "string",
                            "metaValue": "33.000000"
                        }
                    ]
                },
                {
                    "nodeName": "if",
                    "nodeType": "Core::Logic::if",
                    "metadata": [
                        {
                            "metaName": "DisplayMode",
                            "metaType": "string",
                            "metaValue": "2"
                        },
                        {
                            "metaName": "LayoutPos",
                            "metaType": "string",
                            "metaValue": "280.731 -610.775"
                        },
                        {
                            "metaName": "zValue",
                            "metaType": "string",
                            "metaValue": "40.000000"
                        }
                    ]
                },
                {
                    "nodeName": "value",
                    "valueType": "bool",
                    "metadata": [
                        {
                            "metaName": "DisplayMode",
                            "metaType": "string",
                            "metaValue": "2"
                        },
                        {
                            "metaName": "LayoutPos",
                            "metaType": "string",
                            "metaValue": "-637.571 -728.815"
                        },
                        {
                            "metaName": "zValue",
                            "metaType": "string",
                            "metaValue": "36.000000"
                        }
                    ]
                },
                {
                    "nodeName": "if1",
                    "nodeType": "Core::Logic::if",
                    "metadata": [
                        {
                            "metaName": "DisplayMode",
                            "metaType": "string",
                            "metaValue": "2"
                        },
                        {
                            "metaName": "LayoutPos",
                            "metaType": "string",
                            "metaValue": "348.894 -13.5434"
                        },
                        {
                            "metaName": "zValue",
                            "metaType": "string",
                            "metaValue": "39.000000"
                        }
                    ]
                }
            ],
            "connections": [
                {
                    "source": "subtract.output",
                    "target": ".screen_out"
                },
                {
                    "source": "value1.output",
                    "target": "subtract1.first.output1"
                },
                {
                    "source": "subtract1.output",
                    "target": "divide.first.output1"
                },
                {
                    "source": "divide.output",
                    "target": "subtract.first.result"
                },
                {
                    "source": "value2.output",
                    "target": "subtract.first.output1"
                },
                {
                    "source": ".base_A_in",
                    "target": "range_zero_to_one.array_in"
                },
                {
                    "source": ".blend_B_in",
                    "target": "range_zero_to_one1.array_in"
                },
                {
                    "source": "value.output",
                    "target": "if.condition"
                },
                {
                    "source": ".zero_one_range",
                    "target": "value.value"
                },
                {
                    "source": "value.output",
                    "target": "if1.condition"
                },
                {
                    "source": "range_zero_to_one.result",
                    "target": "if.true_case"
                },
                {
                    "source": "range_zero_to_one1.result",
                    "target": "if1.true_case"
                },
                {
                    "source": ".base_A_in",
                    "target": "if.false_case"
                },
                {
                    "source": ".blend_B_in",
                    "target": "if1.false_case"
                },
                {
                    "source": "if.output",
                    "target": "subtract1.first.result"
                },
                {
                    "source": "if1.output",
                    "target": "divide.first.result"
                }
            ],
            "values": [
                {
                    "valueName": "range_zero_to_one.to_end",
                    "valueType": "float",
                    "value": "1f"
                },
                {
                    "valueName": "range_zero_to_one.clamp",
                    "valueType": "bool",
                    "value": "true"
                },
                {
                    "valueName": "range_zero_to_one1.to_end",
                    "valueType": "float",
                    "value": "1f"
                },
                {
                    "valueName": "range_zero_to_one1.clamp",
                    "valueType": "bool",
                    "value": "true"
                },
                {
                    "valueName": "value1.value",
                    "valueType": "float",
                    "value": "1f"
                },
                {
                    "valueName": "value2.value",
                    "valueType": "float",
                    "value": "1f"
                },
                {
                    "valueName": "value.value",
                    "valueType": "bool",
                    "value": "true"
                }
            ],
            "reservedNodeNames": [
                {
                    "name": "input"
                },
                {
                    "name": "output"
                }
            ]
        }
    ]
}
