{
    "header": {
        "metadata": [
            {
                "metaName": "adskFileFormatVersion",
                "metaValue": "100L"
            }
        ]
    },
    "namespaces": [],
    "types": [],
    "compounds": [
        {
            "name": "User::Compounds::Cordate_Two_pr_II",
            "uriImported": "stream:/bifrostGraphShape1",
            "metadata": [
                {
                    "metaName": "io_nodes",
                    "metadata": [
                        {
                            "metaName": "io_inodes",
                            "metadata": [
                                {
                                    "metaName": "input",
                                    "metadata": [
                                        {
                                            "metaName": "DisplayMode",
                                            "metaType": "string",
                                            "metaValue": "2"
                                        },
                                        {
                                            "metaName": "LayoutPos",
                                            "metaType": "string",
                                            "metaValue": "-399 21"
                                        },
                                        {
                                            "metaName": "zValue",
                                            "metaType": "string",
                                            "metaValue": "40.000000"
                                        },
                                        {
                                            "metaName": "io_ports",
                                            "metadata": [
                                                {
                                                    "metaName": "silhouette_in"
                                                },
                                                {
                                                    "metaName": "cordate_width"
                                                },
                                                {
                                                    "metaName": "cordate_height"
                                                },
                                                {
                                                    "metaName": "line_color"
                                                },
                                                {
                                                    "metaName": "apex"
                                                },
                                                {
                                                    "metaName": "apex_damp"
                                                }
                                            ]
                                        }
                                    ]
                                }
                            ]
                        },
                        {
                            "metaName": "io_onodes",
                            "metadata": [
                                {
                                    "metaName": "output",
                                    "metadata": [
                                        {
                                            "metaName": "DisplayMode",
                                            "metaType": "string",
                                            "metaValue": "2"
                                        },
                                        {
                                            "metaName": "LayoutPos",
                                            "metaType": "string",
                                            "metaValue": "5342 4"
                                        },
                                        {
                                            "metaName": "zValue",
                                            "metaType": "string",
                                            "metaValue": "45.000000"
                                        },
                                        {
                                            "metaName": "io_ports",
                                            "metadata": [
                                                {
                                                    "metaName": "out_geometry"
                                                },
                                                {
                                                    "metaName": "midrib_points"
                                                }
                                            ]
                                        }
                                    ]
                                }
                            ]
                        }
                    ]
                },
                {
                    "metaName": "_recentNode_",
                    "metaType": "string",
                    "metaValue": "BifrostGraph,Core::Math,change_range"
                },
                {
                    "metaName": "_recentNode_",
                    "metaType": "string",
                    "metaValue": "BifrostGraph,Core::Array,array_bounds"
                },
                {
                    "metaName": "_recentNode_",
                    "metaType": "string",
                    "metaValue": "BifrostGraph,Core::Math,multiply"
                },
                {
                    "metaName": "_recentNode_",
                    "metaType": "string",
                    "metaValue": "BifrostGraph,Core::Conversion,scalar_to_vector3"
                },
                {
                    "metaName": "_recentNode_",
                    "metaType": "string",
                    "metaValue": "BifrostGraph,Core::Conversion,vector3_to_scalar"
                },
                {
                    "metaName": "ViewportRect",
                    "metaType": "string",
                    "metaValue": "-407.343 -0.570879 797.018 536.938"
                },
                {
                    "metaName": "DisplayMode",
                    "metaType": "string",
                    "metaValue": "2"
                },
                {
                    "metaName": "LayoutPos",
                    "metaType": "string",
                    "metaValue": "-791.955 -792.371"
                },
                {
                    "metaName": "zValue",
                    "metaType": "string",
                    "metaValue": "108.000000"
                }
            ],
            "terminalStates": [
                {
                    "name": "Core::Graph::terminal::final",
                    "enabled": "true"
                },
                {
                    "name": "Core::Graph::terminal::proxy",
                    "enabled": "true"
                },
                {
                    "name": "Core::Graph::terminal::diagnostic",
                    "enabled": "true"
                }
            ],
            "ports": [
                {
                    "portName": "silhouette_in",
                    "portDirection": "input",
                    "portDefaultType": "Object",
                    "portDefault": {}
                },
                {
                    "portName": "out_geometry",
                    "portDirection": "output",
                    "portType": "Object"
                },
                {
                    "portName": "cordate_width",
                    "portDirection": "input",
                    "portType": "float",
                    "portDefault": "0.427899987f"
                },
                {
                    "portName": "cordate_height",
                    "portDirection": "input",
                    "portType": "float",
                    "portDefault": "0.587899983f"
                },
                {
                    "portName": "midrib_points",
                    "portDirection": "output"
                },
                {
                    "portName": "line_color",
                    "portDirection": "input",
                    "portType": "Math::float3",
                    "portDefault": {
                        "x": "0.638127983f",
                        "y": "1.17517996f",
                        "z": "0.284621f"
                    },
                    "metadata": [
                        {
                            "metaName": "UIWidget",
                            "metaType": "string",
                            "metaValue": "ColorPicker"
                        }
                    ]
                },
                {
                    "portName": "apex",
                    "portDirection": "input",
                    "portType": "bool",
                    "portDefault": "false"
                },
                {
                    "portName": "apex_damp",
                    "portDirection": "input",
                    "portType": "Math::FCurve",
                    "portDefault": {
                        "version": "1",
                        "preExtrapolation": "0",
                        "postExtrapolation": "0",
                        "points": [
                            {
                                "point": {
                                    "locked": "1",
                                    "interpolation": "2",
                                    "pcn": {
                                        "xp": "0.0010629999999999999",
                                        "yp": "0.0059459999999999999",
                                        "x": "0.30957400000000002",
                                        "y": "0.0097300000000000008",
                                        "xn": "0.618085",
                                        "yn": "0.013514"
                                    }
                                }
                            },
                            {
                                "point": {
                                    "locked": "1",
                                    "interpolation": "2",
                                    "pcn": {
                                        "xp": "0.40425499999999998",
                                        "yp": "0.66864800000000002",
                                        "x": "1.012767",
                                        "y": "0.66918900000000003",
                                        "xn": "1.6212789999999999",
                                        "yn": "0.66973000000000005"
                                    }
                                }
                            }
                        ]
                    }
                }
            ],
            "compounds": [
                {
                    "name": "symmetry_for_vis",
                    "uriImported": "stream:/bifrostGraphShape1",
                    "metadata": [
                        {
                            "metaName": "io_nodes",
                            "metadata": [
                                {
                                    "metaName": "io_inodes",
                                    "metadata": [
                                        {
                                            "metaName": "input",
                                            "metadata": [
                                                {
                                                    "metaName": "DisplayMode",
                                                    "metaType": "string",
                                                    "metaValue": "2"
                                                },
                                                {
                                                    "metaName": "LayoutPos",
                                                    "metaType": "string",
                                                    "metaValue": "-747.76 -36.6378"
                                                },
                                                {
                                                    "metaName": "zValue",
                                                    "metaType": "string",
                                                    "metaValue": "31.000000"
                                                },
                                                {
                                                    "metaName": "io_ports",
                                                    "metadata": [
                                                        {
                                                            "metaName": "input"
                                                        }
                                                    ]
                                                }
                                            ]
                                        }
                                    ]
                                },
                                {
                                    "metaName": "io_onodes",
                                    "metadata": [
                                        {
                                            "metaName": "output",
                                            "metadata": [
                                                {
                                                    "metaName": "DisplayMode",
                                                    "metaType": "string",
                                                    "metaValue": "2"
                                                },
                                                {
                                                    "metaName": "LayoutPos",
                                                    "metaType": "string",
                                                    "metaValue": "1267.19 -28.6758"
                                                },
                                                {
                                                    "metaName": "zValue",
                                                    "metaType": "string",
                                                    "metaValue": "38.000000"
                                                },
                                                {
                                                    "metaName": "io_ports",
                                                    "metadata": [
                                                        {
                                                            "metaName": "out_strands"
                                                        },
                                                        {
                                                            "metaName": "out_points"
                                                        }
                                                    ]
                                                }
                                            ]
                                        }
                                    ]
                                }
                            ]
                        },
                        {
                            "metaName": "DisplayMode",
                            "metaType": "string",
                            "metaValue": "2"
                        },
                        {
                            "metaName": "LayoutPos",
                            "metaType": "string",
                            "metaValue": "3896.74 1004.78"
                        },
                        {
                            "metaName": "zValue",
                            "metaType": "string",
                            "metaValue": "79.000000"
                        },
                        {
                            "metaName": "ViewportRect",
                            "metaType": "string",
                            "metaValue": "418.137 -533.772 1204.46 1444.71"
                        }
                    ],
                    "ports": [
                        {
                            "portName": "input",
                            "portDirection": "input"
                        },
                        {
                            "portName": "out_strands",
                            "portDirection": "output"
                        },
                        {
                            "portName": "out_points",
                            "portDirection": "output"
                        }
                    ],
                    "compoundNodes": [
                        {
                            "nodeName": "build_array",
                            "nodeType": "Core::Array::build_array",
                            "multiInPortNames": [
                                "output",
                                "vector3",
                                "first1"
                            ],
                            "metadata": [
                                {
                                    "metaName": "DisplayMode",
                                    "metaType": "string",
                                    "metaValue": "2"
                                },
                                {
                                    "metaName": "LayoutPos",
                                    "metaType": "string",
                                    "metaValue": "665.711 70.9745"
                                },
                                {
                                    "metaName": "zValue",
                                    "metaType": "string",
                                    "metaValue": "32.000000"
                                }
                            ]
                        },
                        {
                            "nodeName": "construct_strands",
                            "nodeType": "Geometry::Strands::construct_strands",
                            "metadata": [
                                {
                                    "metaName": "DisplayMode",
                                    "metaType": "string",
                                    "metaValue": "2"
                                },
                                {
                                    "metaName": "LayoutPos",
                                    "metaType": "string",
                                    "metaValue": "975.025 -163.721"
                                },
                                {
                                    "metaName": "zValue",
                                    "metaType": "string",
                                    "metaValue": "39.000000"
                                }
                            ]
                        },
                        {
                            "nodeName": "first_in_array",
                            "nodeType": "Core::Array::first_in_array",
                            "metadata": [
                                {
                                    "metaName": "DisplayMode",
                                    "metaType": "string",
                                    "metaValue": "2"
                                },
                                {
                                    "metaName": "LayoutPos",
                                    "metaType": "string",
                                    "metaValue": "419.611 404.259"
                                },
                                {
                                    "metaName": "zValue",
                                    "metaType": "string",
                                    "metaValue": "33.000000"
                                }
                            ]
                        },
                        {
                            "nodeName": "negate",
                            "nodeType": "Core::Math::negate",
                            "metadata": [
                                {
                                    "metaName": "DisplayMode",
                                    "metaType": "string",
                                    "metaValue": "2"
                                },
                                {
                                    "metaName": "LayoutPos",
                                    "metaType": "string",
                                    "metaValue": "-169.689 143.81"
                                },
                                {
                                    "metaName": "zValue",
                                    "metaType": "string",
                                    "metaValue": "36.000000"
                                }
                            ]
                        },
                        {
                            "nodeName": "negate1",
                            "nodeType": "Core::Math::negate",
                            "metadata": [
                                {
                                    "metaName": "DisplayMode",
                                    "metaType": "string",
                                    "metaValue": "2"
                                },
                                {
                                    "metaName": "LayoutPos",
                                    "metaType": "string",
                                    "metaValue": "-154.799 482.019"
                                },
                                {
                                    "metaName": "zValue",
                                    "metaType": "string",
                                    "metaValue": "37.000000"
                                }
                            ]
                        },
                        {
                            "nodeName": "reverse_array",
                            "nodeType": "Core::Array::reverse_array",
                            "metadata": [
                                {
                                    "metaName": "DisplayMode",
                                    "metaType": "string",
                                    "metaValue": "2"
                                },
                                {
                                    "metaName": "LayoutPos",
                                    "metaType": "string",
                                    "metaValue": "376.071 197.8"
                                },
                                {
                                    "metaName": "zValue",
                                    "metaType": "string",
                                    "metaValue": "34.000000"
                                }
                            ]
                        },
                        {
                            "nodeName": "scalar_to_vector4",
                            "nodeType": "Core::Conversion::scalar_to_vector3",
                            "metadata": [
                                {
                                    "metaName": "DisplayMode",
                                    "metaType": "string",
                                    "metaValue": "2"
                                },
                                {
                                    "metaName": "LayoutPos",
                                    "metaType": "string",
                                    "metaValue": "88.1709 221.437"
                                },
                                {
                                    "metaName": "zValue",
                                    "metaType": "string",
                                    "metaValue": "35.000000"
                                }
                            ]
                        },
                        {
                            "nodeName": "vector3_to_scalar2",
                            "nodeType": "Core::Conversion::vector3_to_scalar",
                            "metadata": [
                                {
                                    "metaName": "DisplayMode",
                                    "metaType": "string",
                                    "metaValue": "2"
                                },
                                {
                                    "metaName": "LayoutPos",
                                    "metaType": "string",
                                    "metaValue": "-426.902 234.833"
                                },
                                {
                                    "metaName": "zValue",
                                    "metaType": "string",
                                    "metaValue": "40.000000"
                                }
                            ]
                        }
                    ],
                    "connections": [
                        {
                            "source": ".input",
                            "target": "build_array.first.output"
                        },
                        {
                            "source": "reverse_array.reversed",
                            "target": "build_array.first.vector3"
                        },
                        {
                            "source": "first_in_array.first",
                            "target": "build_array.first.first1"
                        },
                        {
                            "source": "build_array.array",
                            "target": "construct_strands.point_position"
                        },
                        {
                            "source": "construct_strands.strands",
                            "target": ".out_strands"
                        },
                        {
                            "source": ".input",
                            "target": "first_in_array.array"
                        },
                        {
                            "source": "vector3_to_scalar2.x",
                            "target": "negate.value"
                        },
                        {
                            "source": "negate.negated",
                            "target": "scalar_to_vector4.x"
                        },
                        {
                            "source": "vector3_to_scalar2.z",
                            "target": "negate1.value"
                        },
                        {
                            "source": "scalar_to_vector4.vector3",
                            "target": "reverse_array.array"
                        },
                        {
                            "source": "vector3_to_scalar2.y",
                            "target": "scalar_to_vector4.y"
                        },
                        {
                            "source": "vector3_to_scalar2.z",
                            "target": "scalar_to_vector4.z"
                        },
                        {
                            "source": ".input",
                            "target": "vector3_to_scalar2.vector3"
                        },
                        {
                            "source": "build_array.array",
                            "target": ".out_points"
                        }
                    ],
                    "values": [],
                    "reservedNodeNames": [
                        {
                            "name": "input"
                        },
                        {
                            "name": "output"
                        }
                    ]
                },
                {
                    "name": "midrib_resampler",
                    "uriImported": "stream:/bifrostGraphShape1",
                    "metadata": [
                        {
                            "metaName": "io_nodes",
                            "metadata": [
                                {
                                    "metaName": "io_inodes",
                                    "metadata": [
                                        {
                                            "metaName": "input",
                                            "metadata": [
                                                {
                                                    "metaName": "DisplayMode",
                                                    "metaType": "string",
                                                    "metaValue": "2"
                                                },
                                                {
                                                    "metaName": "LayoutPos",
                                                    "metaType": "string",
                                                    "metaValue": "-449.5 -61"
                                                },
                                                {
                                                    "metaName": "zValue",
                                                    "metaType": "string",
                                                    "metaValue": "31.000000"
                                                },
                                                {
                                                    "metaName": "io_ports",
                                                    "metadata": [
                                                        {
                                                            "metaName": "output"
                                                        }
                                                    ]
                                                }
                                            ]
                                        }
                                    ]
                                },
                                {
                                    "metaName": "io_onodes",
                                    "metadata": [
                                        {
                                            "metaName": "output",
                                            "metadata": [
                                                {
                                                    "metaName": "DisplayMode",
                                                    "metaType": "string",
                                                    "metaValue": "2"
                                                },
                                                {
                                                    "metaName": "LayoutPos",
                                                    "metaType": "string",
                                                    "metaValue": "1766.17 -375.634"
                                                },
                                                {
                                                    "metaName": "zValue",
                                                    "metaType": "string",
                                                    "metaValue": "39.000000"
                                                },
                                                {
                                                    "metaName": "io_ports",
                                                    "metadata": [
                                                        {
                                                            "metaName": "midrib"
                                                        },
                                                        {
                                                            "metaName": "midrib_points"
                                                        }
                                                    ]
                                                }
                                            ]
                                        }
                                    ]
                                }
                            ]
                        },
                        {
                            "metaName": "_recentNode_",
                            "metaType": "string",
                            "metaValue": "BifrostGraph,Geometry::Properties,get_point_position"
                        },
                        {
                            "metaName": "_recentNode_",
                            "metaType": "string",
                            "metaValue": "BifrostGraph,Core::Array,array_size"
                        },
                        {
                            "metaName": "_recentNode_",
                            "metaType": "string",
                            "metaValue": "BifrostGraph,Core::Any,any_array_size"
                        },
                        {
                            "metaName": "_recentNode_",
                            "metaType": "string",
                            "metaValue": "BifrostGraph,Geometry::Strands,resample_strands"
                        },
                        {
                            "metaName": "_recentNode_",
                            "metaType": "string",
                            "metaValue": "BifrostGraph,Core::Array,resize_array"
                        },
                        {
                            "metaName": "ViewportRect",
                            "metaType": "string",
                            "metaValue": "24.7321 -890.339 1603.13 1368"
                        }
                    ],
                    "ports": [
                        {
                            "portName": "output",
                            "portDirection": "input"
                        },
                        {
                            "portName": "midrib",
                            "portDirection": "output"
                        },
                        {
                            "portName": "midrib_points",
                            "portDirection": "output"
                        }
                    ],
                    "compoundNodes": [
                        {
                            "nodeName": "build_array",
                            "nodeType": "Core::Array::build_array",
                            "multiInPortNames": [
                                "first1",
                                "last"
                            ],
                            "metadata": [
                                {
                                    "metaName": "DisplayMode",
                                    "metaType": "string",
                                    "metaValue": "2"
                                },
                                {
                                    "metaName": "zValue",
                                    "metaType": "string",
                                    "metaValue": "48.000000"
                                },
                                {
                                    "metaName": "LayoutPos",
                                    "metaType": "string",
                                    "metaValue": "687.699 -352.013"
                                }
                            ]
                        },
                        {
                            "nodeName": "construct_strands",
                            "nodeType": "Geometry::Strands::construct_strands",
                            "metadata": [
                                {
                                    "metaName": "DisplayMode",
                                    "metaType": "string",
                                    "metaValue": "2"
                                },
                                {
                                    "metaName": "zValue",
                                    "metaType": "string",
                                    "metaValue": "43.000000"
                                },
                                {
                                    "metaName": "LayoutPos",
                                    "metaType": "string",
                                    "metaValue": "956.291 -534.633"
                                }
                            ]
                        },
                        {
                            "nodeName": "first_in_array",
                            "nodeType": "Core::Array::first_in_array",
                            "metadata": [
                                {
                                    "metaName": "DisplayMode",
                                    "metaType": "string",
                                    "metaValue": "2"
                                },
                                {
                                    "metaName": "zValue",
                                    "metaType": "string",
                                    "metaValue": "50.000000"
                                },
                                {
                                    "metaName": "LayoutPos",
                                    "metaType": "string",
                                    "metaValue": "354.789 -390.897"
                                }
                            ]
                        },
                        {
                            "nodeName": "last_in_array",
                            "nodeType": "Core::Array::last_in_array",
                            "metadata": [
                                {
                                    "metaName": "DisplayMode",
                                    "metaType": "string",
                                    "metaValue": "2"
                                },
                                {
                                    "metaName": "zValue",
                                    "metaType": "string",
                                    "metaValue": "51.000000"
                                },
                                {
                                    "metaName": "LayoutPos",
                                    "metaType": "string",
                                    "metaValue": "356.164 -181.989"
                                }
                            ]
                        },
                        {
                            "nodeName": "pass",
                            "nodeType": "Core::Graph::pass",
                            "metadata": [
                                {
                                    "metaName": "DisplayMode",
                                    "metaType": "string",
                                    "metaValue": "2"
                                },
                                {
                                    "metaName": "zValue",
                                    "metaType": "string",
                                    "metaValue": "46.000000"
                                },
                                {
                                    "metaName": "LayoutPos",
                                    "metaType": "string",
                                    "metaValue": "-7.2334 -317.021"
                                }
                            ]
                        },
                        {
                            "nodeName": "resample_strands",
                            "nodeType": "Geometry::Strands::resample_strands",
                            "metadata": [
                                {
                                    "metaName": "DisplayMode",
                                    "metaType": "string",
                                    "metaValue": "2"
                                },
                                {
                                    "metaName": "PortExpandedState",
                                    "metadata": [
                                        {
                                            "metaName": "Constant Count Resample",
                                            "metaType": "string",
                                            "metaValue": "1"
                                        }
                                    ]
                                },
                                {
                                    "metaName": "LayoutPos",
                                    "metaType": "string",
                                    "metaValue": "1230.55 -248.368"
                                },
                                {
                                    "metaName": "zValue",
                                    "metaType": "string",
                                    "metaValue": "37.000000"
                                }
                            ]
                        },
                        {
                            "nodeName": "array_size",
                            "nodeType": "Core::Array::array_size",
                            "metadata": [
                                {
                                    "metaName": "DisplayMode",
                                    "metaType": "string",
                                    "metaValue": "2"
                                },
                                {
                                    "metaName": "LayoutPos",
                                    "metaType": "string",
                                    "metaValue": "854.324 40.9072"
                                },
                                {
                                    "metaName": "zValue",
                                    "metaType": "string",
                                    "metaValue": "38.000000"
                                }
                            ]
                        },
                        {
                            "nodeName": "get_point_position",
                            "nodeType": "Geometry::Properties::get_point_position",
                            "metadata": [
                                {
                                    "metaName": "DisplayMode",
                                    "metaType": "string",
                                    "metaValue": "2"
                                },
                                {
                                    "metaName": "LayoutPos",
                                    "metaType": "string",
                                    "metaValue": "1501.79 -263.867"
                                },
                                {
                                    "metaName": "zValue",
                                    "metaType": "string",
                                    "metaValue": "40.000000"
                                }
                            ]
                        }
                    ],
                    "connections": [
                        {
                            "source": "build_array.array",
                            "target": "construct_strands.point_position"
                        },
                        {
                            "source": "pass.output",
                            "target": "first_in_array.array"
                        },
                        {
                            "source": "pass.output",
                            "target": "last_in_array.array"
                        },
                        {
                            "source": ".output",
                            "target": "pass.input"
                        },
                        {
                            "source": "construct_strands.strands",
                            "target": "resample_strands.strands"
                        },
                        {
                            "source": "pass.output",
                            "target": "array_size.array"
                        },
                        {
                            "source": "array_size.size",
                            "target": "resample_strands.constant_count"
                        },
                        {
                            "source": "resample_strands.resampled_strands",
                            "target": "get_point_position.geometry"
                        },
                        {
                            "source": "get_point_position.point_position",
                            "target": ".midrib_points"
                        },
                        {
                            "source": "resample_strands.resampled_strands",
                            "target": ".midrib"
                        },
                        {
                            "source": "first_in_array.first",
                            "target": "build_array.first.first1"
                        },
                        {
                            "source": "last_in_array.last",
                            "target": "build_array.first.last"
                        }
                    ],
                    "values": [
                        {
                            "valueName": "resample_strands.spatial_resample",
                            "valueType": "bool",
                            "value": "false"
                        },
                        {
                            "valueName": "resample_strands.distance_per_strand",
                            "valueType": "array<float>",
                            "value": []
                        },
                        {
                            "valueName": "resample_strands.minimum_resample_distance",
                            "valueType": "float",
                            "value": "0.00100000005f"
                        }
                    ],
                    "reservedNodeNames": [
                        {
                            "name": "input"
                        },
                        {
                            "name": "output"
                        }
                    ]
                }
            ],
            "compoundNodes": [
                {
                    "nodeName": "add1",
                    "nodeType": "Core::Math::add",
                    "multiInPortNames": [
                        "output1",
                        "vector3"
                    ],
                    "metadata": [
                        {
                            "metaName": "DisplayMode",
                            "metaType": "string",
                            "metaValue": "2"
                        },
                        {
                            "metaName": "LayoutPos",
                            "metaType": "string",
                            "metaValue": "1481 18"
                        },
                        {
                            "metaName": "zValue",
                            "metaType": "string",
                            "metaValue": "41.000000"
                        }
                    ]
                },
                {
                    "nodeName": "multiply",
                    "nodeType": "Core::Math::multiply",
                    "multiInPortNames": [
                        "negated",
                        "x",
                        "output1"
                    ],
                    "metadata": [
                        {
                            "metaName": "DisplayMode",
                            "metaType": "string",
                            "metaValue": "2"
                        },
                        {
                            "metaName": "LayoutPos",
                            "metaType": "string",
                            "metaValue": "1108 -43"
                        },
                        {
                            "metaName": "zValue",
                            "metaType": "string",
                            "metaValue": "31.000000"
                        }
                    ]
                },
                {
                    "nodeName": "negate1",
                    "nodeType": "Core::Math::negate",
                    "metadata": [
                        {
                            "metaName": "DisplayMode",
                            "metaType": "string",
                            "metaValue": "2"
                        },
                        {
                            "metaName": "LayoutPos",
                            "metaType": "string",
                            "metaValue": "691 -311"
                        },
                        {
                            "metaName": "zValue",
                            "metaType": "string",
                            "metaValue": "32.000000"
                        }
                    ]
                },
                {
                    "nodeName": "scalar_to_vector3",
                    "nodeType": "Core::Conversion::scalar_to_vector3",
                    "metadata": [
                        {
                            "metaName": "DisplayMode",
                            "metaType": "string",
                            "metaValue": "2"
                        },
                        {
                            "metaName": "LayoutPos",
                            "metaType": "string",
                            "metaValue": "1198 211"
                        },
                        {
                            "metaName": "zValue",
                            "metaType": "string",
                            "metaValue": "34.000000"
                        }
                    ]
                },
                {
                    "nodeName": "set_point_position",
                    "nodeType": "Geometry::Properties::set_point_position",
                    "metadata": [
                        {
                            "metaName": "DisplayMode",
                            "metaType": "string",
                            "metaValue": "2"
                        },
                        {
                            "metaName": "LayoutPos",
                            "metaType": "string",
                            "metaValue": "1973 44"
                        },
                        {
                            "metaName": "zValue",
                            "metaType": "string",
                            "metaValue": "42.000000"
                        }
                    ]
                },
                {
                    "nodeName": "update_strands_basis1",
                    "nodeType": "Geometry::Strands::update_strands_basis",
                    "terminalStates": [
                        {
                            "name": "Core::Graph::terminal::final",
                            "enabled": "true"
                        },
                        {
                            "name": "Core::Graph::terminal::proxy",
                            "enabled": "true"
                        },
                        {
                            "name": "Core::Graph::terminal::diagnostic",
                            "enabled": "false"
                        }
                    ],
                    "metadata": [
                        {
                            "metaName": "DisplayMode",
                            "metaType": "string",
                            "metaValue": "2"
                        },
                        {
                            "metaName": "LayoutPos",
                            "metaType": "string",
                            "metaValue": "46 519"
                        },
                        {
                            "metaName": "zValue",
                            "metaType": "string",
                            "metaValue": "37.000000"
                        }
                    ]
                },
                {
                    "nodeName": "value4",
                    "valueType": "Math::float3",
                    "metadata": [
                        {
                            "metaName": "DisplayMode",
                            "metaType": "string",
                            "metaValue": "2"
                        },
                        {
                            "metaName": "PortExpandedState",
                            "metadata": [
                                {
                                    "metaName": "value",
                                    "metaType": "string",
                                    "metaValue": "1"
                                }
                            ]
                        },
                        {
                            "metaName": "LayoutPos",
                            "metaType": "string",
                            "metaValue": "434 0"
                        },
                        {
                            "metaName": "zValue",
                            "metaType": "string",
                            "metaValue": "36.000000"
                        }
                    ]
                },
                {
                    "nodeName": "vector3_to_scalar",
                    "nodeType": "Core::Conversion::vector3_to_scalar",
                    "metadata": [
                        {
                            "metaName": "DisplayMode",
                            "metaType": "string",
                            "metaValue": "2"
                        },
                        {
                            "metaName": "LayoutPos",
                            "metaType": "string",
                            "metaValue": "665.132 232.646"
                        },
                        {
                            "metaName": "zValue",
                            "metaType": "string",
                            "metaValue": "67.000000"
                        }
                    ]
                },
                {
                    "nodeName": "terminal",
                    "nodeType": "Core::Graph::terminal",
                    "fanInPortNames": {
                        "final": [],
                        "proxy": [],
                        "diagnostic": [
                            "out_geometry1",
                            "strands"
                        ]
                    },
                    "terminalStates": [
                        {
                            "name": "Core::Graph::terminal::final",
                            "enabled": "false"
                        },
                        {
                            "name": "Core::Graph::terminal::proxy",
                            "enabled": "false"
                        },
                        {
                            "name": "Core::Graph::terminal::diagnostic",
                            "enabled": "true"
                        }
                    ],
                    "metadata": [
                        {
                            "metaName": "DisplayMode",
                            "metaType": "string",
                            "metaValue": "2"
                        },
                        {
                            "metaName": "PortExpandedState",
                            "metadata": [
                                {
                                    "metaName": "diagnostic",
                                    "metaType": "string",
                                    "metaValue": "1"
                                }
                            ]
                        },
                        {
                            "metaName": "LayoutPos",
                            "metaType": "string",
                            "metaValue": "5600 -847"
                        },
                        {
                            "metaName": "zValue",
                            "metaType": "string",
                            "metaValue": "43.000000"
                        }
                    ]
                },
                {
                    "nodeName": "symmetry_for_vis",
                    "nodeType": "symmetry_for_vis",
                    "metadata": [
                        {
                            "metaName": "DisplayMode",
                            "metaType": "string",
                            "metaValue": "2"
                        },
                        {
                            "metaName": "NodeWidthOffset",
                            "metaType": "string",
                            "metaValue": "-37.7027"
                        },
                        {
                            "metaName": "zValue",
                            "metaType": "string",
                            "metaValue": "74.000000"
                        },
                        {
                            "metaName": "LayoutPos",
                            "metaType": "string",
                            "metaValue": "4637.39 -617.062"
                        }
                    ]
                },
                {
                    "nodeName": "set_point_position1",
                    "nodeType": "Geometry::Properties::set_point_position",
                    "metadata": [
                        {
                            "metaName": "DisplayMode",
                            "metaType": "string",
                            "metaValue": "2"
                        },
                        {
                            "metaName": "zValue",
                            "metaType": "string",
                            "metaValue": "72.000000"
                        },
                        {
                            "metaName": "LayoutPos",
                            "metaType": "string",
                            "metaValue": "4904.97 -641.237"
                        }
                    ]
                },
                {
                    "nodeName": "negate",
                    "nodeType": "Core::Math::negate",
                    "metadata": [
                        {
                            "metaName": "DisplayMode",
                            "metaType": "string",
                            "metaValue": "2"
                        },
                        {
                            "metaName": "LayoutPos",
                            "metaType": "string",
                            "metaValue": "698 -61"
                        },
                        {
                            "metaName": "zValue",
                            "metaType": "string",
                            "metaValue": "33.000000"
                        }
                    ]
                },
                {
                    "nodeName": "get_point_position",
                    "nodeType": "Geometry::Properties::get_point_position",
                    "metadata": [
                        {
                            "metaName": "DisplayMode",
                            "metaType": "string",
                            "metaValue": "2"
                        },
                        {
                            "metaName": "LayoutPos",
                            "metaType": "string",
                            "metaValue": "-29 -127"
                        },
                        {
                            "metaName": "zValue",
                            "metaType": "string",
                            "metaValue": "35.000000"
                        }
                    ]
                },
                {
                    "nodeName": "midrib_resampler",
                    "nodeType": "midrib_resampler",
                    "metadata": [
                        {
                            "metaName": "DisplayMode",
                            "metaType": "string",
                            "metaValue": "2"
                        },
                        {
                            "metaName": "LayoutPos",
                            "metaType": "string",
                            "metaValue": "2039 -565"
                        },
                        {
                            "metaName": "zValue",
                            "metaType": "string",
                            "metaValue": "38.000000"
                        }
                    ]
                },
                {
                    "nodeName": "assign_diagnostic_material",
                    "nodeType": "Diagnostic::Display::assign_diagnostic_material",
                    "metadata": [
                        {
                            "metaName": "DisplayMode",
                            "metaType": "string",
                            "metaValue": "2"
                        },
                        {
                            "metaName": "LayoutPos",
                            "metaType": "string",
                            "metaValue": "5220 -1021"
                        },
                        {
                            "metaName": "zValue",
                            "metaType": "string",
                            "metaValue": "44.000000"
                        }
                    ]
                },
                {
                    "nodeName": "value5",
                    "valueType": "Math::float3",
                    "metadata": [
                        {
                            "metaName": "DisplayMode",
                            "metaType": "string",
                            "metaValue": "2"
                        },
                        {
                            "metaName": "valuenode_defaultvalue",
                            "metaType": "string",
                            "metaValue": "0"
                        },
                        {
                            "metaName": "valuenode_defaultvalue",
                            "metaType": "string",
                            "metaValue": "1"
                        },
                        {
                            "metaName": "valuenode_defaultvalue",
                            "metaType": "string",
                            "metaValue": "0"
                        },
                        {
                            "metaName": "PortExpandedState",
                            "metadata": [
                                {
                                    "metaName": "value",
                                    "metaType": "string",
                                    "metaValue": "1"
                                }
                            ]
                        },
                        {
                            "metaName": "LayoutPos",
                            "metaType": "string",
                            "metaValue": "3618.91 -1144.35"
                        },
                        {
                            "metaName": "zValue",
                            "metaType": "string",
                            "metaValue": "63.000000"
                        }
                    ]
                },
                {
                    "nodeName": "layout_color_settingL",
                    "nodeType": "User::Compounds::layout_color_settingL",
                    "metadata": [
                        {
                            "metaName": "DisplayMode",
                            "metaType": "string",
                            "metaValue": "2"
                        },
                        {
                            "metaName": "zValue",
                            "metaType": "string",
                            "metaValue": "73.000000"
                        },
                        {
                            "metaName": "LayoutPos",
                            "metaType": "string",
                            "metaValue": "5197.19 -400.775"
                        }
                    ]
                },
                {
                    "nodeName": "get_geo_property",
                    "nodeType": "Geometry::Properties::get_geo_property",
                    "metadata": [
                        {
                            "metaName": "DisplayMode",
                            "metaType": "string",
                            "metaValue": "2"
                        },
                        {
                            "metaName": "LayoutPos",
                            "metaType": "string",
                            "metaValue": "2161 1586"
                        },
                        {
                            "metaName": "zValue",
                            "metaType": "string",
                            "metaValue": "48.000000"
                        },
                        {
                            "metaName": "NodeWidthOffset",
                            "metaType": "string",
                            "metaValue": "0"
                        }
                    ]
                },
                {
                    "nodeName": "set_strands_size_profile",
                    "nodeType": "Modeling::Strands::set_strands_size_profile",
                    "metadata": [
                        {
                            "metaName": "DisplayMode",
                            "metaType": "string",
                            "metaValue": "2"
                        },
                        {
                            "metaName": "zValue",
                            "metaType": "string",
                            "metaValue": "82.000000"
                        },
                        {
                            "metaName": "LayoutPos",
                            "metaType": "string",
                            "metaValue": "1842.87 1660.63"
                        }
                    ]
                },
                {
                    "nodeName": "lerp",
                    "nodeType": "Core::Math::lerp",
                    "metadata": [
                        {
                            "metaName": "DisplayMode",
                            "metaType": "string",
                            "metaValue": "2"
                        },
                        {
                            "metaName": "zValue",
                            "metaType": "string",
                            "metaValue": "77.000000"
                        },
                        {
                            "metaName": "LayoutPos",
                            "metaType": "string",
                            "metaValue": "3330.96 1169.49"
                        }
                    ]
                },
                {
                    "nodeName": "construct_points",
                    "nodeType": "Geometry::Points::construct_points",
                    "metadata": [
                        {
                            "metaName": "DisplayMode",
                            "metaType": "string",
                            "metaValue": "2"
                        },
                        {
                            "metaName": "LayoutPos",
                            "metaType": "string",
                            "metaValue": "3644.79 1155.07"
                        },
                        {
                            "metaName": "zValue",
                            "metaType": "string",
                            "metaValue": "52.000000"
                        }
                    ]
                },
                {
                    "nodeName": "point_scope",
                    "nodeType": "Diagnostic::Display::point_scope",
                    "metadata": [
                        {
                            "metaName": "DisplayMode",
                            "metaType": "string",
                            "metaValue": "2"
                        },
                        {
                            "metaName": "LayoutPos",
                            "metaType": "string",
                            "metaValue": "3978.13 1137.78"
                        },
                        {
                            "metaName": "zValue",
                            "metaType": "string",
                            "metaValue": "62.000000"
                        }
                    ]
                },
                {
                    "nodeName": "terminal1",
                    "nodeType": "Core::Graph::terminal",
                    "fanInPortNames": {
                        "final": [],
                        "proxy": [],
                        "diagnostic": [
                            "diagnostic_geo"
                        ]
                    },
                    "terminalStates": [
                        {
                            "name": "Core::Graph::terminal::final",
                            "enabled": "false"
                        },
                        {
                            "name": "Core::Graph::terminal::proxy",
                            "enabled": "false"
                        },
                        {
                            "name": "Core::Graph::terminal::diagnostic",
                            "enabled": "false"
                        }
                    ],
                    "metadata": [
                        {
                            "metaName": "DisplayMode",
                            "metaType": "string",
                            "metaValue": "2"
                        },
                        {
                            "metaName": "PortExpandedState",
                            "metadata": [
                                {
                                    "metaName": "diagnostic",
                                    "metaType": "string",
                                    "metaValue": "1"
                                }
                            ]
                        },
                        {
                            "metaName": "LayoutPos",
                            "metaType": "string",
                            "metaValue": "4325.07 1014.93"
                        },
                        {
                            "metaName": "zValue",
                            "metaType": "string",
                            "metaValue": "61.000000"
                        }
                    ]
                },
                {
                    "nodeName": "evaluate_fcurve",
                    "nodeType": "Core::FCurve::evaluate_fcurve",
                    "metadata": [
                        {
                            "metaName": "DisplayMode",
                            "metaType": "string",
                            "metaValue": "2"
                        },
                        {
                            "metaName": "zValue",
                            "metaType": "string",
                            "metaValue": "121.000000"
                        },
                        {
                            "metaName": "LayoutPos",
                            "metaType": "string",
                            "metaValue": "2492.28 1422.68"
                        }
                    ]
                },
                {
                    "nodeName": "midrib_resmpled",
                    "nodeType": "Core::Graph::pass",
                    "metadata": [
                        {
                            "metaName": "DisplayMode",
                            "metaType": "string",
                            "metaValue": "2"
                        },
                        {
                            "metaName": "zValue",
                            "metaType": "string",
                            "metaValue": "78.000000"
                        },
                        {
                            "metaName": "LayoutPos",
                            "metaType": "string",
                            "metaValue": "2547.69 965.485"
                        }
                    ]
                },
                {
                    "nodeName": "margin",
                    "nodeType": "Core::Graph::pass",
                    "metadata": [
                        {
                            "metaName": "DisplayMode",
                            "metaType": "string",
                            "metaValue": "2"
                        },
                        {
                            "metaName": "LayoutPos",
                            "metaType": "string",
                            "metaValue": "2536 1187"
                        },
                        {
                            "metaName": "zValue",
                            "metaType": "string",
                            "metaValue": "47.000000"
                        }
                    ]
                },
                {
                    "nodeName": "if",
                    "nodeType": "Core::Logic::if",
                    "metadata": [
                        {
                            "metaName": "DisplayMode",
                            "metaType": "string",
                            "metaValue": "2"
                        },
                        {
                            "metaName": "NodeWidthOffset",
                            "metaType": "string",
                            "metaValue": "0"
                        },
                        {
                            "metaName": "LayoutPos",
                            "metaType": "string",
                            "metaValue": "4062.06 552.61"
                        },
                        {
                            "metaName": "zValue",
                            "metaType": "string",
                            "metaValue": "60.000000"
                        }
                    ]
                },
                {
                    "nodeName": "set_point_position2",
                    "nodeType": "Geometry::Properties::set_point_position",
                    "metadata": [
                        {
                            "metaName": "DisplayMode",
                            "metaType": "string",
                            "metaValue": "2"
                        },
                        {
                            "metaName": "zValue",
                            "metaType": "string",
                            "metaValue": "76.000000"
                        },
                        {
                            "metaName": "LayoutPos",
                            "metaType": "string",
                            "metaValue": "3638.75 796.566"
                        }
                    ]
                },
                {
                    "nodeName": "value",
                    "valueType": "bool",
                    "metadata": [
                        {
                            "metaName": "DisplayMode",
                            "metaType": "string",
                            "metaValue": "2"
                        },
                        {
                            "metaName": "LayoutPos",
                            "metaType": "string",
                            "metaValue": "502 482"
                        },
                        {
                            "metaName": "zValue",
                            "metaType": "string",
                            "metaValue": "39.000000"
                        }
                    ]
                },
                {
                    "nodeName": "get_point_position1",
                    "nodeType": "Geometry::Properties::get_point_position",
                    "metadata": [
                        {
                            "metaName": "DisplayMode",
                            "metaType": "string",
                            "metaValue": "2"
                        },
                        {
                            "metaName": "zValue",
                            "metaType": "string",
                            "metaValue": "75.000000"
                        },
                        {
                            "metaName": "LayoutPos",
                            "metaType": "string",
                            "metaValue": "4344.89 -547.826"
                        }
                    ]
                },
                {
                    "nodeName": "value8",
                    "valueType": "Math::FCurve",
                    "metadata": [
                        {
                            "metaName": "DisplayMode",
                            "metaType": "string",
                            "metaValue": "2"
                        },
                        {
                            "metaName": "zValue",
                            "metaType": "string",
                            "metaValue": "123.000000"
                        },
                        {
                            "metaName": "LayoutPos",
                            "metaType": "string",
                            "metaValue": "1792.01 1337.03"
                        }
                    ]
                },
                {
                    "nodeName": "multiply1",
                    "nodeType": "Core::Math::multiply",
                    "multiInPortNames": [
                        "data",
                        "output1"
                    ],
                    "metadata": [
                        {
                            "metaName": "DisplayMode",
                            "metaType": "string",
                            "metaValue": "2"
                        },
                        {
                            "metaName": "LayoutPos",
                            "metaType": "string",
                            "metaValue": "2732.08 1666.82"
                        },
                        {
                            "metaName": "zValue",
                            "metaType": "string",
                            "metaValue": "58.000000"
                        }
                    ]
                },
                {
                    "nodeName": "value9",
                    "valueType": "float",
                    "metadata": [
                        {
                            "metaName": "DisplayMode",
                            "metaType": "string",
                            "metaValue": "2"
                        },
                        {
                            "metaName": "zValue",
                            "metaType": "string",
                            "metaValue": "87.000000"
                        },
                        {
                            "metaName": "LayoutPos",
                            "metaType": "string",
                            "metaValue": "2433.42 1878.79"
                        }
                    ]
                },
                {
                    "nodeName": "change_range",
                    "nodeType": "Core::Math::change_range",
                    "metadata": [
                        {
                            "metaName": "DisplayMode",
                            "metaType": "string",
                            "metaValue": "2"
                        },
                        {
                            "metaName": "LayoutPos",
                            "metaType": "string",
                            "metaValue": "3036.01 1623.79"
                        },
                        {
                            "metaName": "zValue",
                            "metaType": "string",
                            "metaValue": "66.000000"
                        }
                    ]
                },
                {
                    "nodeName": "value10",
                    "valueType": "Math::FCurve",
                    "metadata": [
                        {
                            "metaName": "DisplayMode",
                            "metaType": "string",
                            "metaValue": "2"
                        },
                        {
                            "metaName": "zValue",
                            "metaType": "string",
                            "metaValue": "122.000000"
                        },
                        {
                            "metaName": "LayoutPos",
                            "metaType": "string",
                            "metaValue": "2100.52 1362.27"
                        }
                    ]
                }
            ],
            "connections": [
                {
                    "source": "scalar_to_vector3.vector3",
                    "target": "add1.first.vector3"
                },
                {
                    "source": "add1.output",
                    "target": "set_point_position.positions"
                },
                {
                    "source": "negate1.negated",
                    "target": "multiply.first.negated"
                },
                {
                    "source": "vector3_to_scalar.x",
                    "target": "multiply.first.x"
                },
                {
                    "source": "update_strands_basis1.point_normal",
                    "target": "negate1.value"
                },
                {
                    "source": "vector3_to_scalar.x",
                    "target": "scalar_to_vector3.x"
                },
                {
                    "source": "vector3_to_scalar.y",
                    "target": "scalar_to_vector3.y"
                },
                {
                    "source": "vector3_to_scalar.z",
                    "target": "scalar_to_vector3.z"
                },
                {
                    "source": ".silhouette_in",
                    "target": "update_strands_basis1.strands"
                },
                {
                    "source": "symmetry_for_vis.out_strands",
                    "target": "set_point_position1.geometry"
                },
                {
                    "source": "symmetry_for_vis.out_points",
                    "target": "set_point_position1.positions"
                },
                {
                    "source": "update_strands_basis1.out_strands",
                    "target": "set_point_position.geometry"
                },
                {
                    "source": "multiply.output",
                    "target": "add1.first.output1"
                },
                {
                    "source": "value4.output",
                    "target": "negate.value"
                },
                {
                    "source": "negate.negated",
                    "target": "multiply.first.output1"
                },
                {
                    "source": ".cordate_width",
                    "target": "value4.value.x"
                },
                {
                    "source": ".cordate_height",
                    "target": "value4.value.y"
                },
                {
                    "source": ".silhouette_in",
                    "target": "get_point_position.geometry"
                },
                {
                    "source": "get_point_position.point_position",
                    "target": "vector3_to_scalar.vector3"
                },
                {
                    "source": "add1.output",
                    "target": "midrib_resampler.output"
                },
                {
                    "source": "midrib_resampler.midrib_points",
                    "target": ".midrib_points"
                },
                {
                    "source": "assign_diagnostic_material.geometry_with_material",
                    "target": "terminal.diagnostic.strands"
                },
                {
                    "source": "layout_color_settingL.midrib_darker",
                    "target": "assign_diagnostic_material.emission_color"
                },
                {
                    "source": ".line_color",
                    "target": "layout_color_settingL.line_color"
                },
                {
                    "source": "set_point_position1.out_geometry",
                    "target": "layout_color_settingL.geometry"
                },
                {
                    "source": "midrib_resampler.midrib",
                    "target": "assign_diagnostic_material.geometry"
                },
                {
                    "source": "set_strands_size_profile.out_strands",
                    "target": "get_geo_property.geometry"
                },
                {
                    "source": "update_strands_basis1.out_strands",
                    "target": "set_strands_size_profile.strands"
                },
                {
                    "source": "construct_points.points",
                    "target": "point_scope.point_geo"
                },
                {
                    "source": "point_scope.diagnostic_geo",
                    "target": "terminal1.diagnostic.diagnostic_geo"
                },
                {
                    "source": "lerp.interpolated",
                    "target": "construct_points.point_position"
                },
                {
                    "source": "midrib_resampler.midrib_points",
                    "target": "midrib_resmpled.input"
                },
                {
                    "source": "add1.output",
                    "target": "margin.input"
                },
                {
                    "source": "set_point_position.out_geometry",
                    "target": "if.false_case"
                },
                {
                    "source": "update_strands_basis1.out_strands",
                    "target": "set_point_position2.geometry"
                },
                {
                    "source": "lerp.interpolated",
                    "target": "set_point_position2.positions"
                },
                {
                    "source": "set_point_position2.out_geometry",
                    "target": "if.true_case"
                },
                {
                    "source": "if.output",
                    "target": ".out_geometry"
                },
                {
                    "source": "midrib_resmpled.output",
                    "target": "lerp.second"
                },
                {
                    "source": "value.output",
                    "target": "if.condition"
                },
                {
                    "source": ".apex",
                    "target": "value.value"
                },
                {
                    "source": "layout_color_settingL.geometry_with_material",
                    "target": "terminal.diagnostic.out_geometry1"
                },
                {
                    "source": "if.output",
                    "target": "get_point_position1.geometry"
                },
                {
                    "source": "get_point_position1.point_position",
                    "target": "symmetry_for_vis.input"
                },
                {
                    "source": "margin.output",
                    "target": "lerp.first"
                },
                {
                    "source": "value9.output",
                    "target": "multiply1.first.output1"
                },
                {
                    "source": "multiply1.output",
                    "target": "change_range.value"
                },
                {
                    "source": "change_range.result",
                    "target": "lerp.fraction"
                },
                {
                    "source": "get_geo_property.data",
                    "target": "evaluate_fcurve.x"
                },
                {
                    "source": "value10.output",
                    "target": "evaluate_fcurve.fcurve"
                },
                {
                    "source": "evaluate_fcurve.y",
                    "target": "multiply1.first.data"
                },
                {
                    "source": ".apex_damp",
                    "target": "value10.value"
                }
            ],
            "values": [
                {
                    "valueName": "update_strands_basis1.strands",
                    "valueType": "Object",
                    "value": {}
                },
                {
                    "valueName": "update_strands_basis1.update_start_to_end",
                    "valueType": "bool",
                    "value": "true"
                },
                {
                    "valueName": "update_strands_basis1.force_update_tangents",
                    "valueType": "bool",
                    "value": "false"
                },
                {
                    "valueName": "update_strands_basis1.up_vector",
                    "valueType": "Math::float3",
                    "value": {
                        "x": "0f",
                        "y": "1f",
                        "z": "0f"
                    }
                },
                {
                    "valueName": "update_strands_basis1.diagnostics_scale",
                    "valueType": "float",
                    "value": "0.658999979f"
                },
                {
                    "valueName": "value4.value",
                    "valueType": "Math::float3",
                    "value": {
                        "x": "0.5f",
                        "y": "0.5f",
                        "z": "0f"
                    }
                },
                {
                    "valueName": "symmetry_for_vis.input",
                    "valueType": "array<Math::float3>",
                    "value": []
                },
                {
                    "valueName": "value5.value",
                    "valueType": "Math::float3",
                    "value": {
                        "x": "0.126399994f",
                        "y": "0.340499997f",
                        "z": "0.074500002f"
                    }
                },
                {
                    "valueName": "get_geo_property.property",
                    "valueType": "string",
                    "value": "point_ratio"
                },
                {
                    "valueName": "get_geo_property.type",
                    "valueType": "array<float>",
                    "value": []
                },
                {
                    "valueName": "point_scope.default_size",
                    "valueType": "float",
                    "value": "0.0653000027f"
                },
                {
                    "valueName": "evaluate_fcurve.fcurve",
                    "valueType": "Math::FCurve",
                    "value": {
                        "version": "1",
                        "preExtrapolation": "0",
                        "postExtrapolation": "0",
                        "points": [
                            {
                                "point": {
                                    "locked": "1",
                                    "interpolation": "2",
                                    "pcn": {
                                        "xp": "0.0010629999999999999",
                                        "yp": "0.0059459999999999999",
                                        "x": "0.30957400000000002",
                                        "y": "0.0097300000000000008",
                                        "xn": "0.618085",
                                        "yn": "0.013514"
                                    }
                                }
                            },
                            {
                                "point": {
                                    "locked": "1",
                                    "interpolation": "2",
                                    "pcn": {
                                        "xp": "0.40425499999999998",
                                        "yp": "0.66864800000000002",
                                        "x": "1.012767",
                                        "y": "0.66918900000000003",
                                        "xn": "1.6212789999999999",
                                        "yn": "0.66973000000000005"
                                    }
                                }
                            }
                        ]
                    }
                },
                {
                    "valueName": "if.condition",
                    "valueType": "bool",
                    "value": "true"
                },
                {
                    "valueName": "value.value",
                    "valueType": "bool",
                    "value": "false"
                },
                {
                    "valueName": "value8.value",
                    "valueType": "Math::FCurve",
                    "value": {
                        "version": "1",
                        "preExtrapolation": "0",
                        "postExtrapolation": "0",
                        "points": [
                            {
                                "point": {
                                    "locked": "1",
                                    "interpolation": "2",
                                    "pcn": {
                                        "xp": "0.0010629999999999999",
                                        "yp": "0.0059459999999999999",
                                        "x": "0.30957400000000002",
                                        "y": "0.0097300000000000008",
                                        "xn": "0.618085",
                                        "yn": "0.013514"
                                    }
                                }
                            },
                            {
                                "point": {
                                    "locked": "1",
                                    "interpolation": "2",
                                    "pcn": {
                                        "xp": "0.40425499999999998",
                                        "yp": "0.66864800000000002",
                                        "x": "1.012767",
                                        "y": "0.66918900000000003",
                                        "xn": "1.6212789999999999",
                                        "yn": "0.66973000000000005"
                                    }
                                }
                            }
                        ]
                    }
                },
                {
                    "valueName": "value9.value",
                    "valueType": "float",
                    "value": "1f"
                },
                {
                    "valueName": "change_range.from_end",
                    "valueType": "float",
                    "value": "0.606000006f"
                },
                {
                    "valueName": "change_range.to_start",
                    "valueType": "float",
                    "value": "0f"
                },
                {
                    "valueName": "change_range.to_end",
                    "valueType": "float",
                    "value": "0.78648001f"
                },
                {
                    "valueName": "change_range.clamp",
                    "valueType": "bool",
                    "value": "true"
                },
                {
                    "valueName": "value10.value",
                    "valueType": "Math::FCurve",
                    "value": {
                        "version": "1",
                        "preExtrapolation": "0",
                        "postExtrapolation": "0",
                        "points": [
                            {
                                "point": {
                                    "locked": "1",
                                    "interpolation": "2",
                                    "pcn": {
                                        "xp": "0.0010629999999999999",
                                        "yp": "0.0059459999999999999",
                                        "x": "0.30957400000000002",
                                        "y": "0.0097300000000000008",
                                        "xn": "0.618085",
                                        "yn": "0.013514"
                                    }
                                }
                            },
                            {
                                "point": {
                                    "locked": "1",
                                    "interpolation": "2",
                                    "pcn": {
                                        "xp": "0.40425499999999998",
                                        "yp": "0.66864800000000002",
                                        "x": "1.012767",
                                        "y": "0.66918900000000003",
                                        "xn": "1.6212789999999999",
                                        "yn": "0.66973000000000005"
                                    }
                                }
                            }
                        ]
                    }
                }
            ],
            "reservedNodeNames": [
                {
                    "name": "input"
                },
                {
                    "name": "output"
                }
            ]
        }
    ]
}
