{
    "header": {
        "metadata": [
            {
                "metaName": "adskFileFormatVersion",
                "metaValue": "100L"
            }
        ]
    },
    "namespaces": [],
    "types": [],
    "compounds": [
        {
            "name": "User::Compounds::crop_veins_li",
            "uriImported": "stream:/bifrostGraphShape2",
            "metadata": [
                {
                    "metaName": "sticky_note",
                    "metadata": [
                        {
                            "metaName": "type",
                            "metaType": "string",
                            "metaValue": "sticky_note"
                        },
                        {
                            "metaName": "text",
                            "metaType": "string",
                            "metaValue": "veins"
                        },
                        {
                            "metaName": "color",
                            "metaType": "string",
                            "metaValue": "#ffd78282"
                        },
                        {
                            "metaName": "zValue",
                            "metaType": "string",
                            "metaValue": "48.000000"
                        },
                        {
                            "metaName": "coords",
                            "metaType": "string",
                            "metaValue": "1941.69 350.642 384 60"
                        }
                    ]
                },
                {
                    "metaName": "io_nodes",
                    "metadata": [
                        {
                            "metaName": "io_inodes",
                            "metadata": [
                                {
                                    "metaName": "input",
                                    "metadata": [
                                        {
                                            "metaName": "DisplayMode",
                                            "metaType": "string",
                                            "metaValue": "2"
                                        },
                                        {
                                            "metaName": "LayoutPos",
                                            "metaType": "string",
                                            "metaValue": "-36.3013 423.335"
                                        },
                                        {
                                            "metaName": "io_ports",
                                            "metadata": [
                                                {
                                                    "metaName": "silhouette_in"
                                                },
                                                {
                                                    "metaName": "strands_to_crop"
                                                },
                                                {
                                                    "metaName": "peak_vein_point_count"
                                                }
                                            ]
                                        },
                                        {
                                            "metaName": "zValue",
                                            "metaType": "string",
                                            "metaValue": "40.000000"
                                        }
                                    ]
                                }
                            ]
                        },
                        {
                            "metaName": "io_onodes",
                            "metadata": [
                                {
                                    "metaName": "output",
                                    "metadata": [
                                        {
                                            "metaName": "DisplayMode",
                                            "metaType": "string",
                                            "metaValue": "2"
                                        },
                                        {
                                            "metaName": "io_ports",
                                            "metadata": [
                                                {
                                                    "metaName": "cropped_veins"
                                                }
                                            ]
                                        },
                                        {
                                            "metaName": "zValue",
                                            "metaType": "string",
                                            "metaValue": "46.000000"
                                        },
                                        {
                                            "metaName": "LayoutPos",
                                            "metaType": "string",
                                            "metaValue": "2140.92 55.5938"
                                        }
                                    ]
                                }
                            ]
                        }
                    ]
                },
                {
                    "metaName": "ViewportRect",
                    "metaType": "string",
                    "metaValue": "-24.8034 -370.872 2384.55 1503.27"
                },
                {
                    "metaName": "DisplayMode",
                    "metaType": "string",
                    "metaValue": "2"
                },
                {
                    "metaName": "LayoutPos",
                    "metaType": "string",
                    "metaValue": "3692.53 1956.41"
                },
                {
                    "metaName": "zValue",
                    "metaType": "string",
                    "metaValue": "120.000000"
                }
            ],
            "terminalStates": [
                {
                    "name": "Core::Graph::terminal::final",
                    "enabled": "false"
                },
                {
                    "name": "Core::Graph::terminal::proxy",
                    "enabled": "false"
                },
                {
                    "name": "Core::Graph::terminal::diagnostic",
                    "enabled": "false"
                }
            ],
            "ports": [
                {
                    "portName": "cropped_veins",
                    "portDirection": "output"
                },
                {
                    "portName": "silhouette_in",
                    "portDirection": "input",
                    "portType": "Object",
                    "portDefault": {}
                },
                {
                    "portName": "strands_to_crop",
                    "portDirection": "input",
                    "portDefaultType": "array<Object>",
                    "portDefault": []
                },
                {
                    "portName": "peak_vein_point_count",
                    "portDirection": "input",
                    "portType": "long",
                    "portDefault": "0"
                }
            ],
            "compounds": [
                {
                    "name": "blade_to_mesh_selector",
                    "uriImported": "stream:/bifrostGraphShape2",
                    "metadata": [
                        {
                            "metaName": "_recentNode_",
                            "metaType": "string",
                            "metaValue": "BifrostGraph,Core::Graph,compound"
                        },
                        {
                            "metaName": "_recentNode_",
                            "metaType": "string",
                            "metaValue": "BifrostGraph,Core::Graph,pass"
                        },
                        {
                            "metaName": "_recentNode_",
                            "metaType": "string",
                            "metaValue": "output"
                        },
                        {
                            "metaName": "_recentNode_",
                            "metaType": "string",
                            "metaValue": "BifrostGraph,Geometry::Mesh,mesh_between_strands"
                        },
                        {
                            "metaName": "_recentNode_",
                            "metaType": "string",
                            "metaValue": "BifrostGraph,Core::Math,add"
                        },
                        {
                            "metaName": "io_nodes",
                            "metadata": [
                                {
                                    "metaName": "io_inodes",
                                    "metadata": [
                                        {
                                            "metaName": "input",
                                            "metadata": [
                                                {
                                                    "metaName": "DisplayMode",
                                                    "metaType": "string",
                                                    "metaValue": "2"
                                                },
                                                {
                                                    "metaName": "LayoutPos",
                                                    "metaType": "string",
                                                    "metaValue": "-5584.99 -159.986"
                                                },
                                                {
                                                    "metaName": "io_ports",
                                                    "metadata": [
                                                        {
                                                            "metaName": "silhouette_out"
                                                        }
                                                    ]
                                                },
                                                {
                                                    "metaName": "zValue",
                                                    "metaType": "string",
                                                    "metaValue": "47.000000"
                                                }
                                            ]
                                        }
                                    ]
                                },
                                {
                                    "metaName": "io_onodes",
                                    "metadata": [
                                        {
                                            "metaName": "output",
                                            "metadata": [
                                                {
                                                    "metaName": "io_ports"
                                                },
                                                {
                                                    "metaName": "DisplayMode",
                                                    "metaType": "string",
                                                    "metaValue": "2"
                                                },
                                                {
                                                    "metaName": "LayoutPos",
                                                    "metaType": "string",
                                                    "metaValue": "225 -60.5"
                                                },
                                                {
                                                    "metaName": "zValue",
                                                    "metaType": "string",
                                                    "metaValue": "31.000000"
                                                }
                                            ]
                                        },
                                        {
                                            "metaName": "output1",
                                            "metadata": [
                                                {
                                                    "metaName": "DisplayMode",
                                                    "metaType": "string",
                                                    "metaValue": "2"
                                                },
                                                {
                                                    "metaName": "LayoutPos",
                                                    "metaType": "string",
                                                    "metaValue": "-1060.09 178.1"
                                                },
                                                {
                                                    "metaName": "io_ports",
                                                    "metadata": [
                                                        {
                                                            "metaName": "out_mesh"
                                                        }
                                                    ]
                                                },
                                                {
                                                    "metaName": "zValue",
                                                    "metaType": "string",
                                                    "metaValue": "45.000000"
                                                }
                                            ]
                                        }
                                    ]
                                }
                            ]
                        },
                        {
                            "metaName": "ViewportRect",
                            "metaType": "string",
                            "metaValue": "-5224 -509 1144 895"
                        }
                    ],
                    "ports": [
                        {
                            "portName": "silhouette_out",
                            "portDirection": "input",
                            "portType": "Object"
                        },
                        {
                            "portName": "out_mesh",
                            "portDirection": "output"
                        }
                    ],
                    "compounds": [
                        {
                            "name": "include_zero_x_points",
                            "uriImported": "stream:/bifrostGraphShape2",
                            "metadata": [
                                {
                                    "metaName": "_recentNode_",
                                    "metaType": "string",
                                    "metaValue": "BifrostGraph,Core::Math,add"
                                },
                                {
                                    "metaName": "_recentNode_",
                                    "metaType": "string",
                                    "metaValue": "BifrostGraph,Geometry::Topology,add_points"
                                },
                                {
                                    "metaName": "_recentNode_",
                                    "metaType": "string",
                                    "metaValue": "BifrostGraph,Core::Conversion,scalar_to_vector3"
                                },
                                {
                                    "metaName": "_recentNode_",
                                    "metaType": "string",
                                    "metaValue": "BifrostGraph,Core::Array,remove_from_array"
                                },
                                {
                                    "metaName": "_recentNode_",
                                    "metaType": "string",
                                    "metaValue": "BifrostGraph,Core::Array,find_all_true_in_array"
                                },
                                {
                                    "metaName": "io_nodes",
                                    "metadata": [
                                        {
                                            "metaName": "io_inodes",
                                            "metadata": [
                                                {
                                                    "metaName": "input",
                                                    "metadata": [
                                                        {
                                                            "metaName": "DisplayMode",
                                                            "metaType": "string",
                                                            "metaValue": "2"
                                                        },
                                                        {
                                                            "metaName": "LayoutPos",
                                                            "metaType": "string",
                                                            "metaValue": "-657 -71"
                                                        },
                                                        {
                                                            "metaName": "io_ports",
                                                            "metadata": [
                                                                {
                                                                    "metaName": "point_position"
                                                                }
                                                            ]
                                                        },
                                                        {
                                                            "metaName": "zValue",
                                                            "metaType": "string",
                                                            "metaValue": "31.000000"
                                                        }
                                                    ]
                                                }
                                            ]
                                        },
                                        {
                                            "metaName": "io_onodes",
                                            "metadata": [
                                                {
                                                    "metaName": "output",
                                                    "metadata": [
                                                        {
                                                            "metaName": "DisplayMode",
                                                            "metaType": "string",
                                                            "metaValue": "2"
                                                        },
                                                        {
                                                            "metaName": "LayoutPos",
                                                            "metaType": "string",
                                                            "metaValue": "1576.23 44.3956"
                                                        },
                                                        {
                                                            "metaName": "io_ports",
                                                            "metadata": [
                                                                {
                                                                    "metaName": "point_position1"
                                                                }
                                                            ]
                                                        },
                                                        {
                                                            "metaName": "zValue",
                                                            "metaType": "string",
                                                            "metaValue": "38.000000"
                                                        }
                                                    ]
                                                }
                                            ]
                                        }
                                    ]
                                },
                                {
                                    "metaName": "ViewportRect",
                                    "metaType": "string",
                                    "metaValue": "-9.92235 -1128.21 1881.53 1472"
                                }
                            ],
                            "ports": [
                                {
                                    "portName": "point_position",
                                    "portDirection": "input"
                                },
                                {
                                    "portName": "point_position1",
                                    "portDirection": "output"
                                }
                            ],
                            "compoundNodes": [
                                {
                                    "nodeName": "if",
                                    "nodeType": "Core::Logic::if",
                                    "metadata": [
                                        {
                                            "metaName": "DisplayMode",
                                            "metaType": "string",
                                            "metaValue": "2"
                                        },
                                        {
                                            "metaName": "LayoutPos",
                                            "metaType": "string",
                                            "metaValue": "1257.54 -873.997"
                                        },
                                        {
                                            "metaName": "zValue",
                                            "metaType": "string",
                                            "metaValue": "36.000000"
                                        }
                                    ]
                                },
                                {
                                    "nodeName": "vector3_to_scalar",
                                    "nodeType": "Core::Conversion::vector3_to_scalar",
                                    "metadata": [
                                        {
                                            "metaName": "DisplayMode",
                                            "metaType": "string",
                                            "metaValue": "2"
                                        },
                                        {
                                            "metaName": "LayoutPos",
                                            "metaType": "string",
                                            "metaValue": "-250 -230"
                                        },
                                        {
                                            "metaName": "zValue",
                                            "metaType": "string",
                                            "metaValue": "33.000000"
                                        }
                                    ]
                                },
                                {
                                    "nodeName": "greater",
                                    "nodeType": "Core::Logic::greater",
                                    "metadata": [
                                        {
                                            "metaName": "DisplayMode",
                                            "metaType": "string",
                                            "metaValue": "2"
                                        },
                                        {
                                            "metaName": "LayoutPos",
                                            "metaType": "string",
                                            "metaValue": "6.81763 -641.44"
                                        },
                                        {
                                            "metaName": "zValue",
                                            "metaType": "string",
                                            "metaValue": "39.000000"
                                        }
                                    ]
                                },
                                {
                                    "nodeName": "find_all_true_in_array",
                                    "nodeType": "Core::Array::find_all_true_in_array",
                                    "metadata": [
                                        {
                                            "metaName": "DisplayMode",
                                            "metaType": "string",
                                            "metaValue": "2"
                                        },
                                        {
                                            "metaName": "LayoutPos",
                                            "metaType": "string",
                                            "metaValue": "307.685 -672.282"
                                        },
                                        {
                                            "metaName": "zValue",
                                            "metaType": "string",
                                            "metaValue": "37.000000"
                                        }
                                    ]
                                },
                                {
                                    "nodeName": "remove_from_array",
                                    "nodeType": "Core::Array::remove_from_array",
                                    "metadata": [
                                        {
                                            "metaName": "DisplayMode",
                                            "metaType": "string",
                                            "metaValue": "2"
                                        },
                                        {
                                            "metaName": "LayoutPos",
                                            "metaType": "string",
                                            "metaValue": "704.242 -604.962"
                                        },
                                        {
                                            "metaName": "zValue",
                                            "metaType": "string",
                                            "metaValue": "32.000000"
                                        }
                                    ]
                                },
                                {
                                    "nodeName": "scalar_to_vector3",
                                    "nodeType": "Core::Conversion::scalar_to_vector3",
                                    "metadata": [
                                        {
                                            "metaName": "DisplayMode",
                                            "metaType": "string",
                                            "metaValue": "2"
                                        },
                                        {
                                            "metaName": "LayoutPos",
                                            "metaType": "string",
                                            "metaValue": "929.919 -253.686"
                                        },
                                        {
                                            "metaName": "zValue",
                                            "metaType": "string",
                                            "metaValue": "34.000000"
                                        }
                                    ]
                                },
                                {
                                    "nodeName": "add",
                                    "nodeType": "Core::Math::add",
                                    "multiInPortNames": [
                                        "x",
                                        "output1"
                                    ],
                                    "metadata": [
                                        {
                                            "metaName": "DisplayMode",
                                            "metaType": "string",
                                            "metaValue": "2"
                                        },
                                        {
                                            "metaName": "LayoutPos",
                                            "metaType": "string",
                                            "metaValue": "368 -377"
                                        },
                                        {
                                            "metaName": "zValue",
                                            "metaType": "string",
                                            "metaValue": "35.000000"
                                        }
                                    ]
                                },
                                {
                                    "nodeName": "value",
                                    "valueType": "float",
                                    "metadata": [
                                        {
                                            "metaName": "DisplayMode",
                                            "metaType": "string",
                                            "metaValue": "2"
                                        },
                                        {
                                            "metaName": "LayoutPos",
                                            "metaType": "string",
                                            "metaValue": "63 -22"
                                        },
                                        {
                                            "metaName": "zValue",
                                            "metaType": "string",
                                            "metaValue": "40.000000"
                                        }
                                    ]
                                }
                            ],
                            "connections": [
                                {
                                    "source": "if.output",
                                    "target": ".point_position1"
                                },
                                {
                                    "source": "vector3_to_scalar.x",
                                    "target": "greater.first"
                                },
                                {
                                    "source": "vector3_to_scalar.x",
                                    "target": "add.first.x"
                                },
                                {
                                    "source": "vector3_to_scalar.y",
                                    "target": "scalar_to_vector3.y"
                                },
                                {
                                    "source": "vector3_to_scalar.z",
                                    "target": "scalar_to_vector3.z"
                                },
                                {
                                    "source": "greater.output",
                                    "target": "if.condition"
                                },
                                {
                                    "source": "greater.output",
                                    "target": "find_all_true_in_array.boolean_array"
                                },
                                {
                                    "source": "find_all_true_in_array.indices",
                                    "target": "remove_from_array.indices_to_remove"
                                },
                                {
                                    "source": "scalar_to_vector3.vector3",
                                    "target": "if.true_case"
                                },
                                {
                                    "source": "add.output",
                                    "target": "scalar_to_vector3.x"
                                },
                                {
                                    "source": "value.output",
                                    "target": "add.first.output1"
                                },
                                {
                                    "source": ".point_position",
                                    "target": "vector3_to_scalar.vector3"
                                },
                                {
                                    "source": ".point_position",
                                    "target": "remove_from_array.array"
                                },
                                {
                                    "source": ".point_position",
                                    "target": "if.false_case"
                                }
                            ],
                            "values": [
                                {
                                    "valueName": "greater.second",
                                    "valueType": "float",
                                    "value": "-0.00100000005f"
                                },
                                {
                                    "valueName": "remove_from_array.preserve_order",
                                    "valueType": "bool",
                                    "value": "false"
                                },
                                {
                                    "valueName": "value.value",
                                    "valueType": "float",
                                    "value": "0.0793600008f"
                                }
                            ],
                            "reservedNodeNames": [
                                {
                                    "name": "input"
                                },
                                {
                                    "name": "output"
                                }
                            ]
                        }
                    ],
                    "compoundNodes": [
                        {
                            "nodeName": "build_array",
                            "nodeType": "Core::Array::build_array",
                            "multiInPortNames": [
                                "point_position",
                                "last"
                            ],
                            "metadata": [
                                {
                                    "metaName": "DisplayMode",
                                    "metaType": "string",
                                    "metaValue": "2"
                                },
                                {
                                    "metaName": "LayoutPos",
                                    "metaType": "string",
                                    "metaValue": "-3793 -223"
                                },
                                {
                                    "metaName": "zValue",
                                    "metaType": "string",
                                    "metaValue": "32.000000"
                                }
                            ]
                        },
                        {
                            "nodeName": "construct_strands",
                            "nodeType": "Geometry::Strands::construct_strands",
                            "metadata": [
                                {
                                    "metaName": "DisplayMode",
                                    "metaType": "string",
                                    "metaValue": "2"
                                },
                                {
                                    "metaName": "LayoutPos",
                                    "metaType": "string",
                                    "metaValue": "-2292.49 -268.519"
                                },
                                {
                                    "metaName": "zValue",
                                    "metaType": "string",
                                    "metaValue": "35.000000"
                                }
                            ]
                        },
                        {
                            "nodeName": "first_in_array",
                            "nodeType": "Core::Array::first_in_array",
                            "metadata": [
                                {
                                    "metaName": "DisplayMode",
                                    "metaType": "string",
                                    "metaValue": "2"
                                },
                                {
                                    "metaName": "LayoutPos",
                                    "metaType": "string",
                                    "metaValue": "-4032.83 -4.24375"
                                },
                                {
                                    "metaName": "zValue",
                                    "metaType": "string",
                                    "metaValue": "46.000000"
                                }
                            ]
                        },
                        {
                            "nodeName": "get_point_position",
                            "nodeType": "Geometry::Properties::get_point_position",
                            "metadata": [
                                {
                                    "metaName": "DisplayMode",
                                    "metaType": "string",
                                    "metaValue": "2"
                                },
                                {
                                    "metaName": "LayoutPos",
                                    "metaType": "string",
                                    "metaValue": "-5230.6 -181.176"
                                },
                                {
                                    "metaName": "zValue",
                                    "metaType": "string",
                                    "metaValue": "50.000000"
                                }
                            ]
                        },
                        {
                            "nodeName": "terminal2",
                            "nodeType": "Core::Graph::terminal",
                            "fanInPortNames": {
                                "final": [],
                                "proxy": [],
                                "diagnostic": [
                                    "strands",
                                    "strands1",
                                    "out_mesh"
                                ]
                            },
                            "terminalStates": [
                                {
                                    "name": "Core::Graph::terminal::final",
                                    "enabled": "false"
                                },
                                {
                                    "name": "Core::Graph::terminal::proxy",
                                    "enabled": "false"
                                },
                                {
                                    "name": "Core::Graph::terminal::diagnostic",
                                    "enabled": "true"
                                }
                            ],
                            "metadata": [
                                {
                                    "metaName": "DisplayMode",
                                    "metaType": "string",
                                    "metaValue": "2"
                                },
                                {
                                    "metaName": "LayoutPos",
                                    "metaType": "string",
                                    "metaValue": "-1182.3 -246.323"
                                },
                                {
                                    "metaName": "PortExpandedState",
                                    "metadata": [
                                        {
                                            "metaName": "diagnostic",
                                            "metaType": "string",
                                            "metaValue": "1"
                                        }
                                    ]
                                },
                                {
                                    "metaName": "zValue",
                                    "metaType": "string",
                                    "metaValue": "44.000000"
                                }
                            ]
                        },
                        {
                            "nodeName": "vector3_to_scalar",
                            "nodeType": "Core::Conversion::vector3_to_scalar",
                            "metadata": [
                                {
                                    "metaName": "DisplayMode",
                                    "metaType": "string",
                                    "metaValue": "2"
                                },
                                {
                                    "metaName": "LayoutPos",
                                    "metaType": "string",
                                    "metaValue": "-3399.4 -439.632"
                                },
                                {
                                    "metaName": "zValue",
                                    "metaType": "string",
                                    "metaValue": "39.000000"
                                }
                            ]
                        },
                        {
                            "nodeName": "scalar_to_vector3",
                            "nodeType": "Core::Conversion::scalar_to_vector3",
                            "metadata": [
                                {
                                    "metaName": "DisplayMode",
                                    "metaType": "string",
                                    "metaValue": "2"
                                },
                                {
                                    "metaName": "LayoutPos",
                                    "metaType": "string",
                                    "metaValue": "-2710 -446.949"
                                },
                                {
                                    "metaName": "zValue",
                                    "metaType": "string",
                                    "metaValue": "37.000000"
                                }
                            ]
                        },
                        {
                            "nodeName": "subtract",
                            "nodeType": "Core::Math::subtract",
                            "multiInPortNames": [
                                "z",
                                "output1"
                            ],
                            "metadata": [
                                {
                                    "metaName": "DisplayMode",
                                    "metaType": "string",
                                    "metaValue": "2"
                                },
                                {
                                    "metaName": "LayoutPos",
                                    "metaType": "string",
                                    "metaValue": "-2983.38 -310.691"
                                },
                                {
                                    "metaName": "zValue",
                                    "metaType": "string",
                                    "metaValue": "33.000000"
                                }
                            ]
                        },
                        {
                            "nodeName": "value",
                            "valueType": "float",
                            "metadata": [
                                {
                                    "metaName": "DisplayMode",
                                    "metaType": "string",
                                    "metaValue": "2"
                                },
                                {
                                    "metaName": "LayoutPos",
                                    "metaType": "string",
                                    "metaValue": "-3380.52 -206.313"
                                },
                                {
                                    "metaName": "zValue",
                                    "metaType": "string",
                                    "metaValue": "38.000000"
                                }
                            ]
                        },
                        {
                            "nodeName": "vector3_to_scalar1",
                            "nodeType": "Core::Conversion::vector3_to_scalar",
                            "metadata": [
                                {
                                    "metaName": "DisplayMode",
                                    "metaType": "string",
                                    "metaValue": "2"
                                },
                                {
                                    "metaName": "LayoutPos",
                                    "metaType": "string",
                                    "metaValue": "-3419.76 231.002"
                                },
                                {
                                    "metaName": "zValue",
                                    "metaType": "string",
                                    "metaValue": "34.000000"
                                }
                            ]
                        },
                        {
                            "nodeName": "value1",
                            "valueType": "float",
                            "metadata": [
                                {
                                    "metaName": "DisplayMode",
                                    "metaType": "string",
                                    "metaValue": "2"
                                },
                                {
                                    "metaName": "LayoutPos",
                                    "metaType": "string",
                                    "metaValue": "-3354.96 467.665"
                                },
                                {
                                    "metaName": "zValue",
                                    "metaType": "string",
                                    "metaValue": "41.000000"
                                }
                            ]
                        },
                        {
                            "nodeName": "scalar_to_vector4",
                            "nodeType": "Core::Conversion::scalar_to_vector3",
                            "metadata": [
                                {
                                    "metaName": "DisplayMode",
                                    "metaType": "string",
                                    "metaValue": "2"
                                },
                                {
                                    "metaName": "LayoutPos",
                                    "metaType": "string",
                                    "metaValue": "-2675.49 145.297"
                                },
                                {
                                    "metaName": "zValue",
                                    "metaType": "string",
                                    "metaValue": "36.000000"
                                }
                            ]
                        },
                        {
                            "nodeName": "add",
                            "nodeType": "Core::Math::add",
                            "multiInPortNames": [
                                "z",
                                "output1"
                            ],
                            "metadata": [
                                {
                                    "metaName": "DisplayMode",
                                    "metaType": "string",
                                    "metaValue": "2"
                                },
                                {
                                    "metaName": "LayoutPos",
                                    "metaType": "string",
                                    "metaValue": "-3055.28 280.902"
                                },
                                {
                                    "metaName": "zValue",
                                    "metaType": "string",
                                    "metaValue": "40.000000"
                                }
                            ]
                        },
                        {
                            "nodeName": "construct_strands1",
                            "nodeType": "Geometry::Strands::construct_strands",
                            "metadata": [
                                {
                                    "metaName": "DisplayMode",
                                    "metaType": "string",
                                    "metaValue": "2"
                                },
                                {
                                    "metaName": "LayoutPos",
                                    "metaType": "string",
                                    "metaValue": "-2294.68 108.162"
                                },
                                {
                                    "metaName": "zValue",
                                    "metaType": "string",
                                    "metaValue": "42.000000"
                                }
                            ]
                        },
                        {
                            "nodeName": "mesh_between_strands",
                            "nodeType": "Geometry::Mesh::mesh_between_strands",
                            "terminalStates": [
                                {
                                    "name": "Core::Graph::terminal::diagnostic",
                                    "enabled": "true"
                                }
                            ],
                            "metadata": [
                                {
                                    "metaName": "DisplayMode",
                                    "metaType": "string",
                                    "metaValue": "2"
                                },
                                {
                                    "metaName": "LayoutPos",
                                    "metaType": "string",
                                    "metaValue": "-1817.06 8.8456"
                                },
                                {
                                    "metaName": "zValue",
                                    "metaType": "string",
                                    "metaValue": "43.000000"
                                }
                            ]
                        },
                        {
                            "nodeName": "pass",
                            "nodeType": "Core::Graph::pass",
                            "metadata": [
                                {
                                    "metaName": "DisplayMode",
                                    "metaType": "string",
                                    "metaValue": "2"
                                },
                                {
                                    "metaName": "LayoutPos",
                                    "metaType": "string",
                                    "metaValue": "-4407.86 -178.31"
                                },
                                {
                                    "metaName": "zValue",
                                    "metaType": "string",
                                    "metaValue": "48.000000"
                                }
                            ]
                        },
                        {
                            "nodeName": "include_zero_x_points",
                            "nodeType": "include_zero_x_points",
                            "metadata": [
                                {
                                    "metaName": "DisplayMode",
                                    "metaType": "string",
                                    "metaValue": "2"
                                },
                                {
                                    "metaName": "LayoutPos",
                                    "metaType": "string",
                                    "metaValue": "-4886.7 -188.259"
                                },
                                {
                                    "metaName": "zValue",
                                    "metaType": "string",
                                    "metaValue": "51.000000"
                                }
                            ]
                        }
                    ],
                    "connections": [
                        {
                            "source": "build_array.array",
                            "target": "vector3_to_scalar.vector3"
                        },
                        {
                            "source": "build_array.array",
                            "target": "vector3_to_scalar1.vector3"
                        },
                        {
                            "source": "construct_strands.strands",
                            "target": "terminal2.diagnostic.strands"
                        },
                        {
                            "source": "construct_strands.strands",
                            "target": "mesh_between_strands.strand_1"
                        },
                        {
                            "source": "first_in_array.first",
                            "target": "build_array.first.last"
                        },
                        {
                            "source": "get_point_position.point_position",
                            "target": "include_zero_x_points.point_position"
                        },
                        {
                            "source": "vector3_to_scalar.x",
                            "target": "scalar_to_vector3.x"
                        },
                        {
                            "source": "vector3_to_scalar.y",
                            "target": "scalar_to_vector3.y"
                        },
                        {
                            "source": "vector3_to_scalar.z",
                            "target": "subtract.first.z"
                        },
                        {
                            "source": "scalar_to_vector3.vector3",
                            "target": "construct_strands.point_position"
                        },
                        {
                            "source": "subtract.output",
                            "target": "scalar_to_vector3.z"
                        },
                        {
                            "source": "value.output",
                            "target": "subtract.first.output1"
                        },
                        {
                            "source": "vector3_to_scalar1.x",
                            "target": "scalar_to_vector4.x"
                        },
                        {
                            "source": "vector3_to_scalar1.y",
                            "target": "scalar_to_vector4.y"
                        },
                        {
                            "source": "vector3_to_scalar1.z",
                            "target": "add.first.z"
                        },
                        {
                            "source": "value1.output",
                            "target": "add.first.output1"
                        },
                        {
                            "source": "scalar_to_vector4.vector3",
                            "target": "construct_strands1.point_position"
                        },
                        {
                            "source": "add.output",
                            "target": "scalar_to_vector4.z"
                        },
                        {
                            "source": "construct_strands1.strands",
                            "target": "terminal2.diagnostic.strands1"
                        },
                        {
                            "source": "construct_strands1.strands",
                            "target": "mesh_between_strands.strand_2"
                        },
                        {
                            "source": "mesh_between_strands.out_mesh",
                            "target": "terminal2.diagnostic.out_mesh"
                        },
                        {
                            "source": "mesh_between_strands.out_mesh",
                            "target": ".out_mesh"
                        },
                        {
                            "source": "pass.output",
                            "target": "build_array.first.point_position"
                        },
                        {
                            "source": "pass.output",
                            "target": "first_in_array.array"
                        },
                        {
                            "source": "include_zero_x_points.point_position1",
                            "target": "pass.input"
                        },
                        {
                            "source": ".silhouette_out",
                            "target": "get_point_position.geometry"
                        }
                    ],
                    "values": [
                        {
                            "valueName": "value.value",
                            "valueType": "float",
                            "value": "1f"
                        },
                        {
                            "valueName": "value1.value",
                            "valueType": "float",
                            "value": "1f"
                        },
                        {
                            "valueName": "mesh_between_strands.strand_1",
                            "valueType": "Object",
                            "value": {}
                        },
                        {
                            "valueName": "mesh_between_strands.strand_2",
                            "valueType": "Object",
                            "value": {}
                        },
                        {
                            "valueName": "mesh_between_strands.width_division",
                            "valueType": "long",
                            "value": "3"
                        },
                        {
                            "valueName": "mesh_between_strands.uv_scaling",
                            "valueType": "Math::float2",
                            "value": {
                                "x": "1f",
                                "y": "1f"
                            }
                        },
                        {
                            "valueName": "mesh_between_strands.update_mesh_normals",
                            "valueType": "bool",
                            "value": "true"
                        },
                        {
                            "valueName": "mesh_between_strands.generate_UVs",
                            "valueType": "bool",
                            "value": "true"
                        }
                    ],
                    "reservedNodeNames": [
                        {
                            "name": "input"
                        },
                        {
                            "name": "output"
                        },
                        {
                            "name": "output1"
                        }
                    ]
                },
                {
                    "name": "delet_outside_points",
                    "uriImported": "stream:/bifrostGraphShape2",
                    "metadata": [
                        {
                            "metaName": "icon",
                            "metaType": "string",
                            "metaValue": "<NATIVE>../icons/LoopForEach.svg"
                        },
                        {
                            "metaName": "icon",
                            "metaType": "string",
                            "metaValue": "<NATIVE>../icons/LoopForEach.svg"
                        },
                        {
                            "metaName": "ViewportRect",
                            "metaType": "string",
                            "metaValue": "-517.852 -377.854 1260 1011.39"
                        },
                        {
                            "metaName": "io_nodes",
                            "metadata": [
                                {
                                    "metaName": "io_inodes",
                                    "metadata": [
                                        {
                                            "metaName": "input",
                                            "metadata": [
                                                {
                                                    "metaName": "DisplayMode",
                                                    "metaType": "string",
                                                    "metaValue": "2"
                                                },
                                                {
                                                    "metaName": "LayoutPos",
                                                    "metaType": "string",
                                                    "metaValue": "-634.129 79.9944"
                                                },
                                                {
                                                    "metaName": "zValue",
                                                    "metaType": "string",
                                                    "metaValue": "33.000000"
                                                },
                                                {
                                                    "metaName": "io_ports",
                                                    "metadata": [
                                                        {
                                                            "metaName": "current_index"
                                                        },
                                                        {
                                                            "metaName": "strands"
                                                        },
                                                        {
                                                            "metaName": "inside_indices"
                                                        }
                                                    ]
                                                }
                                            ]
                                        }
                                    ]
                                },
                                {
                                    "metaName": "io_onodes",
                                    "metadata": [
                                        {
                                            "metaName": "output",
                                            "metadata": [
                                                {
                                                    "metaName": "DisplayMode",
                                                    "metaType": "string",
                                                    "metaValue": "2"
                                                },
                                                {
                                                    "metaName": "LayoutPos",
                                                    "metaType": "string",
                                                    "metaValue": "329 -90.5"
                                                },
                                                {
                                                    "metaName": "zValue",
                                                    "metaType": "string",
                                                    "metaValue": "32.000000"
                                                },
                                                {
                                                    "metaName": "io_ports",
                                                    "metadata": [
                                                        {
                                                            "metaName": "strands1"
                                                        }
                                                    ]
                                                }
                                            ]
                                        }
                                    ]
                                }
                            ]
                        }
                    ],
                    "ports": [
                        {
                            "portName": "current_index",
                            "portDirection": "input",
                            "portType": "long",
                            "portIterationCounter": "true"
                        },
                        {
                            "portName": "strands",
                            "portDirection": "input",
                            "portIterationTarget": "true"
                        },
                        {
                            "portName": "inside_indices",
                            "portDirection": "input",
                            "portIterationTarget": "true"
                        },
                        {
                            "portName": "strands1",
                            "portDirection": "output",
                            "portIterationTarget": "true"
                        }
                    ],
                    "compoundNodes": [
                        {
                            "nodeName": "delete_strands_points",
                            "nodeType": "Modeling::Strands::delete_strands_points",
                            "metadata": [
                                {
                                    "metaName": "DisplayMode",
                                    "metaType": "string",
                                    "metaValue": "2"
                                },
                                {
                                    "metaName": "LayoutPos",
                                    "metaType": "string",
                                    "metaValue": "-39.5 80"
                                },
                                {
                                    "metaName": "zValue",
                                    "metaType": "string",
                                    "metaValue": "31.000000"
                                }
                            ]
                        }
                    ],
                    "connections": [
                        {
                            "source": "delete_strands_points.out_strands",
                            "target": ".strands1"
                        },
                        {
                            "source": ".strands",
                            "target": "delete_strands_points.strands"
                        },
                        {
                            "source": ".inside_indices",
                            "target": "delete_strands_points.points_to_delete"
                        }
                    ],
                    "values": [
                        {
                            "valueName": "delete_strands_points.strands",
                            "valueType": "Object",
                            "value": {}
                        },
                        {
                            "valueName": "delete_strands_points.points_to_delete",
                            "valueType": "array<long>",
                            "value": []
                        },
                        {
                            "valueName": "delete_strands_points.properties",
                            "valueType": "string",
                            "value": "*"
                        }
                    ],
                    "reservedNodeNames": [
                        {
                            "name": "input"
                        },
                        {
                            "name": "output"
                        }
                    ],
                    "forEachCompound": {
                        "ports": []
                    }
                },
                {
                    "name": "for_each_resample_strands",
                    "uriImported": "stream:/bifrostGraphShape2",
                    "metadata": [
                        {
                            "metaName": "icon",
                            "metaType": "string",
                            "metaValue": "<NATIVE>../icons/LoopForEach.svg"
                        },
                        {
                            "metaName": "icon",
                            "metaType": "string",
                            "metaValue": "<NATIVE>../icons/LoopForEach.svg"
                        },
                        {
                            "metaName": "_recentNode_",
                            "metaType": "string",
                            "metaValue": "BifrostGraph,Geometry::Strands,resample_strands"
                        },
                        {
                            "metaName": "_recentNode_",
                            "metaType": "string",
                            "metaValue": "BifrostGraph,Core::Array,array_size"
                        },
                        {
                            "metaName": "_recentNode_",
                            "metaType": "string",
                            "metaValue": "BifrostGraph,Core::Iterators,for_each"
                        },
                        {
                            "metaName": "_recentNode_",
                            "metaType": "string",
                            "metaValue": "BifrostGraph,Print,print_array"
                        },
                        {
                            "metaName": "_recentNode_",
                            "metaType": "string",
                            "metaValue": "BifrostGraph,Geometry::Properties,get_point_position"
                        },
                        {
                            "metaName": "io_nodes",
                            "metadata": [
                                {
                                    "metaName": "io_inodes",
                                    "metadata": [
                                        {
                                            "metaName": "input",
                                            "metadata": [
                                                {
                                                    "metaName": "DisplayMode",
                                                    "metaType": "string",
                                                    "metaValue": "2"
                                                },
                                                {
                                                    "metaName": "LayoutPos",
                                                    "metaType": "string",
                                                    "metaValue": "-546.376 5.75354"
                                                },
                                                {
                                                    "metaName": "io_ports",
                                                    "metadata": [
                                                        {
                                                            "metaName": "max_iterations"
                                                        },
                                                        {
                                                            "metaName": "current_index"
                                                        },
                                                        {
                                                            "metaName": "strands1"
                                                        },
                                                        {
                                                            "metaName": "output"
                                                        }
                                                    ]
                                                },
                                                {
                                                    "metaName": "zValue",
                                                    "metaType": "string",
                                                    "metaValue": "34.000000"
                                                }
                                            ]
                                        }
                                    ]
                                },
                                {
                                    "metaName": "io_onodes",
                                    "metadata": [
                                        {
                                            "metaName": "output",
                                            "metadata": [
                                                {
                                                    "metaName": "DisplayMode",
                                                    "metaType": "string",
                                                    "metaValue": "2"
                                                },
                                                {
                                                    "metaName": "LayoutPos",
                                                    "metaType": "string",
                                                    "metaValue": "390.5 -14.5"
                                                },
                                                {
                                                    "metaName": "io_ports",
                                                    "metadata": [
                                                        {
                                                            "metaName": "strands2"
                                                        }
                                                    ]
                                                },
                                                {
                                                    "metaName": "zValue",
                                                    "metaType": "string",
                                                    "metaValue": "31.000000"
                                                }
                                            ]
                                        }
                                    ]
                                }
                            ]
                        },
                        {
                            "metaName": "ViewportRect",
                            "metaType": "string",
                            "metaValue": "-752 -184.5 1146 895"
                        }
                    ],
                    "ports": [
                        {
                            "portName": "max_iterations",
                            "portDirection": "input",
                            "portType": "long",
                            "portIterationLimit": "true"
                        },
                        {
                            "portName": "current_index",
                            "portDirection": "input",
                            "portType": "long",
                            "portIterationCounter": "true"
                        },
                        {
                            "portName": "strands1",
                            "portDirection": "input",
                            "portIterationTarget": "true"
                        },
                        {
                            "portName": "output",
                            "portDirection": "input"
                        },
                        {
                            "portName": "strands2",
                            "portDirection": "output",
                            "portIterationTarget": "true"
                        }
                    ],
                    "compoundNodes": [
                        {
                            "nodeName": "resample_strands",
                            "nodeType": "Geometry::Strands::resample_strands",
                            "metadata": [
                                {
                                    "metaName": "DisplayMode",
                                    "metaType": "string",
                                    "metaValue": "2"
                                },
                                {
                                    "metaName": "LayoutPos",
                                    "metaType": "string",
                                    "metaValue": "-12.975 107.072"
                                },
                                {
                                    "metaName": "PortExpandedState",
                                    "metadata": [
                                        {
                                            "metaName": "Spatial Resample",
                                            "metaType": "string",
                                            "metaValue": "1"
                                        },
                                        {
                                            "metaName": "Constant Count Resample",
                                            "metaType": "string",
                                            "metaValue": "1"
                                        }
                                    ]
                                },
                                {
                                    "metaName": "zValue",
                                    "metaType": "string",
                                    "metaValue": "33.000000"
                                }
                            ]
                        }
                    ],
                    "connections": [
                        {
                            "source": "resample_strands.resampled_strands",
                            "target": ".strands2"
                        },
                        {
                            "source": ".strands1",
                            "target": "resample_strands.strands"
                        },
                        {
                            "source": ".output",
                            "target": "resample_strands.constant_count"
                        }
                    ],
                    "values": [
                        {
                            "valueName": "resample_strands.transfer_properties",
                            "valueType": "string",
                            "value": "*"
                        },
                        {
                            "valueName": "resample_strands.resample_mode",
                            "valueType": "Geometry::Strands::resample_mode",
                            "value": "Catmull-Rom"
                        },
                        {
                            "valueName": "resample_strands.spatial_resample",
                            "valueType": "bool",
                            "value": "false"
                        },
                        {
                            "valueName": "resample_strands.spatial_distance",
                            "valueType": "float",
                            "value": "0.300000012f"
                        },
                        {
                            "valueName": "resample_strands.distance_per_strand",
                            "valueType": "array<float>",
                            "value": []
                        },
                        {
                            "valueName": "resample_strands.minimum_resample_distance",
                            "valueType": "float",
                            "value": "0.00100000005f"
                        },
                        {
                            "valueName": "resample_strands.constant_count",
                            "valueType": "long",
                            "value": "20"
                        },
                        {
                            "valueName": "resample_strands.count_per_strand",
                            "valueType": "array<long>",
                            "value": []
                        },
                        {
                            "valueName": "resample_strands.end_point_mode",
                            "valueType": "Geometry::Strands::end_point_mode",
                            "value": "Straight"
                        },
                        {
                            "valueName": "resample_strands.tension",
                            "valueType": "float",
                            "value": "0f"
                        },
                        {
                            "valueName": "resample_strands.alpha",
                            "valueType": "float",
                            "value": "0.5f"
                        }
                    ],
                    "reservedNodeNames": [
                        {
                            "name": "input"
                        },
                        {
                            "name": "output"
                        }
                    ],
                    "forEachCompound": {
                        "ports": []
                    }
                }
            ],
            "compoundNodes": [
                {
                    "nodeName": "blade_to_mesh_selector",
                    "nodeType": "blade_to_mesh_selector",
                    "terminalStates": [
                        {
                            "name": "Core::Graph::terminal::final",
                            "enabled": "false"
                        },
                        {
                            "name": "Core::Graph::terminal::proxy",
                            "enabled": "true"
                        },
                        {
                            "name": "Core::Graph::terminal::diagnostic",
                            "enabled": "false"
                        }
                    ],
                    "metadata": [
                        {
                            "metaName": "DisplayMode",
                            "metaType": "string",
                            "metaValue": "2"
                        },
                        {
                            "metaName": "LayoutPos",
                            "metaType": "string",
                            "metaValue": "639.057 -229.083"
                        },
                        {
                            "metaName": "zValue",
                            "metaType": "string",
                            "metaValue": "42.000000"
                        }
                    ]
                },
                {
                    "nodeName": "delet_outside_points",
                    "nodeType": "delet_outside_points",
                    "metadata": [
                        {
                            "metaName": "DisplayMode",
                            "metaType": "string",
                            "metaValue": "2"
                        },
                        {
                            "metaName": "LayoutPos",
                            "metaType": "string",
                            "metaValue": "1190.16 -36.5856"
                        },
                        {
                            "metaName": "zValue",
                            "metaType": "string",
                            "metaValue": "32.000000"
                        }
                    ]
                },
                {
                    "nodeName": "for_each_resample_strands",
                    "nodeType": "for_each_resample_strands",
                    "metadata": [
                        {
                            "metaName": "DisplayMode",
                            "metaType": "string",
                            "metaValue": "2"
                        },
                        {
                            "metaName": "zValue",
                            "metaType": "string",
                            "metaValue": "45.000000"
                        },
                        {
                            "metaName": "LayoutPos",
                            "metaType": "string",
                            "metaValue": "1851.49 -83.4017"
                        }
                    ]
                },
                {
                    "nodeName": "array_size11",
                    "nodeType": "Core::Array::array_size",
                    "metadata": [
                        {
                            "metaName": "DisplayMode",
                            "metaType": "string",
                            "metaValue": "2"
                        },
                        {
                            "metaName": "LayoutPos",
                            "metaType": "string",
                            "metaValue": "1524.61 -201.707"
                        },
                        {
                            "metaName": "zValue",
                            "metaType": "string",
                            "metaValue": "31.000000"
                        }
                    ]
                },
                {
                    "nodeName": "cropped_trough_veins1",
                    "nodeType": "Core::Graph::terminal",
                    "fanInPortNames": {
                        "final": [],
                        "proxy": [],
                        "diagnostic": [
                            "strands1"
                        ]
                    },
                    "terminalStates": [
                        {
                            "name": "Core::Graph::terminal::final",
                            "enabled": "false"
                        },
                        {
                            "name": "Core::Graph::terminal::proxy",
                            "enabled": "false"
                        },
                        {
                            "name": "Core::Graph::terminal::diagnostic",
                            "enabled": "true"
                        }
                    ],
                    "metadata": [
                        {
                            "metaName": "DisplayMode",
                            "metaType": "string",
                            "metaValue": "2"
                        },
                        {
                            "metaName": "PortExpandedState",
                            "metadata": [
                                {
                                    "metaName": "diagnostic",
                                    "metaType": "string",
                                    "metaValue": "1"
                                }
                            ]
                        },
                        {
                            "metaName": "zValue",
                            "metaType": "string",
                            "metaValue": "47.000000"
                        },
                        {
                            "metaName": "LayoutPos",
                            "metaType": "string",
                            "metaValue": "1917.87 442.937"
                        }
                    ]
                },
                {
                    "nodeName": "geom_shape_selector_LI",
                    "nodeType": "User::Compounds::geom_shape_selector_LI",
                    "metadata": [
                        {
                            "metaName": "DisplayMode",
                            "metaType": "string",
                            "metaValue": "2"
                        },
                        {
                            "metaName": "LayoutPos",
                            "metaType": "string",
                            "metaValue": "925 158.332"
                        },
                        {
                            "metaName": "zValue",
                            "metaType": "string",
                            "metaValue": "35.000000"
                        }
                    ]
                },
                {
                    "nodeName": "get_point_position",
                    "nodeType": "Geometry::Properties::get_point_position",
                    "metadata": [
                        {
                            "metaName": "DisplayMode",
                            "metaType": "string",
                            "metaValue": "2"
                        },
                        {
                            "metaName": "LayoutPos",
                            "metaType": "string",
                            "metaValue": "639.057 403.726"
                        },
                        {
                            "metaName": "zValue",
                            "metaType": "string",
                            "metaValue": "36.000000"
                        }
                    ]
                },
                {
                    "nodeName": "pass_lerp_peak_veins",
                    "nodeType": "Core::Graph::pass",
                    "metadata": [
                        {
                            "metaName": "DisplayMode",
                            "metaType": "string",
                            "metaValue": "2"
                        },
                        {
                            "metaName": "LayoutPos",
                            "metaType": "string",
                            "metaValue": "354.847 422.344"
                        },
                        {
                            "metaName": "zValue",
                            "metaType": "string",
                            "metaValue": "33.000000"
                        }
                    ]
                },
                {
                    "nodeName": "peak_vein_point_count",
                    "nodeType": "Core::Graph::pass",
                    "metadata": [
                        {
                            "metaName": "DisplayMode",
                            "metaType": "string",
                            "metaValue": "2"
                        },
                        {
                            "metaName": "LayoutPos",
                            "metaType": "string",
                            "metaValue": "1498.62 582.49"
                        },
                        {
                            "metaName": "zValue",
                            "metaType": "string",
                            "metaValue": "34.000000"
                        }
                    ]
                },
                {
                    "nodeName": "serrate_dentate_silhouette",
                    "nodeType": "Core::Graph::pass",
                    "metadata": [
                        {
                            "metaName": "DisplayMode",
                            "metaType": "string",
                            "metaValue": "2"
                        },
                        {
                            "metaName": "LayoutPos",
                            "metaType": "string",
                            "metaValue": "329.005 -169.329"
                        },
                        {
                            "metaName": "zValue",
                            "metaType": "string",
                            "metaValue": "39.000000"
                        }
                    ]
                }
            ],
            "connections": [
                {
                    "source": "delet_outside_points.strands1",
                    "target": "array_size11.array"
                },
                {
                    "source": "array_size11.size",
                    "target": "for_each_resample_strands.max_iterations"
                },
                {
                    "source": "serrate_dentate_silhouette.output",
                    "target": "blade_to_mesh_selector.silhouette_out"
                },
                {
                    "source": "blade_to_mesh_selector.out_mesh",
                    "target": "geom_shape_selector_LI.geom_area_to_select"
                },
                {
                    "source": "delet_outside_points.strands1",
                    "target": "cropped_trough_veins1.diagnostic.strands1"
                },
                {
                    "source": "pass_lerp_peak_veins.output",
                    "target": "delet_outside_points.strands"
                },
                {
                    "source": "geom_shape_selector_LI.inside_indices",
                    "target": "delet_outside_points.inside_indices"
                },
                {
                    "source": "delet_outside_points.strands1",
                    "target": "for_each_resample_strands.strands1"
                },
                {
                    "source": "peak_vein_point_count.output",
                    "target": "for_each_resample_strands.output"
                },
                {
                    "source": "for_each_resample_strands.strands2",
                    "target": ".cropped_veins"
                },
                {
                    "source": "get_point_position.point_position",
                    "target": "geom_shape_selector_LI.select_from_this"
                },
                {
                    "source": "pass_lerp_peak_veins.output",
                    "target": "get_point_position.geometry"
                },
                {
                    "source": ".strands_to_crop",
                    "target": "pass_lerp_peak_veins.input"
                },
                {
                    "source": ".peak_vein_point_count",
                    "target": "peak_vein_point_count.input"
                },
                {
                    "source": ".silhouette_in",
                    "target": "serrate_dentate_silhouette.input"
                }
            ],
            "values": [
                {
                    "valueName": "blade_to_mesh_selector.silhouette_out",
                    "valueType": "Object",
                    "value": {}
                },
                {
                    "valueName": "for_each_resample_strands.max_iterations",
                    "valueType": "long",
                    "value": "10"
                },
                {
                    "valueName": "geom_shape_selector_LI.geom_area_to_select",
                    "valueType": "Object",
                    "value": {}
                },
                {
                    "valueName": "geom_shape_selector_LI.select_from_this",
                    "valueType": "array<Math::float3>",
                    "value": []
                },
                {
                    "valueName": "geom_shape_selector_LI.invert",
                    "valueType": "bool",
                    "value": "false"
                }
            ],
            "reservedNodeNames": [
                {
                    "name": "input"
                },
                {
                    "name": "output"
                }
            ]
        }
    ]
}
