{
    "header": {
        "metadata": [
            {
                "metaName": "adskFileFormatVersion",
                "metaValue": "100L"
            }
        ]
    },
    "namespaces": [],
    "types": [],
    "compounds": [
        {
            "name": "User::Compounds::delete_mesh_faces_by_bool_arrayLI",
            "metadata": [
                {
                    "metaName": "UILayout",
                    "metaType": "string",
                    "metaValue": "{\n    \"NodeLayout\": {\n        \"hideUndeclaredPorts\": false,\n        \"items\": [\n            {\n                \"port\": \"mesh\"\n            },\n            {\n                \"expanded\": false,\n                \"group\": \"Collection\",\n                \"items\": [\n                    {\n                        \"port\": \"collection_name\"\n                    },\n                    {\n                        \"port\": \"invert\"\n                    }\n                ]\n            }\n        ]\n    }\n}\n"
                },
                {
                    "metaName": "icon",
                    "metaType": "string",
                    "metaValue": "icons/rebelPack.svg"
                },
                {
                    "metaName": "_recentNode_",
                    "metaType": "string",
                    "metaValue": "BifrostGraph,Modeling::Mesh,delete_faces"
                },
                {
                    "metaName": "_recentNode_",
                    "metaType": "string",
                    "metaValue": "BifrostBoard,Core::Logic,not"
                },
                {
                    "metaName": "_recentNode_",
                    "metaType": "string",
                    "metaValue": "BifrostBoard,Core::Logic,if"
                },
                {
                    "metaName": "_recentNode_",
                    "metaType": "string",
                    "metaValue": "BifrostBoard,BifrostExp,erase_property"
                },
                {
                    "metaName": "_recentNode_",
                    "metaType": "string",
                    "metaValue": "BifrostBoard,BifrostExp,get_geo_component"
                },
                {
                    "metaName": "ViewportRect",
                    "metaType": "string",
                    "metaValue": "-2432.43 -885.713 1074.63 958.076"
                },
                {
                    "metaName": "io_nodes",
                    "metadata": [
                        {
                            "metaName": "io_inodes",
                            "metadata": [
                                {
                                    "metaName": "input",
                                    "metadata": [
                                        {
                                            "metaName": "DisplayMode",
                                            "metaType": "string",
                                            "metaValue": "2"
                                        },
                                        {
                                            "metaName": "LayoutPos",
                                            "metaType": "string",
                                            "metaValue": "-3325 -225"
                                        },
                                        {
                                            "metaName": "zValue",
                                            "metaType": "string",
                                            "metaValue": "36.000000"
                                        },
                                        {
                                            "metaName": "io_ports",
                                            "metadata": [
                                                {
                                                    "metaName": "mesh"
                                                },
                                                {
                                                    "metaName": "bitset"
                                                }
                                            ]
                                        }
                                    ]
                                }
                            ]
                        },
                        {
                            "metaName": "io_onodes",
                            "metadata": [
                                {
                                    "metaName": "output",
                                    "metadata": [
                                        {
                                            "metaName": "DisplayMode",
                                            "metaType": "string",
                                            "metaValue": "2"
                                        },
                                        {
                                            "metaName": "zValue",
                                            "metaType": "string",
                                            "metaValue": "43.000000"
                                        },
                                        {
                                            "metaName": "LayoutPos",
                                            "metaType": "string",
                                            "metaValue": "-1450 -364.135"
                                        },
                                        {
                                            "metaName": "io_ports",
                                            "metadata": [
                                                {
                                                    "metaName": "out_mesh"
                                                }
                                            ]
                                        }
                                    ]
                                }
                            ]
                        }
                    ]
                },
                {
                    "metaName": "DisplayMode",
                    "metaType": "string",
                    "metaValue": "2"
                },
                {
                    "metaName": "LayoutPos",
                    "metaType": "string",
                    "metaValue": "97.3277 6.4505"
                },
                {
                    "metaName": "zValue",
                    "metaType": "string",
                    "metaValue": "51.000000"
                }
            ],
            "ports": [
                {
                    "portName": "mesh",
                    "portDirection": "input",
                    "portType": "Object"
                },
                {
                    "portName": "bitset",
                    "portDirection": "input",
                    "portType": "array<bool>",
                    "portDefault": []
                },
                {
                    "portName": "out_mesh",
                    "portDirection": "output",
                    "portType": "Object"
                }
            ],
            "compoundNodes": [
                {
                    "nodeName": "set_name",
                    "valueType": "string",
                    "metadata": [
                        {
                            "metaName": "DisplayMode",
                            "metaType": "string",
                            "metaValue": "2"
                        },
                        {
                            "metaName": "valuenode_defaultvalue",
                            "metaType": "string",
                            "metaValue": "kill_set"
                        },
                        {
                            "metaName": "LayoutPos",
                            "metaType": "string",
                            "metaValue": "-2963.13 -407.791"
                        },
                        {
                            "metaName": "zValue",
                            "metaType": "string",
                            "metaValue": "31.000000"
                        }
                    ]
                },
                {
                    "nodeName": "erase_property",
                    "nodeType": "Core::Object::erase_property",
                    "metadata": [
                        {
                            "metaName": "DisplayMode",
                            "metaType": "string",
                            "metaValue": "2"
                        },
                        {
                            "metaName": "zValue",
                            "metaType": "string",
                            "metaValue": "41.000000"
                        },
                        {
                            "metaName": "LayoutPos",
                            "metaType": "string",
                            "metaValue": "-1786.39 -461.49"
                        }
                    ]
                },
                {
                    "nodeName": "set_property1",
                    "nodeType": "Core::Object::set_property",
                    "metadata": [
                        {
                            "metaName": "DisplayMode",
                            "metaType": "string",
                            "metaValue": "2"
                        },
                        {
                            "metaName": "LayoutPos",
                            "metaType": "string",
                            "metaValue": "-2882.27 -89.8448"
                        },
                        {
                            "metaName": "zValue",
                            "metaType": "string",
                            "metaValue": "34.000000"
                        }
                    ]
                },
                {
                    "nodeName": "set_property2",
                    "nodeType": "Core::Object::set_property",
                    "metadata": [
                        {
                            "metaName": "DisplayMode",
                            "metaType": "string",
                            "metaValue": "2"
                        },
                        {
                            "metaName": "zValue",
                            "metaType": "string",
                            "metaValue": "40.000000"
                        },
                        {
                            "metaName": "LayoutPos",
                            "metaType": "string",
                            "metaValue": "-2590.87 -140.419"
                        }
                    ]
                },
                {
                    "nodeName": "delete_faces1",
                    "nodeType": "Modeling::Mesh::delete_faces",
                    "metadata": [
                        {
                            "metaName": "DisplayMode",
                            "metaType": "string",
                            "metaValue": "2"
                        },
                        {
                            "metaName": "zValue",
                            "metaType": "string",
                            "metaValue": "39.000000"
                        },
                        {
                            "metaName": "LayoutPos",
                            "metaType": "string",
                            "metaValue": "-2226.83 -616.03"
                        }
                    ]
                }
            ],
            "connections": [
                {
                    "source": "set_name.output",
                    "target": "set_property2.key"
                },
                {
                    "source": "set_name.output",
                    "target": "delete_faces1.properties"
                },
                {
                    "source": "set_name.output",
                    "target": "erase_property.key"
                },
                {
                    "source": "erase_property.out_object",
                    "target": ".out_mesh"
                },
                {
                    "source": "set_property1.out_object",
                    "target": "set_property2.value"
                },
                {
                    "source": "set_property2.out_object",
                    "target": "delete_faces1.mesh"
                },
                {
                    "source": "delete_faces1.out_mesh",
                    "target": "erase_property.object"
                },
                {
                    "source": ".mesh",
                    "target": "set_property2.object"
                },
                {
                    "source": ".bitset",
                    "target": "set_property1.value"
                }
            ],
            "values": [
                {
                    "valueName": "set_name.value",
                    "valueType": "string",
                    "value": "kill_set"
                },
                {
                    "valueName": "set_property1.key",
                    "valueType": "string",
                    "value": "bitset"
                },
                {
                    "valueName": "delete_faces1.mesh",
                    "valueType": "Object",
                    "value": {}
                },
                {
                    "valueName": "delete_faces1.faces_to_delete",
                    "valueType": "array<long>",
                    "value": []
                },
                {
                    "valueName": "delete_faces1.properties",
                    "valueType": "string",
                    "value": "*"
                }
            ],
            "reservedNodeNames": [
                {
                    "name": "input"
                },
                {
                    "name": "output"
                }
            ]
        }
    ]
}
