{
    "header": {
        "metadata": [
            {
                "metaName": "adskFileFormatVersion",
                "metaValue": "100L"
            }
        ]
    },
    "namespaces": [],
    "types": [],
    "compounds": [
        {
            "name": "User::Compounds::delete_points_on_half_z_li",
            "uriImported": "stream:/bifrostGraphShape1",
            "metadata": [
                {
                    "metaName": "io_nodes",
                    "metadata": [
                        {
                            "metaName": "io_inodes",
                            "metadata": [
                                {
                                    "metaName": "input",
                                    "metadata": [
                                        {
                                            "metaName": "io_ports",
                                            "metadata": [
                                                {
                                                    "metaName": "mesh"
                                                }
                                            ]
                                        },
                                        {
                                            "metaName": "DisplayMode",
                                            "metaType": "string",
                                            "metaValue": "2"
                                        },
                                        {
                                            "metaName": "LayoutPos",
                                            "metaType": "string",
                                            "metaValue": "-901.142 -99.3834"
                                        },
                                        {
                                            "metaName": "zValue",
                                            "metaType": "string",
                                            "metaValue": "31.000000"
                                        }
                                    ]
                                }
                            ]
                        },
                        {
                            "metaName": "io_onodes",
                            "metadata": [
                                {
                                    "metaName": "output",
                                    "metadata": [
                                        {
                                            "metaName": "DisplayMode",
                                            "metaType": "string",
                                            "metaValue": "2"
                                        },
                                        {
                                            "metaName": "zValue",
                                            "metaType": "string",
                                            "metaValue": "88.000000"
                                        },
                                        {
                                            "metaName": "LayoutPos",
                                            "metaType": "string",
                                            "metaValue": "2286.02 -233.656"
                                        },
                                        {
                                            "metaName": "io_ports",
                                            "metadata": [
                                                {
                                                    "metaName": "out_mesh"
                                                },
                                                {
                                                    "metaName": "cut_plane_position"
                                                }
                                            ]
                                        }
                                    ]
                                }
                            ]
                        }
                    ]
                },
                {
                    "metaName": "_recentNode_",
                    "metaType": "string",
                    "metaValue": "BifrostGraph,Core::Math,subtract"
                },
                {
                    "metaName": "_recentNode_",
                    "metaType": "string",
                    "metaValue": "BifrostGraph,Core::Math,add"
                },
                {
                    "metaName": "_recentNode_",
                    "metaType": "string",
                    "metaValue": "BifrostGraph,Core::Math,half_of"
                },
                {
                    "metaName": "_recentNode_",
                    "metaType": "string",
                    "metaValue": "BifrostGraph,Core::Logic,greater"
                },
                {
                    "metaName": "_recentNode_",
                    "metaType": "string",
                    "metaValue": "BifrostGraph,Core::Array,array_bounds"
                },
                {
                    "metaName": "ViewportRect",
                    "metaType": "string",
                    "metaValue": "-508.328 -724.129 1412.5 1215.65"
                },
                {
                    "metaName": "DisplayMode",
                    "metaType": "string",
                    "metaValue": "2"
                },
                {
                    "metaName": "LayoutPos",
                    "metaType": "string",
                    "metaValue": "-2563.47 -364.965"
                },
                {
                    "metaName": "zValue",
                    "metaType": "string",
                    "metaValue": "68.000000"
                }
            ],
            "ports": [
                {
                    "portName": "mesh",
                    "portDirection": "input"
                },
                {
                    "portName": "out_mesh",
                    "portDirection": "output"
                },
                {
                    "portName": "cut_plane_position",
                    "portDirection": "output",
                    "portType": "float"
                }
            ],
            "compoundNodes": [
                {
                    "nodeName": "get_point_position",
                    "nodeType": "Geometry::Properties::get_point_position",
                    "metadata": [
                        {
                            "metaName": "DisplayMode",
                            "metaType": "string",
                            "metaValue": "2"
                        },
                        {
                            "metaName": "LayoutPos",
                            "metaType": "string",
                            "metaValue": "-617.972 197.53"
                        },
                        {
                            "metaName": "zValue",
                            "metaType": "string",
                            "metaValue": "33.000000"
                        }
                    ]
                },
                {
                    "nodeName": "delete_mesh_points",
                    "nodeType": "Modeling::Mesh::delete_mesh_points",
                    "metadata": [
                        {
                            "metaName": "DisplayMode",
                            "metaType": "string",
                            "metaValue": "2"
                        },
                        {
                            "metaName": "zValue",
                            "metaType": "string",
                            "metaValue": "89.000000"
                        },
                        {
                            "metaName": "LayoutPos",
                            "metaType": "string",
                            "metaValue": "1984.6 -214.361"
                        }
                    ]
                },
                {
                    "nodeName": "find_all_true_in_array",
                    "nodeType": "Core::Array::find_all_true_in_array",
                    "metadata": [
                        {
                            "metaName": "DisplayMode",
                            "metaType": "string",
                            "metaValue": "2"
                        },
                        {
                            "metaName": "zValue",
                            "metaType": "string",
                            "metaValue": "90.000000"
                        },
                        {
                            "metaName": "LayoutPos",
                            "metaType": "string",
                            "metaValue": "1687.42 -88.503"
                        }
                    ]
                },
                {
                    "nodeName": "vector3_to_scalar",
                    "nodeType": "Core::Conversion::vector3_to_scalar",
                    "metadata": [
                        {
                            "metaName": "DisplayMode",
                            "metaType": "string",
                            "metaValue": "2"
                        },
                        {
                            "metaName": "zValue",
                            "metaType": "string",
                            "metaValue": "58.000000"
                        },
                        {
                            "metaName": "LayoutPos",
                            "metaType": "string",
                            "metaValue": "-370.501 324.453"
                        }
                    ]
                },
                {
                    "nodeName": "less",
                    "nodeType": "Core::Logic::less",
                    "metadata": [
                        {
                            "metaName": "DisplayMode",
                            "metaType": "string",
                            "metaValue": "2"
                        },
                        {
                            "metaName": "zValue",
                            "metaType": "string",
                            "metaValue": "91.000000"
                        },
                        {
                            "metaName": "LayoutPos",
                            "metaType": "string",
                            "metaValue": "1368.01 -3.65449"
                        }
                    ]
                },
                {
                    "nodeName": "array_bounds",
                    "nodeType": "Core::Array::array_bounds",
                    "metadata": [
                        {
                            "metaName": "DisplayMode",
                            "metaType": "string",
                            "metaValue": "2"
                        },
                        {
                            "metaName": "zValue",
                            "metaType": "string",
                            "metaValue": "85.000000"
                        },
                        {
                            "metaName": "LayoutPos",
                            "metaType": "string",
                            "metaValue": "-94.8746 363.152"
                        }
                    ]
                },
                {
                    "nodeName": "subtract",
                    "nodeType": "Core::Math::subtract",
                    "multiInPortNames": [
                        "max_bound",
                        "min_bound"
                    ],
                    "metadata": [
                        {
                            "metaName": "DisplayMode",
                            "metaType": "string",
                            "metaValue": "2"
                        },
                        {
                            "metaName": "NodeWidthOffset",
                            "metaType": "string",
                            "metaValue": "0"
                        },
                        {
                            "metaName": "zValue",
                            "metaType": "string",
                            "metaValue": "83.000000"
                        },
                        {
                            "metaName": "LayoutPos",
                            "metaType": "string",
                            "metaValue": "252.124 315.05"
                        }
                    ]
                },
                {
                    "nodeName": "half_of",
                    "nodeType": "Core::Math::half_of",
                    "metadata": [
                        {
                            "metaName": "DisplayMode",
                            "metaType": "string",
                            "metaValue": "2"
                        },
                        {
                            "metaName": "zValue",
                            "metaType": "string",
                            "metaValue": "86.000000"
                        },
                        {
                            "metaName": "LayoutPos",
                            "metaType": "string",
                            "metaValue": "539.369 482.234"
                        }
                    ]
                },
                {
                    "nodeName": "subtract1",
                    "nodeType": "Core::Math::subtract",
                    "multiInPortNames": [
                        "max_bound",
                        "half_value"
                    ],
                    "metadata": [
                        {
                            "metaName": "DisplayMode",
                            "metaType": "string",
                            "metaValue": "2"
                        },
                        {
                            "metaName": "zValue",
                            "metaType": "string",
                            "metaValue": "77.000000"
                        },
                        {
                            "metaName": "LayoutPos",
                            "metaType": "string",
                            "metaValue": "1008.51 577.012"
                        }
                    ]
                }
            ],
            "connections": [
                {
                    "source": ".mesh",
                    "target": "get_point_position.geometry"
                },
                {
                    "source": "get_point_position.point_position",
                    "target": "vector3_to_scalar.vector3"
                },
                {
                    "source": "vector3_to_scalar.z",
                    "target": "array_bounds.array"
                },
                {
                    "source": "array_bounds.max_bound",
                    "target": "subtract.first.max_bound"
                },
                {
                    "source": "array_bounds.min_bound",
                    "target": "subtract.first.min_bound"
                },
                {
                    "source": "vector3_to_scalar.z",
                    "target": "less.first"
                },
                {
                    "source": ".mesh",
                    "target": "delete_mesh_points.mesh"
                },
                {
                    "source": "find_all_true_in_array.indices",
                    "target": "delete_mesh_points.points_to_delete"
                },
                {
                    "source": "delete_mesh_points.out_mesh",
                    "target": ".out_mesh"
                },
                {
                    "source": "less.output",
                    "target": "find_all_true_in_array.boolean_array"
                },
                {
                    "source": "subtract.output",
                    "target": "half_of.value"
                },
                {
                    "source": "array_bounds.max_bound",
                    "target": "subtract1.first.max_bound"
                },
                {
                    "source": "half_of.half_value",
                    "target": "subtract1.first.half_value"
                },
                {
                    "source": "subtract1.output",
                    "target": "less.second"
                }
            ],
            "values": [
                {
                    "valueName": "delete_mesh_points.points_to_delete",
                    "valueType": "array<long>",
                    "value": []
                },
                {
                    "valueName": "less.second",
                    "valueType": "float",
                    "value": "10.0299997f"
                }
            ],
            "reservedNodeNames": [
                {
                    "name": "input"
                },
                {
                    "name": "output"
                }
            ]
        }
    ]
}
