{
    "header": {
        "metadata": [
            {
                "metaName": "adskFileFormatVersion",
                "metaValue": "100L"
            }
        ]
    },
    "namespaces": [],
    "types": [],
    "compounds": [
        {
            "name": "User::Compounds::geom_shape_selector_LI",
            "uriImported": "stream:/bifrostGraphShape1",
            "metadata": [
                {
                    "metaName": "_recentNode_",
                    "metaType": "string",
                    "metaValue": "BifrostGraph,Core::Array,get_array_indices"
                },
                {
                    "metaName": "_recentNode_",
                    "metaType": "string",
                    "metaValue": "BifrostGraph,Core::Array,set_in_array"
                },
                {
                    "metaName": "_recentNode_",
                    "metaType": "string",
                    "metaValue": "BifrostGraph,Geometry::Query,sample_property"
                },
                {
                    "metaName": "_recentNode_",
                    "metaType": "string",
                    "metaValue": "BifrostGraph,Simulation::Particles,set_particle_property_from_age"
                },
                {
                    "metaName": "_recentNode_",
                    "metaType": "string",
                    "metaValue": "BifrostGraph,Modeling::Instances,create_instances"
                },
                {
                    "metaName": "io_nodes",
                    "metadata": [
                        {
                            "metaName": "io_inodes",
                            "metadata": [
                                {
                                    "metaName": "input1",
                                    "metadata": [
                                        {
                                            "metaName": "DisplayMode",
                                            "metaType": "string",
                                            "metaValue": "2"
                                        },
                                        {
                                            "metaName": "LayoutPos",
                                            "metaType": "string",
                                            "metaValue": "-634.123 -374.423"
                                        },
                                        {
                                            "metaName": "io_ports",
                                            "metadata": [
                                                {
                                                    "metaName": "geom_area_to_select"
                                                },
                                                {
                                                    "metaName": "select_from_this"
                                                },
                                                {
                                                    "metaName": "invert"
                                                }
                                            ]
                                        },
                                        {
                                            "metaName": "zValue",
                                            "metaType": "string",
                                            "metaValue": "36.000000"
                                        }
                                    ]
                                }
                            ]
                        },
                        {
                            "metaName": "io_onodes",
                            "metadata": [
                                {
                                    "metaName": "output1",
                                    "metadata": [
                                        {
                                            "metaName": "DisplayMode",
                                            "metaType": "string",
                                            "metaValue": "2"
                                        },
                                        {
                                            "metaName": "LayoutPos",
                                            "metaType": "string",
                                            "metaValue": "2741.48 -398.162"
                                        },
                                        {
                                            "metaName": "io_ports",
                                            "metadata": [
                                                {
                                                    "metaName": "inside_indices"
                                                },
                                                {
                                                    "metaName": "outside_indicies"
                                                },
                                                {
                                                    "metaName": "output"
                                                }
                                            ]
                                        },
                                        {
                                            "metaName": "zValue",
                                            "metaType": "string",
                                            "metaValue": "37.000000"
                                        }
                                    ]
                                }
                            ]
                        }
                    ]
                },
                {
                    "metaName": "backdrop",
                    "metadata": [
                        {
                            "metaName": "type",
                            "metaType": "string",
                            "metaValue": "backdrop"
                        },
                        {
                            "metaName": "title",
                            "metaType": "string",
                            "metaValue": "Backdrop"
                        },
                        {
                            "metaName": "coords",
                            "metaType": "string",
                            "metaValue": "-313.46 -671.437 404 410.354"
                        }
                    ]
                },
                {
                    "metaName": "sticky_note",
                    "metadata": [
                        {
                            "metaName": "type",
                            "metaType": "string",
                            "metaValue": "sticky_note"
                        },
                        {
                            "metaName": "color",
                            "metaType": "string",
                            "metaValue": "#ffe2cc5c"
                        },
                        {
                            "metaName": "text",
                            "metaType": "string",
                            "metaValue": "Geometry that selects points that are placed inside. Points are selected within this model. Point indicies in convex mesh."
                        },
                        {
                            "metaName": "coords",
                            "metaType": "string",
                            "metaValue": "-299.864 -625.194 384 144"
                        },
                        {
                            "metaName": "zValue",
                            "metaType": "string",
                            "metaValue": "42.000000"
                        }
                    ]
                },
                {
                    "metaName": "ViewportRect",
                    "metaType": "string",
                    "metaValue": "1354.49 -1032.51 1786 1391.18"
                },
                {
                    "metaName": "DisplayMode",
                    "metaType": "string",
                    "metaValue": "2"
                },
                {
                    "metaName": "LayoutPos",
                    "metaType": "string",
                    "metaValue": "252.137 36.0995"
                },
                {
                    "metaName": "zValue",
                    "metaType": "string",
                    "metaValue": "58.000000"
                }
            ],
            "ports": [
                {
                    "portName": "geom_area_to_select",
                    "portDirection": "input",
                    "portType": "Object",
                    "portDefault": {}
                },
                {
                    "portName": "select_from_this",
                    "portDirection": "input",
                    "portType": "array<Math::float3>",
                    "portDefault": []
                },
                {
                    "portName": "invert",
                    "portDirection": "input",
                    "portType": "bool",
                    "portDefault": "false"
                },
                {
                    "portName": "inside_indices",
                    "portDirection": "output",
                    "portType": "array<long>"
                },
                {
                    "portName": "outside_indicies",
                    "portDirection": "output",
                    "portType": "array<long>"
                },
                {
                    "portName": "output",
                    "portDirection": "output"
                }
            ],
            "compoundNodes": [
                {
                    "nodeName": "dot",
                    "nodeType": "Core::Math::dot",
                    "metadata": [
                        {
                            "metaName": "DisplayMode",
                            "metaType": "string",
                            "metaValue": "2"
                        },
                        {
                            "metaName": "LayoutPos",
                            "metaType": "string",
                            "metaValue": "1396.94 -187.427"
                        },
                        {
                            "metaName": "zValue",
                            "metaType": "string",
                            "metaValue": "33.000000"
                        }
                    ]
                },
                {
                    "nodeName": "find_all_in_array",
                    "nodeType": "Core::Array::find_all_in_array",
                    "metadata": [
                        {
                            "metaName": "DisplayMode",
                            "metaType": "string",
                            "metaValue": "2"
                        },
                        {
                            "metaName": "LayoutPos",
                            "metaType": "string",
                            "metaValue": "2258.52 -540.485"
                        },
                        {
                            "metaName": "zValue",
                            "metaType": "string",
                            "metaValue": "45.000000"
                        }
                    ]
                },
                {
                    "nodeName": "find_all_true_in_array",
                    "nodeType": "Core::Array::find_all_true_in_array",
                    "metadata": [
                        {
                            "metaName": "DisplayMode",
                            "metaType": "string",
                            "metaValue": "2"
                        },
                        {
                            "metaName": "LayoutPos",
                            "metaType": "string",
                            "metaValue": "2284.03 -146.196"
                        },
                        {
                            "metaName": "zValue",
                            "metaType": "string",
                            "metaValue": "40.000000"
                        }
                    ]
                },
                {
                    "nodeName": "get_closest_locations",
                    "nodeType": "Geometry::Query::get_closest_locations",
                    "metadata": [
                        {
                            "metaName": "DisplayMode",
                            "metaType": "string",
                            "metaValue": "2"
                        },
                        {
                            "metaName": "LayoutPos",
                            "metaType": "string",
                            "metaValue": "233.117 -249.49"
                        },
                        {
                            "metaName": "zValue",
                            "metaType": "string",
                            "metaValue": "31.000000"
                        }
                    ]
                },
                {
                    "nodeName": "greater",
                    "nodeType": "Core::Logic::greater",
                    "metadata": [
                        {
                            "metaName": "DisplayMode",
                            "metaType": "string",
                            "metaValue": "2"
                        },
                        {
                            "metaName": "zValue",
                            "metaType": "string",
                            "metaValue": "44.000000"
                        },
                        {
                            "metaName": "LayoutPos",
                            "metaType": "string",
                            "metaValue": "1757.14 -281.792"
                        }
                    ]
                },
                {
                    "nodeName": "sample_property",
                    "nodeType": "Geometry::Query::sample_property",
                    "metadata": [
                        {
                            "metaName": "DisplayMode",
                            "metaType": "string",
                            "metaValue": "2"
                        },
                        {
                            "metaName": "LayoutPos",
                            "metaType": "string",
                            "metaValue": "624.577 -461.934"
                        },
                        {
                            "metaName": "zValue",
                            "metaType": "string",
                            "metaValue": "32.000000"
                        }
                    ]
                },
                {
                    "nodeName": "sample_property1",
                    "nodeType": "Geometry::Query::sample_property",
                    "metadata": [
                        {
                            "metaName": "DisplayMode",
                            "metaType": "string",
                            "metaValue": "2"
                        },
                        {
                            "metaName": "LayoutPos",
                            "metaType": "string",
                            "metaValue": "631.026 -109.348"
                        },
                        {
                            "metaName": "zValue",
                            "metaType": "string",
                            "metaValue": "38.000000"
                        }
                    ]
                },
                {
                    "nodeName": "select_p_fom_this_positions",
                    "nodeType": "Core::Graph::pass",
                    "metadata": [
                        {
                            "metaName": "DisplayMode",
                            "metaType": "string",
                            "metaValue": "2"
                        },
                        {
                            "metaName": "LayoutPos",
                            "metaType": "string",
                            "metaValue": "-236.423 20.0952"
                        },
                        {
                            "metaName": "zValue",
                            "metaType": "string",
                            "metaValue": "35.000000"
                        }
                    ]
                },
                {
                    "nodeName": "selector_shape",
                    "nodeType": "Core::Graph::pass",
                    "metadata": [
                        {
                            "metaName": "DisplayMode",
                            "metaType": "string",
                            "metaValue": "2"
                        },
                        {
                            "metaName": "LayoutPos",
                            "metaType": "string",
                            "metaValue": "-263.776 -475.529"
                        },
                        {
                            "metaName": "zValue",
                            "metaType": "string",
                            "metaValue": "43.000000"
                        }
                    ]
                },
                {
                    "nodeName": "subtract",
                    "nodeType": "Core::Math::subtract",
                    "multiInPortNames": [
                        "sampled_data",
                        "output1"
                    ],
                    "metadata": [
                        {
                            "metaName": "DisplayMode",
                            "metaType": "string",
                            "metaValue": "2"
                        },
                        {
                            "metaName": "LayoutPos",
                            "metaType": "string",
                            "metaValue": "1041.66 -35.7894"
                        },
                        {
                            "metaName": "zValue",
                            "metaType": "string",
                            "metaValue": "34.000000"
                        }
                    ]
                }
            ],
            "connections": [
                {
                    "source": "dot.dot_product",
                    "target": "greater.first"
                },
                {
                    "source": "get_closest_locations.locations",
                    "target": "sample_property.locations"
                },
                {
                    "source": "get_closest_locations.locations",
                    "target": "sample_property1.locations"
                },
                {
                    "source": "greater.output",
                    "target": "find_all_in_array.array"
                },
                {
                    "source": "greater.output",
                    "target": "find_all_true_in_array.boolean_array"
                },
                {
                    "source": "sample_property.sampled_data",
                    "target": "dot.first"
                },
                {
                    "source": "sample_property1.sampled_data",
                    "target": "subtract.first.sampled_data"
                },
                {
                    "source": "select_p_fom_this_positions.output",
                    "target": "get_closest_locations.positions"
                },
                {
                    "source": "select_p_fom_this_positions.output",
                    "target": "subtract.first.output1"
                },
                {
                    "source": "selector_shape.output",
                    "target": "get_closest_locations.geometry"
                },
                {
                    "source": "selector_shape.output",
                    "target": "sample_property.geometry"
                },
                {
                    "source": "selector_shape.output",
                    "target": "sample_property1.geometry"
                },
                {
                    "source": "subtract.output",
                    "target": "dot.second"
                },
                {
                    "source": ".geom_area_to_select",
                    "target": "selector_shape.input"
                },
                {
                    "source": ".select_from_this",
                    "target": "select_p_fom_this_positions.input"
                },
                {
                    "source": ".invert",
                    "target": "find_all_in_array.invert"
                },
                {
                    "source": "find_all_in_array.indices",
                    "target": ".inside_indices"
                },
                {
                    "source": "find_all_true_in_array.indices",
                    "target": ".outside_indicies"
                },
                {
                    "source": "greater.output",
                    "target": ".output"
                }
            ],
            "values": [
                {
                    "valueName": "find_all_in_array.value",
                    "valueType": "bool",
                    "value": "false"
                },
                {
                    "valueName": "find_all_in_array.invert",
                    "valueType": "bool",
                    "value": "false"
                },
                {
                    "valueName": "get_closest_locations.use_cutoff_distance",
                    "valueType": "bool",
                    "value": "true"
                },
                {
                    "valueName": "get_closest_locations.cutoff_distance",
                    "valueType": "float",
                    "value": "10f"
                },
                {
                    "valueName": "sample_property.default",
                    "valueType": "Math::float3",
                    "value": {
                        "x": "0f",
                        "y": "0f",
                        "z": "0f"
                    }
                },
                {
                    "valueName": "sample_property.property",
                    "valueType": "string",
                    "value": "point_normal"
                },
                {
                    "valueName": "sample_property.method",
                    "valueType": "BifrostExp::Geometry::SampleMethod",
                    "value": "interpolated"
                },
                {
                    "valueName": "sample_property1.default",
                    "valueType": "Math::float3",
                    "value": {
                        "x": "0f",
                        "y": "0f",
                        "z": "0f"
                    }
                },
                {
                    "valueName": "sample_property1.property",
                    "valueType": "string",
                    "value": "point_position"
                },
                {
                    "valueName": "sample_property1.method",
                    "valueType": "BifrostExp::Geometry::SampleMethod",
                    "value": "interpolated"
                }
            ],
            "reservedNodeNames": [
                {
                    "name": "input1"
                },
                {
                    "name": "output1"
                }
            ]
        }
    ]
}
