{
    "header": {
        "metadata": [
            {
                "metaName": "adskFileFormatVersion",
                "metaValue": "100L"
            }
        ]
    },
    "namespaces": [],
    "types": [],
    "compounds": [
        {
            "name": "User::Compounds::hypot_diagonal_blend_li",
            "uriImported": "stream:/bifrostGraphShape1",
            "metadata": [
                {
                    "metaName": "_recentNode_",
                    "metaType": "string",
                    "metaValue": "BifrostGraph,Core::Math,negate"
                },
                {
                    "metaName": "_recentNode_",
                    "metaType": "string",
                    "metaValue": "BifrostGraph,Core::Math,square_root"
                },
                {
                    "metaName": "_recentNode_",
                    "metaType": "string",
                    "metaValue": "BifrostGraph,Core::Math,add"
                },
                {
                    "metaName": "_recentNode_",
                    "metaType": "string",
                    "metaValue": "BifrostGraph,Core::Math,power"
                },
                {
                    "metaName": "_recentNode_",
                    "metaType": "string",
                    "metaValue": "BifrostGraph,Core::Math,two_to_power_of"
                },
                {
                    "metaName": "io_nodes",
                    "metadata": [
                        {
                            "metaName": "io_inodes",
                            "metadata": [
                                {
                                    "metaName": "input",
                                    "metadata": [
                                        {
                                            "metaName": "DisplayMode",
                                            "metaType": "string",
                                            "metaValue": "2"
                                        },
                                        {
                                            "metaName": "LayoutPos",
                                            "metaType": "string",
                                            "metaValue": "-568 -83.5"
                                        },
                                        {
                                            "metaName": "io_ports",
                                            "metadata": [
                                                {
                                                    "metaName": "screen_out"
                                                },
                                                {
                                                    "metaName": "output"
                                                }
                                            ]
                                        },
                                        {
                                            "metaName": "zValue",
                                            "metaType": "string",
                                            "metaValue": "31.000000"
                                        }
                                    ]
                                }
                            ]
                        },
                        {
                            "metaName": "io_onodes",
                            "metadata": [
                                {
                                    "metaName": "output",
                                    "metadata": [
                                        {
                                            "metaName": "DisplayMode",
                                            "metaType": "string",
                                            "metaValue": "2"
                                        },
                                        {
                                            "metaName": "LayoutPos",
                                            "metaType": "string",
                                            "metaValue": "1702.67 -157.361"
                                        },
                                        {
                                            "metaName": "io_ports",
                                            "metadata": [
                                                {
                                                    "metaName": "root"
                                                }
                                            ]
                                        },
                                        {
                                            "metaName": "zValue",
                                            "metaType": "string",
                                            "metaValue": "35.000000"
                                        }
                                    ]
                                }
                            ]
                        }
                    ]
                },
                {
                    "metaName": "sticky_note",
                    "metadata": [
                        {
                            "metaName": "type",
                            "metaType": "string",
                            "metaValue": "sticky_note"
                        },
                        {
                            "metaName": "color",
                            "metaType": "string",
                            "metaValue": "#ffd78282"
                        },
                        {
                            "metaName": "fontSize",
                            "metaType": "string",
                            "metaValue": "12"
                        },
                        {
                            "metaName": "coords",
                            "metaType": "string",
                            "metaValue": "-102 -303 384 64"
                        },
                        {
                            "metaName": "text",
                            "metaType": "string",
                            "metaValue": " √(A2 + B 2 )"
                        },
                        {
                            "metaName": "format",
                            "metaType": "string",
                            "metaValue": "txt"
                        },
                        {
                            "metaName": "zValue",
                            "metaType": "string",
                            "metaValue": "32.000000"
                        }
                    ]
                },
                {
                    "metaName": "ViewportRect",
                    "metaType": "string",
                    "metaValue": "-585.192 -789 1949.38 1399"
                },
                {
                    "metaName": "DisplayMode",
                    "metaType": "string",
                    "metaValue": "2"
                },
                {
                    "metaName": "LayoutPos",
                    "metaType": "string",
                    "metaValue": "971.46 -446.965"
                },
                {
                    "metaName": "zValue",
                    "metaType": "string",
                    "metaValue": "72.000000"
                }
            ],
            "ports": [
                {
                    "portName": "screen_out",
                    "portDirection": "input"
                },
                {
                    "portName": "output",
                    "portDirection": "input"
                },
                {
                    "portName": "root",
                    "portDirection": "output"
                }
            ],
            "compoundNodes": [
                {
                    "nodeName": "power",
                    "nodeType": "Core::Math::power",
                    "metadata": [
                        {
                            "metaName": "DisplayMode",
                            "metaType": "string",
                            "metaValue": "2"
                        },
                        {
                            "metaName": "LayoutPos",
                            "metaType": "string",
                            "metaValue": "-76.9062 -214.864"
                        },
                        {
                            "metaName": "zValue",
                            "metaType": "string",
                            "metaValue": "36.000000"
                        }
                    ]
                },
                {
                    "nodeName": "power1",
                    "nodeType": "Core::Math::power",
                    "metadata": [
                        {
                            "metaName": "DisplayMode",
                            "metaType": "string",
                            "metaValue": "2"
                        },
                        {
                            "metaName": "LayoutPos",
                            "metaType": "string",
                            "metaValue": "-67.0453 110.957"
                        },
                        {
                            "metaName": "zValue",
                            "metaType": "string",
                            "metaValue": "37.000000"
                        }
                    ]
                },
                {
                    "nodeName": "add",
                    "nodeType": "Core::Math::add",
                    "multiInPortNames": [
                        "power",
                        "power1"
                    ],
                    "metadata": [
                        {
                            "metaName": "DisplayMode",
                            "metaType": "string",
                            "metaValue": "2"
                        },
                        {
                            "metaName": "LayoutPos",
                            "metaType": "string",
                            "metaValue": "572.5 -127"
                        },
                        {
                            "metaName": "zValue",
                            "metaType": "string",
                            "metaValue": "33.000000"
                        }
                    ]
                },
                {
                    "nodeName": "square_root",
                    "nodeType": "Core::Math::square_root",
                    "metadata": [
                        {
                            "metaName": "DisplayMode",
                            "metaType": "string",
                            "metaValue": "2"
                        },
                        {
                            "metaName": "LayoutPos",
                            "metaType": "string",
                            "metaValue": "885.5 -159"
                        },
                        {
                            "metaName": "zValue",
                            "metaType": "string",
                            "metaValue": "34.000000"
                        }
                    ]
                }
            ],
            "connections": [
                {
                    "source": "power.power",
                    "target": "add.first.power"
                },
                {
                    "source": "power1.power",
                    "target": "add.first.power1"
                },
                {
                    "source": "add.output",
                    "target": "square_root.value"
                },
                {
                    "source": "square_root.root",
                    "target": ".root"
                },
                {
                    "source": ".screen_out",
                    "target": "power.base"
                },
                {
                    "source": ".output",
                    "target": "power1.base"
                }
            ],
            "values": [
                {
                    "valueName": "power.exponent",
                    "valueType": "float",
                    "value": "2f"
                },
                {
                    "valueName": "power1.exponent",
                    "valueType": "float",
                    "value": "2f"
                }
            ],
            "reservedNodeNames": [
                {
                    "name": "input"
                },
                {
                    "name": "output"
                }
            ]
        }
    ]
}
