{
    "header": {
        "metadata": [
            {
                "metaName": "adskFileFormatVersion",
                "metaValue": "100L"
            }
        ]
    },
    "namespaces": [],
    "types": [],
    "compounds": [
        {
            "name": "User::Compounds::is_odd_fix_li",
            "uriImported": "file:///is_odd.json",
            "metadata": [
                {
                    "metaName": "io_nodes",
                    "metadata": [
                        {
                            "metaName": "io_inodes",
                            "metadata": [
                                {
                                    "metaName": "input",
                                    "metadata": [
                                        {
                                            "metaName": "DisplayMode",
                                            "metaType": "string",
                                            "metaValue": "2"
                                        },
                                        {
                                            "metaName": "LayoutPos",
                                            "metaType": "string",
                                            "metaValue": "-1166 -60.5"
                                        },
                                        {
                                            "metaName": "io_ports",
                                            "metadata": [
                                                {
                                                    "metaName": "int"
                                                }
                                            ]
                                        }
                                    ]
                                }
                            ]
                        },
                        {
                            "metaName": "io_onodes",
                            "metadata": [
                                {
                                    "metaName": "output",
                                    "metadata": [
                                        {
                                            "metaName": "DisplayMode",
                                            "metaType": "string",
                                            "metaValue": "2"
                                        },
                                        {
                                            "metaName": "io_ports",
                                            "metadata": [
                                                {
                                                    "metaName": "bool"
                                                }
                                            ]
                                        },
                                        {
                                            "metaName": "LayoutPos",
                                            "metaType": "string",
                                            "metaValue": "557.378 -81.9714"
                                        }
                                    ]
                                }
                            ]
                        }
                    ]
                },
                {
                    "metaName": "ViewportRect",
                    "metaType": "string",
                    "metaValue": "-2465.84 -742.515 3982.22 1003.43"
                },
                {
                    "metaName": "DisplayMode",
                    "metaType": "string",
                    "metaValue": "2"
                },
                {
                    "metaName": "zValue",
                    "metaType": "string",
                    "metaValue": "47.000000"
                },
                {
                    "metaName": "LayoutPos",
                    "metaType": "string",
                    "metaValue": "-1276.41 -922.387"
                }
            ],
            "ports": [
                {
                    "portName": "int",
                    "portDirection": "input"
                },
                {
                    "portName": "bool",
                    "portDirection": "output",
                    "portType": "bool"
                }
            ],
            "compoundNodes": [
                {
                    "nodeName": "modulo",
                    "nodeType": "Core::Math::modulo",
                    "metadata": [
                        {
                            "metaName": "DisplayMode",
                            "metaType": "string",
                            "metaValue": "2"
                        },
                        {
                            "metaName": "LayoutPos",
                            "metaType": "string",
                            "metaValue": "-527.054 -82.3166"
                        }
                    ]
                },
                {
                    "nodeName": "to_bool",
                    "nodeType": "Core::Type_Conversion::to_bool",
                    "metadata": [
                        {
                            "metaName": "DisplayMode",
                            "metaType": "string",
                            "metaValue": "2"
                        },
                        {
                            "metaName": "LayoutPos",
                            "metaType": "string",
                            "metaValue": "-165.554 -97.0946"
                        }
                    ]
                }
            ],
            "connections": [
                {
                    "source": ".int",
                    "target": "modulo.value"
                },
                {
                    "source": "modulo.remainder",
                    "target": "to_bool.from"
                },
                {
                    "source": "to_bool.bool",
                    "target": ".bool"
                }
            ],
            "values": [
                {
                    "valueName": "modulo.divisor",
                    "valueType": "long",
                    "value": "2"
                }
            ],
            "reservedNodeNames": [
                {
                    "name": "input"
                },
                {
                    "name": "output"
                }
            ]
        }
    ]
}
