{
    "header": {
        "metadata": [
            {
                "metaName": "adskFileFormatVersion",
                "metaValue": "100L"
            }
        ]
    },
    "namespaces": [],
    "types": [],
    "compounds": [
        {
            "name": "User::Compounds::leaf_D_petiole",
            "uriImported": "stream:/bifrostGraphShape1",
            "metadata": [
                {
                    "metaName": "io_nodes",
                    "metadata": [
                        {
                            "metaName": "io_inodes",
                            "metadata": [
                                {
                                    "metaName": "input",
                                    "metadata": [
                                        {
                                            "metaName": "DisplayMode",
                                            "metaType": "string",
                                            "metaValue": "2"
                                        },
                                        {
                                            "metaName": "LayoutPos",
                                            "metaType": "string",
                                            "metaValue": "-1317.09 -234.049"
                                        },
                                        {
                                            "metaName": "io_ports",
                                            "metadata": [
                                                {
                                                    "metaName": "silhouette_C_in"
                                                },
                                                {
                                                    "metaName": "size"
                                                },
                                                {
                                                    "metaName": "profile"
                                                },
                                                {
                                                    "metaName": "petiole_base"
                                                },
                                                {
                                                    "metaName": "width_factor"
                                                },
                                                {
                                                    "metaName": "diagnostic_color"
                                                }
                                            ]
                                        },
                                        {
                                            "metaName": "zValue",
                                            "metaType": "string",
                                            "metaValue": "41.000000"
                                        }
                                    ]
                                }
                            ]
                        },
                        {
                            "metaName": "io_onodes",
                            "metadata": [
                                {
                                    "metaName": "output",
                                    "metadata": [
                                        {
                                            "metaName": "DisplayMode",
                                            "metaType": "string",
                                            "metaValue": "2"
                                        },
                                        {
                                            "metaName": "LayoutPos",
                                            "metaType": "string",
                                            "metaValue": "1364.23 -176.597"
                                        },
                                        {
                                            "metaName": "zValue",
                                            "metaType": "string",
                                            "metaValue": "39.000000"
                                        },
                                        {
                                            "metaName": "io_ports",
                                            "metadata": [
                                                {
                                                    "metaName": "petiole_midrib_D"
                                                }
                                            ]
                                        }
                                    ]
                                }
                            ]
                        }
                    ]
                },
                {
                    "metaName": "_recentNode_",
                    "metaType": "string",
                    "metaValue": "BifrostGraph,Geometry::Properties,get_point_position"
                },
                {
                    "metaName": "_recentNode_",
                    "metaType": "string",
                    "metaValue": "BifrostGraph,Core::Constants,float"
                },
                {
                    "metaName": "_recentNode_",
                    "metaType": "string",
                    "metaValue": "BifrostGraph,Geometry::Strands,resample_strands"
                },
                {
                    "metaName": "_recentNode_",
                    "metaType": "string",
                    "metaValue": "BifrostGraph,Core::Array,build_array"
                },
                {
                    "metaName": "_recentNode_",
                    "metaType": "string",
                    "metaValue": "BifrostGraph,Core::Array,last_in_array"
                },
                {
                    "metaName": "ViewportRect",
                    "metaType": "string",
                    "metaValue": "-833.473 -1256.86 2382.57 1736.47"
                },
                {
                    "metaName": "DisplayMode",
                    "metaType": "string",
                    "metaValue": "2"
                },
                {
                    "metaName": "LayoutPos",
                    "metaType": "string",
                    "metaValue": "347.139 -566.457"
                },
                {
                    "metaName": "zValue",
                    "metaType": "string",
                    "metaValue": "169.000000"
                }
            ],
            "terminalStates": [
                {
                    "name": "Core::Graph::terminal::diagnostic",
                    "enabled": "true"
                }
            ],
            "ports": [
                {
                    "portName": "silhouette_C_in",
                    "portDirection": "input"
                },
                {
                    "portName": "size",
                    "portDirection": "input",
                    "portType": "long",
                    "portDefault": "36"
                },
                {
                    "portName": "profile",
                    "portDirection": "input",
                    "portType": "Math::FCurve",
                    "portDefault": {
                        "version": "1",
                        "preExtrapolation": "0",
                        "postExtrapolation": "0",
                        "points": [
                            {
                                "point": {
                                    "locked": "1",
                                    "interpolation": "2",
                                    "pcn": {
                                        "xp": "0.008175",
                                        "yp": "3.0864020000000001",
                                        "x": "0.008175",
                                        "y": "1.425095",
                                        "xn": "0.008175",
                                        "yn": "-0.23621200000000001"
                                    }
                                }
                            },
                            {
                                "point": {
                                    "locked": "1",
                                    "interpolation": "2",
                                    "pcn": {
                                        "xp": "0.99182400000000004",
                                        "yp": "0.87093200000000004",
                                        "x": "0.99182499999999996",
                                        "y": "0.021218000000000001",
                                        "xn": "0.99182499999999996",
                                        "yn": "-0.82849200000000001"
                                    }
                                }
                            }
                        ]
                    }
                },
                {
                    "portName": "petiole_midrib_D",
                    "portDirection": "output"
                },
                {
                    "portName": "petiole_base",
                    "portDirection": "input",
                    "portType": "float",
                    "portDefault": "-40f"
                },
                {
                    "portName": "width_factor",
                    "portDirection": "input",
                    "portType": "float",
                    "portDefault": "0.100000001f"
                },
                {
                    "portName": "diagnostic_color",
                    "portDirection": "input",
                    "portType": "Math::float3",
                    "portDefault": {
                        "x": "1f",
                        "y": "1f",
                        "z": "1f"
                    },
                    "metadata": [
                        {
                            "metaName": "UIWidget",
                            "metaType": "string",
                            "metaValue": "ColorPicker"
                        }
                    ]
                }
            ],
            "compoundNodes": [
                {
                    "nodeName": "construct_strands",
                    "nodeType": "Geometry::Strands::construct_strands",
                    "metadata": [
                        {
                            "metaName": "DisplayMode",
                            "metaType": "string",
                            "metaValue": "2"
                        },
                        {
                            "metaName": "LayoutPos",
                            "metaType": "string",
                            "metaValue": "167.116 -263.62"
                        },
                        {
                            "metaName": "zValue",
                            "metaType": "string",
                            "metaValue": "35.000000"
                        }
                    ]
                },
                {
                    "nodeName": "set_strands_size_profile",
                    "nodeType": "Modeling::Strands::set_strands_size_profile",
                    "metadata": [
                        {
                            "metaName": "DisplayMode",
                            "metaType": "string",
                            "metaValue": "2"
                        },
                        {
                            "metaName": "LayoutPos",
                            "metaType": "string",
                            "metaValue": "721.351 -204.434"
                        },
                        {
                            "metaName": "zValue",
                            "metaType": "string",
                            "metaValue": "34.000000"
                        }
                    ]
                },
                {
                    "nodeName": "set_strands_shape",
                    "nodeType": "Geometry::Strands::set_strands_shape",
                    "metadata": [
                        {
                            "metaName": "DisplayMode",
                            "metaType": "string",
                            "metaValue": "2"
                        },
                        {
                            "metaName": "LayoutPos",
                            "metaType": "string",
                            "metaValue": "1031.86 -115.104"
                        },
                        {
                            "metaName": "zValue",
                            "metaType": "string",
                            "metaValue": "38.000000"
                        }
                    ]
                },
                {
                    "nodeName": "assign_diagnostic_material",
                    "nodeType": "Diagnostic::Display::assign_diagnostic_material",
                    "metadata": [
                        {
                            "metaName": "DisplayMode",
                            "metaType": "string",
                            "metaValue": "2"
                        },
                        {
                            "metaName": "PortExpandedState",
                            "metadata": [
                                {
                                    "metaName": "Shader",
                                    "metaType": "string",
                                    "metaValue": "0"
                                }
                            ]
                        },
                        {
                            "metaName": "LayoutPos",
                            "metaType": "string",
                            "metaValue": "1343.36 40.3805"
                        },
                        {
                            "metaName": "zValue",
                            "metaType": "string",
                            "metaValue": "32.000000"
                        }
                    ]
                },
                {
                    "nodeName": "value",
                    "valueType": "Math::float3",
                    "metadata": [
                        {
                            "metaName": "DisplayMode",
                            "metaType": "string",
                            "metaValue": "2"
                        },
                        {
                            "metaName": "valuenode_defaultvalue",
                            "metaType": "string",
                            "metaValue": "0"
                        },
                        {
                            "metaName": "valuenode_defaultvalue",
                            "metaType": "string",
                            "metaValue": "0"
                        },
                        {
                            "metaName": "valuenode_defaultvalue",
                            "metaType": "string",
                            "metaValue": "0"
                        },
                        {
                            "metaName": "LayoutPos",
                            "metaType": "string",
                            "metaValue": "-93.738 176.794"
                        },
                        {
                            "metaName": "zValue",
                            "metaType": "string",
                            "metaValue": "33.000000"
                        }
                    ]
                },
                {
                    "nodeName": "last_in_array",
                    "nodeType": "Core::Array::last_in_array",
                    "metadata": [
                        {
                            "metaName": "DisplayMode",
                            "metaType": "string",
                            "metaValue": "2"
                        },
                        {
                            "metaName": "LayoutPos",
                            "metaType": "string",
                            "metaValue": "-411.291 -865.233"
                        },
                        {
                            "metaName": "zValue",
                            "metaType": "string",
                            "metaValue": "44.000000"
                        }
                    ]
                },
                {
                    "nodeName": "build_array",
                    "nodeType": "Core::Array::build_array",
                    "multiInPortNames": [
                        "output",
                        "last"
                    ],
                    "metadata": [
                        {
                            "metaName": "DisplayMode",
                            "metaType": "string",
                            "metaValue": "2"
                        },
                        {
                            "metaName": "LayoutPos",
                            "metaType": "string",
                            "metaValue": "-95.7144 -749.256"
                        },
                        {
                            "metaName": "zValue",
                            "metaType": "string",
                            "metaValue": "37.000000"
                        }
                    ]
                },
                {
                    "nodeName": "resample_strands",
                    "nodeType": "Geometry::Strands::resample_strands",
                    "metadata": [
                        {
                            "metaName": "DisplayMode",
                            "metaType": "string",
                            "metaValue": "2"
                        },
                        {
                            "metaName": "PortExpandedState",
                            "metadata": [
                                {
                                    "metaName": "Spatial Resample",
                                    "metaType": "string",
                                    "metaValue": "0"
                                },
                                {
                                    "metaName": "Constant Count Resample",
                                    "metaType": "string",
                                    "metaValue": "1"
                                }
                            ]
                        },
                        {
                            "metaName": "LayoutPos",
                            "metaType": "string",
                            "metaValue": "465.105 -536.611"
                        },
                        {
                            "metaName": "zValue",
                            "metaType": "string",
                            "metaValue": "42.000000"
                        }
                    ]
                },
                {
                    "nodeName": "value2",
                    "valueType": "Math::float3",
                    "metadata": [
                        {
                            "metaName": "DisplayMode",
                            "metaType": "string",
                            "metaValue": "2"
                        },
                        {
                            "metaName": "PortExpandedState",
                            "metadata": [
                                {
                                    "metaName": "value",
                                    "metaType": "string",
                                    "metaValue": "1"
                                }
                            ]
                        },
                        {
                            "metaName": "LayoutPos",
                            "metaType": "string",
                            "metaValue": "-371.983 -632.975"
                        },
                        {
                            "metaName": "zValue",
                            "metaType": "string",
                            "metaValue": "36.000000"
                        }
                    ]
                },
                {
                    "nodeName": "value3",
                    "valueType": "float",
                    "metadata": [
                        {
                            "metaName": "DisplayMode",
                            "metaType": "string",
                            "metaValue": "2"
                        },
                        {
                            "metaName": "LayoutPos",
                            "metaType": "string",
                            "metaValue": "-654.471 -531.395"
                        },
                        {
                            "metaName": "zValue",
                            "metaType": "string",
                            "metaValue": "31.000000"
                        }
                    ]
                },
                {
                    "nodeName": "get_point_position",
                    "nodeType": "Geometry::Properties::get_point_position",
                    "metadata": [
                        {
                            "metaName": "DisplayMode",
                            "metaType": "string",
                            "metaValue": "2"
                        },
                        {
                            "metaName": "LayoutPos",
                            "metaType": "string",
                            "metaValue": "-743.621 -930.83"
                        },
                        {
                            "metaName": "zValue",
                            "metaType": "string",
                            "metaValue": "40.000000"
                        }
                    ]
                },
                {
                    "nodeName": "terminal",
                    "nodeType": "Core::Graph::terminal",
                    "fanInPortNames": {
                        "final": [],
                        "proxy": [],
                        "diagnostic": [
                            "out_strands"
                        ]
                    },
                    "terminalStates": [
                        {
                            "name": "Core::Graph::terminal::final",
                            "enabled": "false"
                        },
                        {
                            "name": "Core::Graph::terminal::proxy",
                            "enabled": "false"
                        }
                    ],
                    "metadata": [
                        {
                            "metaName": "DisplayMode",
                            "metaType": "string",
                            "metaValue": "2"
                        },
                        {
                            "metaName": "LayoutPos",
                            "metaType": "string",
                            "metaValue": "1766.92 9.48359"
                        },
                        {
                            "metaName": "PortExpandedState",
                            "metadata": [
                                {
                                    "metaName": "diagnostic",
                                    "metaType": "string",
                                    "metaValue": "1"
                                }
                            ]
                        },
                        {
                            "metaName": "zValue",
                            "metaType": "string",
                            "metaValue": "43.000000"
                        }
                    ]
                }
            ],
            "connections": [
                {
                    "source": "set_strands_size_profile.out_strands",
                    "target": "set_strands_shape.strands"
                },
                {
                    "source": "set_strands_shape.out_strands",
                    "target": ".petiole_midrib_D"
                },
                {
                    "source": "set_strands_shape.out_strands",
                    "target": "assign_diagnostic_material.geometry"
                },
                {
                    "source": "value.output",
                    "target": "assign_diagnostic_material.emission_color"
                },
                {
                    "source": ".diagnostic_color",
                    "target": "value.value"
                },
                {
                    "source": ".profile",
                    "target": "set_strands_size_profile.profile"
                },
                {
                    "source": ".size",
                    "target": "resample_strands.constant_count"
                },
                {
                    "source": "construct_strands.strands",
                    "target": "resample_strands.strands"
                },
                {
                    "source": "resample_strands.resampled_strands",
                    "target": "set_strands_size_profile.strands"
                },
                {
                    "source": "value3.output",
                    "target": "value2.value.y"
                },
                {
                    "source": "value2.output",
                    "target": "build_array.first.output"
                },
                {
                    "source": "last_in_array.last",
                    "target": "build_array.first.last"
                },
                {
                    "source": "build_array.array",
                    "target": "construct_strands.point_position"
                },
                {
                    "source": ".petiole_base",
                    "target": "value3.value"
                },
                {
                    "source": ".width_factor",
                    "target": "set_strands_size_profile.factor"
                },
                {
                    "source": ".silhouette_C_in",
                    "target": "get_point_position.geometry"
                },
                {
                    "source": "get_point_position.point_position",
                    "target": "last_in_array.array"
                },
                {
                    "source": "assign_diagnostic_material.geometry_with_material",
                    "target": "terminal.diagnostic.out_strands"
                }
            ],
            "values": [
                {
                    "valueName": "set_strands_size_profile.factor",
                    "valueType": "float",
                    "value": "0.100000001f"
                },
                {
                    "valueName": "set_strands_size_profile.profile",
                    "valueType": "Math::FCurve",
                    "value": {
                        "version": "1",
                        "preExtrapolation": "0",
                        "postExtrapolation": "0",
                        "points": [
                            {
                                "point": {
                                    "locked": "1",
                                    "interpolation": "2",
                                    "pcn": {
                                        "xp": "-0.40000000000000002",
                                        "yp": "1",
                                        "x": "0",
                                        "y": "1",
                                        "xn": "0.40000000000000002",
                                        "yn": "1"
                                    }
                                }
                            },
                            {
                                "point": {
                                    "locked": "1",
                                    "interpolation": "2",
                                    "pcn": {
                                        "xp": "0.62419800000000003",
                                        "yp": "0.65535699999999997",
                                        "x": "1",
                                        "y": "0.34821400000000002",
                                        "xn": "1.3757999999999999",
                                        "yn": "0.041073199999999997"
                                    }
                                }
                            }
                        ]
                    }
                },
                {
                    "valueName": "set_strands_shape.strands",
                    "valueType": "Object",
                    "value": {}
                },
                {
                    "valueName": "set_strands_shape.shape",
                    "valueType": "Geometry::StrandShapes",
                    "value": "Ribbon"
                },
                {
                    "valueName": "set_strands_shape.screen_aligned",
                    "valueType": "bool",
                    "value": "true"
                },
                {
                    "valueName": "set_strands_shape.default_size",
                    "valueType": "float",
                    "value": "0.25f"
                },
                {
                    "valueName": "assign_diagnostic_material.specular",
                    "valueType": "float",
                    "value": "0f"
                },
                {
                    "valueName": "assign_diagnostic_material.emission",
                    "valueType": "float",
                    "value": "1f"
                },
                {
                    "valueName": "value.value",
                    "valueType": "Math::float3",
                    "value": {
                        "x": "0.270700008f",
                        "y": "0.269400001f",
                        "z": "-0.0130200004f"
                    }
                },
                {
                    "valueName": "resample_strands.spatial_resample",
                    "valueType": "bool",
                    "value": "false"
                },
                {
                    "valueName": "resample_strands.distance_per_strand",
                    "valueType": "array<float>",
                    "value": []
                },
                {
                    "valueName": "resample_strands.minimum_resample_distance",
                    "valueType": "float",
                    "value": "0.00100000005f"
                },
                {
                    "valueName": "value3.value",
                    "valueType": "float",
                    "value": "-41.2599983f"
                }
            ],
            "reservedNodeNames": [
                {
                    "name": "input"
                },
                {
                    "name": "output"
                }
            ]
        }
    ]
}
