{
    "header": {
        "metadata": [
            {
                "metaName": "adskFileFormatVersion",
                "metaValue": "100L"
            }
        ]
    },
    "namespaces": [],
    "types": [],
    "compounds": [
        {
            "name": "User::Compounds::leaf_B_cordate",
            "metadata": [
                {
                    "metaName": "io_nodes",
                    "metadata": [
                        {
                            "metaName": "io_inodes",
                            "metadata": [
                                {
                                    "metaName": "input",
                                    "metadata": [
                                        {
                                            "metaName": "DisplayMode",
                                            "metaType": "string",
                                            "metaValue": "2"
                                        },
                                        {
                                            "metaName": "LayoutPos",
                                            "metaType": "string",
                                            "metaValue": "-571.407 428.098"
                                        },
                                        {
                                            "metaName": "io_ports",
                                            "metadata": [
                                                {
                                                    "metaName": "silhouette_A_in"
                                                },
                                                {
                                                    "metaName": "cordate_width"
                                                },
                                                {
                                                    "metaName": "cordate_height"
                                                },
                                                {
                                                    "metaName": "diagnostic_color"
                                                }
                                            ]
                                        },
                                        {
                                            "metaName": "zValue",
                                            "metaType": "string",
                                            "metaValue": "40.000000"
                                        }
                                    ]
                                }
                            ]
                        },
                        {
                            "metaName": "io_onodes",
                            "metadata": [
                                {
                                    "metaName": "output",
                                    "metadata": [
                                        {
                                            "metaName": "DisplayMode",
                                            "metaType": "string",
                                            "metaValue": "2"
                                        },
                                        {
                                            "metaName": "io_ports",
                                            "metadata": [
                                                {
                                                    "metaName": "silhouette_B"
                                                }
                                            ]
                                        },
                                        {
                                            "metaName": "LayoutPos",
                                            "metaType": "string",
                                            "metaValue": "3651.25 -45.9469"
                                        },
                                        {
                                            "metaName": "zValue",
                                            "metaType": "string",
                                            "metaValue": "46.000000"
                                        }
                                    ]
                                }
                            ]
                        }
                    ]
                },
                {
                    "metaName": "_recentNode_",
                    "metaType": "string",
                    "metaValue": "BifrostGraph,User::Compounds,symmetry_for_vis"
                },
                {
                    "metaName": "_recentNode_",
                    "metaType": "string",
                    "metaValue": "BifrostGraph,User::Compounds,midrib_resampler"
                },
                {
                    "metaName": "_recentNode_",
                    "metaType": "string",
                    "metaValue": "BifrostGraph,Core::Graph,pass"
                },
                {
                    "metaName": "_recentNode_",
                    "metaType": "string",
                    "metaValue": "BifrostGraph,Core::Math,change_range"
                },
                {
                    "metaName": "_recentNode_",
                    "metaType": "string",
                    "metaValue": "BifrostGraph,Core::Array,array_bounds"
                },
                {
                    "metaName": "ViewportRect",
                    "metaType": "string",
                    "metaValue": "3053.68 -1209.72 1658.49 1036.68"
                },
                {
                    "metaName": "UILayout",
                    "metaType": "string",
                    "metaValue": "{\n    \"NodeLayout\": {\n        \"hideUndeclaredPorts\": false,\n        \"items\": [\n            {\n                \"port\": \"silhouette_A_in\"\n            },\n            {\n                \"group\": \"cordate shape\",\n                \"items\": [\n                    {\n                        \"port\": \"cordate_width\"\n                    },\n                    {\n                        \"port\": \"cordate_height\"\n                    }\n                ],\n                \"unique_id\": 7\n            },\n            {\n                \"group\": \"apex\",\n                \"items\": [\n                    {\n                        \"port\": \"apex\"\n                    },\n                    {\n                        \"port\": \"apex_damp\"\n                    }\n                ],\n                \"unique_id\": 14\n            },\n            {\n                \"port\": \"diagnostic_color\"\n            },\n            {\n                \"group\": \"blueprint\",\n                \"unique_id\": 21\n            }\n        ]\n    }\n}\n"
                },
                {
                    "metaName": "DisplayMode",
                    "metaType": "string",
                    "metaValue": "2"
                },
                {
                    "metaName": "LayoutPos",
                    "metaType": "string",
                    "metaValue": "-196.8 -376.07"
                },
                {
                    "metaName": "zValue",
                    "metaType": "string",
                    "metaValue": "171.000000"
                }
            ],
            "terminalStates": [
                {
                    "name": "Core::Graph::terminal::diagnostic",
                    "enabled": "true"
                },
                {
                    "name": "Core::Graph::terminal::final",
                    "enabled": "true"
                },
                {
                    "name": "Core::Graph::terminal::proxy",
                    "enabled": "true"
                }
            ],
            "ports": [
                {
                    "portName": "silhouette_A_in",
                    "portDirection": "input",
                    "portDefaultType": "Object",
                    "portDefault": {}
                },
                {
                    "portName": "cordate_width",
                    "portDirection": "input",
                    "portType": "float",
                    "portDefault": "0.5f"
                },
                {
                    "portName": "cordate_height",
                    "portDirection": "input",
                    "portType": "float",
                    "portDefault": "0.5f"
                },
                {
                    "portName": "silhouette_B",
                    "portDirection": "output",
                    "portType": "Object"
                },
                {
                    "portName": "diagnostic_color",
                    "portDirection": "input",
                    "portType": "Math::float3",
                    "portDefault": {
                        "x": "0.638127983f",
                        "y": "1.17517996f",
                        "z": "0.284621f"
                    },
                    "metadata": [
                        {
                            "metaName": "UIWidget",
                            "metaType": "string",
                            "metaValue": "ColorPicker"
                        }
                    ]
                }
            ],
            "compounds": [
                {
                    "name": "symmetry_for_vis",
                    "metadata": [
                        {
                            "metaName": "DisplayMode",
                            "metaType": "string",
                            "metaValue": "2"
                        },
                        {
                            "metaName": "LayoutPos",
                            "metaType": "string",
                            "metaValue": "3896.74 1004.78"
                        },
                        {
                            "metaName": "zValue",
                            "metaType": "string",
                            "metaValue": "79.000000"
                        },
                        {
                            "metaName": "io_nodes",
                            "metadata": [
                                {
                                    "metaName": "io_inodes",
                                    "metadata": [
                                        {
                                            "metaName": "input",
                                            "metadata": [
                                                {
                                                    "metaName": "DisplayMode",
                                                    "metaType": "string",
                                                    "metaValue": "2"
                                                },
                                                {
                                                    "metaName": "LayoutPos",
                                                    "metaType": "string",
                                                    "metaValue": "-747.76 -36.6378"
                                                },
                                                {
                                                    "metaName": "io_ports",
                                                    "metadata": [
                                                        {
                                                            "metaName": "input"
                                                        }
                                                    ]
                                                },
                                                {
                                                    "metaName": "zValue",
                                                    "metaType": "string",
                                                    "metaValue": "31.000000"
                                                }
                                            ]
                                        }
                                    ]
                                },
                                {
                                    "metaName": "io_onodes",
                                    "metadata": [
                                        {
                                            "metaName": "output",
                                            "metadata": [
                                                {
                                                    "metaName": "DisplayMode",
                                                    "metaType": "string",
                                                    "metaValue": "2"
                                                },
                                                {
                                                    "metaName": "LayoutPos",
                                                    "metaType": "string",
                                                    "metaValue": "1267.19 -28.6758"
                                                },
                                                {
                                                    "metaName": "io_ports",
                                                    "metadata": [
                                                        {
                                                            "metaName": "out_strands"
                                                        },
                                                        {
                                                            "metaName": "out_points"
                                                        }
                                                    ]
                                                },
                                                {
                                                    "metaName": "zValue",
                                                    "metaType": "string",
                                                    "metaValue": "37.000000"
                                                }
                                            ]
                                        }
                                    ]
                                }
                            ]
                        },
                        {
                            "metaName": "ViewportRect",
                            "metaType": "string",
                            "metaValue": "-571.568 -542.185 2235.29 1449"
                        }
                    ],
                    "ports": [
                        {
                            "portName": "input",
                            "portDirection": "input"
                        },
                        {
                            "portName": "out_strands",
                            "portDirection": "output"
                        },
                        {
                            "portName": "out_points",
                            "portDirection": "output"
                        }
                    ],
                    "compoundNodes": [
                        {
                            "nodeName": "build_array",
                            "nodeType": "Core::Array::build_array",
                            "multiInPortNames": [
                                "output",
                                "vector3",
                                "first1"
                            ],
                            "metadata": [
                                {
                                    "metaName": "DisplayMode",
                                    "metaType": "string",
                                    "metaValue": "2"
                                },
                                {
                                    "metaName": "LayoutPos",
                                    "metaType": "string",
                                    "metaValue": "665.711 70.9745"
                                },
                                {
                                    "metaName": "zValue",
                                    "metaType": "string",
                                    "metaValue": "32.000000"
                                }
                            ]
                        },
                        {
                            "nodeName": "construct_strands",
                            "nodeType": "Geometry::Strands::construct_strands",
                            "metadata": [
                                {
                                    "metaName": "DisplayMode",
                                    "metaType": "string",
                                    "metaValue": "2"
                                },
                                {
                                    "metaName": "LayoutPos",
                                    "metaType": "string",
                                    "metaValue": "975.025 -163.721"
                                },
                                {
                                    "metaName": "zValue",
                                    "metaType": "string",
                                    "metaValue": "38.000000"
                                }
                            ]
                        },
                        {
                            "nodeName": "first_in_array",
                            "nodeType": "Core::Array::first_in_array",
                            "metadata": [
                                {
                                    "metaName": "DisplayMode",
                                    "metaType": "string",
                                    "metaValue": "2"
                                },
                                {
                                    "metaName": "LayoutPos",
                                    "metaType": "string",
                                    "metaValue": "419.611 404.259"
                                },
                                {
                                    "metaName": "zValue",
                                    "metaType": "string",
                                    "metaValue": "33.000000"
                                }
                            ]
                        },
                        {
                            "nodeName": "negate",
                            "nodeType": "Core::Math::negate",
                            "metadata": [
                                {
                                    "metaName": "DisplayMode",
                                    "metaType": "string",
                                    "metaValue": "2"
                                },
                                {
                                    "metaName": "LayoutPos",
                                    "metaType": "string",
                                    "metaValue": "-169.689 143.81"
                                },
                                {
                                    "metaName": "zValue",
                                    "metaType": "string",
                                    "metaValue": "36.000000"
                                }
                            ]
                        },
                        {
                            "nodeName": "reverse_array",
                            "nodeType": "Core::Array::reverse_array",
                            "metadata": [
                                {
                                    "metaName": "DisplayMode",
                                    "metaType": "string",
                                    "metaValue": "2"
                                },
                                {
                                    "metaName": "LayoutPos",
                                    "metaType": "string",
                                    "metaValue": "376.071 197.8"
                                },
                                {
                                    "metaName": "zValue",
                                    "metaType": "string",
                                    "metaValue": "34.000000"
                                }
                            ]
                        },
                        {
                            "nodeName": "scalar_to_vector4",
                            "nodeType": "Core::Conversion::scalar_to_vector3",
                            "metadata": [
                                {
                                    "metaName": "DisplayMode",
                                    "metaType": "string",
                                    "metaValue": "2"
                                },
                                {
                                    "metaName": "LayoutPos",
                                    "metaType": "string",
                                    "metaValue": "88.1709 221.437"
                                },
                                {
                                    "metaName": "zValue",
                                    "metaType": "string",
                                    "metaValue": "35.000000"
                                }
                            ]
                        },
                        {
                            "nodeName": "vector3_to_scalar2",
                            "nodeType": "Core::Conversion::vector3_to_scalar",
                            "metadata": [
                                {
                                    "metaName": "DisplayMode",
                                    "metaType": "string",
                                    "metaValue": "2"
                                },
                                {
                                    "metaName": "LayoutPos",
                                    "metaType": "string",
                                    "metaValue": "-426.902 234.833"
                                },
                                {
                                    "metaName": "zValue",
                                    "metaType": "string",
                                    "metaValue": "39.000000"
                                }
                            ]
                        }
                    ],
                    "connections": [
                        {
                            "source": "build_array.array",
                            "target": "construct_strands.point_position"
                        },
                        {
                            "source": "build_array.array",
                            "target": ".out_points"
                        },
                        {
                            "source": "construct_strands.strands",
                            "target": ".out_strands"
                        },
                        {
                            "source": "first_in_array.first",
                            "target": "build_array.first.first1"
                        },
                        {
                            "source": "negate.negated",
                            "target": "scalar_to_vector4.x"
                        },
                        {
                            "source": "reverse_array.reversed",
                            "target": "build_array.first.vector3"
                        },
                        {
                            "source": "scalar_to_vector4.vector3",
                            "target": "reverse_array.array"
                        },
                        {
                            "source": "vector3_to_scalar2.x",
                            "target": "negate.value"
                        },
                        {
                            "source": "vector3_to_scalar2.y",
                            "target": "scalar_to_vector4.y"
                        },
                        {
                            "source": "vector3_to_scalar2.z",
                            "target": "scalar_to_vector4.z"
                        },
                        {
                            "source": ".input",
                            "target": "build_array.first.output"
                        },
                        {
                            "source": ".input",
                            "target": "first_in_array.array"
                        },
                        {
                            "source": ".input",
                            "target": "vector3_to_scalar2.vector3"
                        }
                    ],
                    "values": [],
                    "reservedNodeNames": [
                        {
                            "name": "input"
                        },
                        {
                            "name": "output"
                        }
                    ]
                },
                {
                    "name": "midrib_resampler",
                    "metadata": [
                        {
                            "metaName": "io_nodes",
                            "metadata": [
                                {
                                    "metaName": "io_inodes",
                                    "metadata": [
                                        {
                                            "metaName": "input",
                                            "metadata": [
                                                {
                                                    "metaName": "DisplayMode",
                                                    "metaType": "string",
                                                    "metaValue": "2"
                                                },
                                                {
                                                    "metaName": "LayoutPos",
                                                    "metaType": "string",
                                                    "metaValue": "-449.5 -61"
                                                },
                                                {
                                                    "metaName": "io_ports",
                                                    "metadata": [
                                                        {
                                                            "metaName": "positions"
                                                        }
                                                    ]
                                                },
                                                {
                                                    "metaName": "zValue",
                                                    "metaType": "string",
                                                    "metaValue": "31.000000"
                                                }
                                            ]
                                        }
                                    ]
                                },
                                {
                                    "metaName": "io_onodes",
                                    "metadata": [
                                        {
                                            "metaName": "output",
                                            "metadata": [
                                                {
                                                    "metaName": "DisplayMode",
                                                    "metaType": "string",
                                                    "metaValue": "2"
                                                },
                                                {
                                                    "metaName": "LayoutPos",
                                                    "metaType": "string",
                                                    "metaValue": "1766.17 -375.634"
                                                },
                                                {
                                                    "metaName": "io_ports",
                                                    "metadata": [
                                                        {
                                                            "metaName": "midrib"
                                                        },
                                                        {
                                                            "metaName": "midrib_points"
                                                        }
                                                    ]
                                                },
                                                {
                                                    "metaName": "zValue",
                                                    "metaType": "string",
                                                    "metaValue": "39.000000"
                                                }
                                            ]
                                        }
                                    ]
                                }
                            ]
                        },
                        {
                            "metaName": "_recentNode_",
                            "metaType": "string",
                            "metaValue": "BifrostGraph,Geometry::Properties,get_point_position"
                        },
                        {
                            "metaName": "_recentNode_",
                            "metaType": "string",
                            "metaValue": "BifrostGraph,Core::Array,array_size"
                        },
                        {
                            "metaName": "_recentNode_",
                            "metaType": "string",
                            "metaValue": "BifrostGraph,Core::Any,any_array_size"
                        },
                        {
                            "metaName": "_recentNode_",
                            "metaType": "string",
                            "metaValue": "BifrostGraph,Geometry::Strands,resample_strands"
                        },
                        {
                            "metaName": "_recentNode_",
                            "metaType": "string",
                            "metaValue": "BifrostGraph,Core::Array,resize_array"
                        },
                        {
                            "metaName": "DisplayMode",
                            "metaType": "string",
                            "metaValue": "2"
                        },
                        {
                            "metaName": "LayoutPos",
                            "metaType": "string",
                            "metaValue": "574.003 -876.999"
                        },
                        {
                            "metaName": "zValue",
                            "metaType": "string",
                            "metaValue": "73.000000"
                        },
                        {
                            "metaName": "ViewportRect",
                            "metaType": "string",
                            "metaValue": "-79.6347 -881.051 1683.46 1091.28"
                        }
                    ],
                    "ports": [
                        {
                            "portName": "positions",
                            "portDirection": "input"
                        },
                        {
                            "portName": "midrib",
                            "portDirection": "output"
                        },
                        {
                            "portName": "midrib_points",
                            "portDirection": "output"
                        }
                    ],
                    "compoundNodes": [
                        {
                            "nodeName": "build_array",
                            "nodeType": "Core::Array::build_array",
                            "multiInPortNames": [
                                "last",
                                "first1"
                            ],
                            "metadata": [
                                {
                                    "metaName": "DisplayMode",
                                    "metaType": "string",
                                    "metaValue": "2"
                                },
                                {
                                    "metaName": "LayoutPos",
                                    "metaType": "string",
                                    "metaValue": "661.744 -365.754"
                                },
                                {
                                    "metaName": "zValue",
                                    "metaType": "string",
                                    "metaValue": "32.000000"
                                }
                            ]
                        },
                        {
                            "nodeName": "construct_strands",
                            "nodeType": "Geometry::Strands::construct_strands",
                            "metadata": [
                                {
                                    "metaName": "DisplayMode",
                                    "metaType": "string",
                                    "metaValue": "2"
                                },
                                {
                                    "metaName": "LayoutPos",
                                    "metaType": "string",
                                    "metaValue": "931.862 -568.222"
                                },
                                {
                                    "metaName": "zValue",
                                    "metaType": "string",
                                    "metaValue": "36.000000"
                                },
                                {
                                    "metaName": "PortExpandedState",
                                    "metadata": [
                                        {
                                            "metaName": "point_position",
                                            "metaType": "string",
                                            "metaValue": "1"
                                        }
                                    ]
                                }
                            ]
                        },
                        {
                            "nodeName": "first_in_array",
                            "nodeType": "Core::Array::first_in_array",
                            "metadata": [
                                {
                                    "metaName": "DisplayMode",
                                    "metaType": "string",
                                    "metaValue": "2"
                                },
                                {
                                    "metaName": "LayoutPos",
                                    "metaType": "string",
                                    "metaValue": "376.164 -132.87"
                                },
                                {
                                    "metaName": "zValue",
                                    "metaType": "string",
                                    "metaValue": "34.000000"
                                }
                            ]
                        },
                        {
                            "nodeName": "last_in_array",
                            "nodeType": "Core::Array::last_in_array",
                            "metadata": [
                                {
                                    "metaName": "DisplayMode",
                                    "metaType": "string",
                                    "metaValue": "2"
                                },
                                {
                                    "metaName": "LayoutPos",
                                    "metaType": "string",
                                    "metaValue": "313.414 -412.534"
                                },
                                {
                                    "metaName": "zValue",
                                    "metaType": "string",
                                    "metaValue": "33.000000"
                                }
                            ]
                        },
                        {
                            "nodeName": "pass",
                            "nodeType": "Core::Graph::pass",
                            "metadata": [
                                {
                                    "metaName": "DisplayMode",
                                    "metaType": "string",
                                    "metaValue": "2"
                                },
                                {
                                    "metaName": "LayoutPos",
                                    "metaType": "string",
                                    "metaValue": "46.2041 -185.717"
                                },
                                {
                                    "metaName": "zValue",
                                    "metaType": "string",
                                    "metaValue": "35.000000"
                                }
                            ]
                        },
                        {
                            "nodeName": "resample_strands",
                            "nodeType": "Geometry::Strands::resample_strands",
                            "metadata": [
                                {
                                    "metaName": "DisplayMode",
                                    "metaType": "string",
                                    "metaValue": "2"
                                },
                                {
                                    "metaName": "PortExpandedState",
                                    "metadata": [
                                        {
                                            "metaName": "Constant Count Resample",
                                            "metaType": "string",
                                            "metaValue": "1"
                                        }
                                    ]
                                },
                                {
                                    "metaName": "LayoutPos",
                                    "metaType": "string",
                                    "metaValue": "1230.55 -248.368"
                                },
                                {
                                    "metaName": "zValue",
                                    "metaType": "string",
                                    "metaValue": "37.000000"
                                }
                            ]
                        },
                        {
                            "nodeName": "array_size",
                            "nodeType": "Core::Array::array_size",
                            "metadata": [
                                {
                                    "metaName": "DisplayMode",
                                    "metaType": "string",
                                    "metaValue": "2"
                                },
                                {
                                    "metaName": "LayoutPos",
                                    "metaType": "string",
                                    "metaValue": "854.324 40.9072"
                                },
                                {
                                    "metaName": "zValue",
                                    "metaType": "string",
                                    "metaValue": "38.000000"
                                }
                            ]
                        },
                        {
                            "nodeName": "get_point_position",
                            "nodeType": "Geometry::Properties::get_point_position",
                            "metadata": [
                                {
                                    "metaName": "DisplayMode",
                                    "metaType": "string",
                                    "metaValue": "2"
                                },
                                {
                                    "metaName": "LayoutPos",
                                    "metaType": "string",
                                    "metaValue": "1501.79 -263.867"
                                },
                                {
                                    "metaName": "zValue",
                                    "metaType": "string",
                                    "metaValue": "40.000000"
                                }
                            ]
                        }
                    ],
                    "connections": [
                        {
                            "source": "last_in_array.last",
                            "target": "build_array.first.last"
                        },
                        {
                            "source": "first_in_array.first",
                            "target": "build_array.first.first1"
                        },
                        {
                            "source": "pass.output",
                            "target": "first_in_array.array"
                        },
                        {
                            "source": "pass.output",
                            "target": "last_in_array.array"
                        },
                        {
                            "source": ".positions",
                            "target": "pass.input"
                        },
                        {
                            "source": "construct_strands.strands",
                            "target": "resample_strands.strands"
                        },
                        {
                            "source": "pass.output",
                            "target": "array_size.array"
                        },
                        {
                            "source": "array_size.size",
                            "target": "resample_strands.constant_count"
                        },
                        {
                            "source": "resample_strands.resampled_strands",
                            "target": "get_point_position.geometry"
                        },
                        {
                            "source": "get_point_position.point_position",
                            "target": ".midrib_points"
                        },
                        {
                            "source": "resample_strands.resampled_strands",
                            "target": ".midrib"
                        },
                        {
                            "source": "build_array.array",
                            "target": "construct_strands.point_position"
                        }
                    ],
                    "values": [
                        {
                            "valueName": "resample_strands.spatial_resample",
                            "valueType": "bool",
                            "value": "false"
                        },
                        {
                            "valueName": "resample_strands.distance_per_strand",
                            "valueType": "array<float>",
                            "value": []
                        },
                        {
                            "valueName": "resample_strands.minimum_resample_distance",
                            "valueType": "float",
                            "value": "0.00100000005f"
                        }
                    ],
                    "reservedNodeNames": [
                        {
                            "name": "input"
                        },
                        {
                            "name": "output"
                        }
                    ]
                }
            ],
            "compoundNodes": [
                {
                    "nodeName": "add1",
                    "nodeType": "Core::Math::add",
                    "multiInPortNames": [
                        "output1",
                        "vector3"
                    ],
                    "metadata": [
                        {
                            "metaName": "DisplayMode",
                            "metaType": "string",
                            "metaValue": "2"
                        },
                        {
                            "metaName": "LayoutPos",
                            "metaType": "string",
                            "metaValue": "1481 18"
                        },
                        {
                            "metaName": "zValue",
                            "metaType": "string",
                            "metaValue": "37.000000"
                        }
                    ]
                },
                {
                    "nodeName": "multiply",
                    "nodeType": "Core::Math::multiply",
                    "multiInPortNames": [
                        "negated",
                        "x",
                        "output1"
                    ],
                    "metadata": [
                        {
                            "metaName": "DisplayMode",
                            "metaType": "string",
                            "metaValue": "2"
                        },
                        {
                            "metaName": "LayoutPos",
                            "metaType": "string",
                            "metaValue": "1108 -43"
                        },
                        {
                            "metaName": "zValue",
                            "metaType": "string",
                            "metaValue": "31.000000"
                        }
                    ]
                },
                {
                    "nodeName": "negate1",
                    "nodeType": "Core::Math::negate",
                    "metadata": [
                        {
                            "metaName": "DisplayMode",
                            "metaType": "string",
                            "metaValue": "2"
                        },
                        {
                            "metaName": "LayoutPos",
                            "metaType": "string",
                            "metaValue": "691 -311"
                        },
                        {
                            "metaName": "zValue",
                            "metaType": "string",
                            "metaValue": "32.000000"
                        }
                    ]
                },
                {
                    "nodeName": "scalar_to_vector3",
                    "nodeType": "Core::Conversion::scalar_to_vector3",
                    "metadata": [
                        {
                            "metaName": "DisplayMode",
                            "metaType": "string",
                            "metaValue": "2"
                        },
                        {
                            "metaName": "LayoutPos",
                            "metaType": "string",
                            "metaValue": "1198 211"
                        },
                        {
                            "metaName": "zValue",
                            "metaType": "string",
                            "metaValue": "34.000000"
                        }
                    ]
                },
                {
                    "nodeName": "set_point_position",
                    "nodeType": "Geometry::Properties::set_point_position",
                    "metadata": [
                        {
                            "metaName": "DisplayMode",
                            "metaType": "string",
                            "metaValue": "2"
                        },
                        {
                            "metaName": "LayoutPos",
                            "metaType": "string",
                            "metaValue": "1973 44"
                        },
                        {
                            "metaName": "zValue",
                            "metaType": "string",
                            "metaValue": "38.000000"
                        }
                    ]
                },
                {
                    "nodeName": "update_strands_basis1",
                    "nodeType": "Geometry::Strands::update_strands_basis",
                    "terminalStates": [
                        {
                            "name": "Core::Graph::terminal::final",
                            "enabled": "true"
                        },
                        {
                            "name": "Core::Graph::terminal::proxy",
                            "enabled": "true"
                        },
                        {
                            "name": "Core::Graph::terminal::diagnostic",
                            "enabled": "false"
                        }
                    ],
                    "metadata": [
                        {
                            "metaName": "DisplayMode",
                            "metaType": "string",
                            "metaValue": "2"
                        },
                        {
                            "metaName": "LayoutPos",
                            "metaType": "string",
                            "metaValue": "63.0887 523.063"
                        },
                        {
                            "metaName": "zValue",
                            "metaType": "string",
                            "metaValue": "41.000000"
                        }
                    ]
                },
                {
                    "nodeName": "value4",
                    "valueType": "Math::float3",
                    "metadata": [
                        {
                            "metaName": "DisplayMode",
                            "metaType": "string",
                            "metaValue": "2"
                        },
                        {
                            "metaName": "LayoutPos",
                            "metaType": "string",
                            "metaValue": "434 0"
                        },
                        {
                            "metaName": "PortExpandedState",
                            "metadata": [
                                {
                                    "metaName": "value",
                                    "metaType": "string",
                                    "metaValue": "1"
                                }
                            ]
                        },
                        {
                            "metaName": "zValue",
                            "metaType": "string",
                            "metaValue": "36.000000"
                        }
                    ]
                },
                {
                    "nodeName": "vector3_to_scalar",
                    "nodeType": "Core::Conversion::vector3_to_scalar",
                    "metadata": [
                        {
                            "metaName": "DisplayMode",
                            "metaType": "string",
                            "metaValue": "2"
                        },
                        {
                            "metaName": "LayoutPos",
                            "metaType": "string",
                            "metaValue": "665.132 232.646"
                        },
                        {
                            "metaName": "zValue",
                            "metaType": "string",
                            "metaValue": "39.000000"
                        }
                    ]
                },
                {
                    "nodeName": "terminal",
                    "nodeType": "Core::Graph::terminal",
                    "fanInPortNames": {
                        "final": [],
                        "proxy": [],
                        "diagnostic": [
                            "out_geometry1",
                            "strands"
                        ]
                    },
                    "terminalStates": [
                        {
                            "name": "Core::Graph::terminal::final",
                            "enabled": "false"
                        },
                        {
                            "name": "Core::Graph::terminal::proxy",
                            "enabled": "false"
                        },
                        {
                            "name": "Core::Graph::terminal::diagnostic",
                            "enabled": "true"
                        }
                    ],
                    "metadata": [
                        {
                            "metaName": "DisplayMode",
                            "metaType": "string",
                            "metaValue": "2"
                        },
                        {
                            "metaName": "PortExpandedState",
                            "metadata": [
                                {
                                    "metaName": "diagnostic",
                                    "metaType": "string",
                                    "metaValue": "1"
                                }
                            ]
                        },
                        {
                            "metaName": "LayoutPos",
                            "metaType": "string",
                            "metaValue": "4145.44 -864.163"
                        },
                        {
                            "metaName": "zValue",
                            "metaType": "string",
                            "metaValue": "44.000000"
                        }
                    ]
                },
                {
                    "nodeName": "symmetry_for_vis",
                    "nodeType": "symmetry_for_vis",
                    "metadata": [
                        {
                            "metaName": "DisplayMode",
                            "metaType": "string",
                            "metaValue": "2"
                        },
                        {
                            "metaName": "NodeWidthOffset",
                            "metaType": "string",
                            "metaValue": "-37.7027"
                        },
                        {
                            "metaName": "LayoutPos",
                            "metaType": "string",
                            "metaValue": "2819.62 -638.448"
                        },
                        {
                            "metaName": "zValue",
                            "metaType": "string",
                            "metaValue": "48.000000"
                        }
                    ]
                },
                {
                    "nodeName": "set_point_position1",
                    "nodeType": "Geometry::Properties::set_point_position",
                    "metadata": [
                        {
                            "metaName": "DisplayMode",
                            "metaType": "string",
                            "metaValue": "2"
                        },
                        {
                            "metaName": "LayoutPos",
                            "metaType": "string",
                            "metaValue": "3087.2 -662.623"
                        },
                        {
                            "metaName": "zValue",
                            "metaType": "string",
                            "metaValue": "42.000000"
                        }
                    ]
                },
                {
                    "nodeName": "negate",
                    "nodeType": "Core::Math::negate",
                    "metadata": [
                        {
                            "metaName": "DisplayMode",
                            "metaType": "string",
                            "metaValue": "2"
                        },
                        {
                            "metaName": "LayoutPos",
                            "metaType": "string",
                            "metaValue": "698 -61"
                        },
                        {
                            "metaName": "zValue",
                            "metaType": "string",
                            "metaValue": "33.000000"
                        }
                    ]
                },
                {
                    "nodeName": "get_point_position",
                    "nodeType": "Geometry::Properties::get_point_position",
                    "metadata": [
                        {
                            "metaName": "DisplayMode",
                            "metaType": "string",
                            "metaValue": "2"
                        },
                        {
                            "metaName": "LayoutPos",
                            "metaType": "string",
                            "metaValue": "-29 -127"
                        },
                        {
                            "metaName": "zValue",
                            "metaType": "string",
                            "metaValue": "35.000000"
                        }
                    ]
                },
                {
                    "nodeName": "assign_diagnostic_material",
                    "nodeType": "Diagnostic::Display::assign_diagnostic_material",
                    "metadata": [
                        {
                            "metaName": "DisplayMode",
                            "metaType": "string",
                            "metaValue": "2"
                        },
                        {
                            "metaName": "LayoutPos",
                            "metaType": "string",
                            "metaValue": "3634.52 -1038.17"
                        },
                        {
                            "metaName": "zValue",
                            "metaType": "string",
                            "metaValue": "45.000000"
                        }
                    ]
                },
                {
                    "nodeName": "layout_color_settingL",
                    "nodeType": "User::Compounds::layout_color_settingL",
                    "metadata": [
                        {
                            "metaName": "DisplayMode",
                            "metaType": "string",
                            "metaValue": "2"
                        },
                        {
                            "metaName": "LayoutPos",
                            "metaType": "string",
                            "metaValue": "3362.27 -422.161"
                        },
                        {
                            "metaName": "zValue",
                            "metaType": "string",
                            "metaValue": "47.000000"
                        }
                    ]
                },
                {
                    "nodeName": "get_point_position1",
                    "nodeType": "Geometry::Properties::get_point_position",
                    "metadata": [
                        {
                            "metaName": "DisplayMode",
                            "metaType": "string",
                            "metaValue": "2"
                        },
                        {
                            "metaName": "LayoutPos",
                            "metaType": "string",
                            "metaValue": "2533.42 -563.066"
                        },
                        {
                            "metaName": "zValue",
                            "metaType": "string",
                            "metaValue": "50.000000"
                        }
                    ]
                },
                {
                    "nodeName": "pass",
                    "nodeType": "Core::Graph::pass",
                    "metadata": [
                        {
                            "metaName": "DisplayMode",
                            "metaType": "string",
                            "metaValue": "2"
                        },
                        {
                            "metaName": "LayoutPos",
                            "metaType": "string",
                            "metaValue": "2272.06 282.617"
                        },
                        {
                            "metaName": "zValue",
                            "metaType": "string",
                            "metaValue": "43.000000"
                        }
                    ]
                },
                {
                    "nodeName": "midrib_resampler",
                    "nodeType": "midrib_resampler",
                    "metadata": [
                        {
                            "metaName": "DisplayMode",
                            "metaType": "string",
                            "metaValue": "2"
                        },
                        {
                            "metaName": "LayoutPos",
                            "metaType": "string",
                            "metaValue": "2024.84 -1006.33"
                        },
                        {
                            "metaName": "zValue",
                            "metaType": "string",
                            "metaValue": "49.000000"
                        }
                    ]
                }
            ],
            "connections": [
                {
                    "source": "add1.output",
                    "target": "set_point_position.positions"
                },
                {
                    "source": "multiply.output",
                    "target": "add1.first.output1"
                },
                {
                    "source": "negate1.negated",
                    "target": "multiply.first.negated"
                },
                {
                    "source": "scalar_to_vector3.vector3",
                    "target": "add1.first.vector3"
                },
                {
                    "source": "update_strands_basis1.out_strands",
                    "target": "set_point_position.geometry"
                },
                {
                    "source": "update_strands_basis1.point_normal",
                    "target": "negate1.value"
                },
                {
                    "source": "value4.output",
                    "target": "negate.value"
                },
                {
                    "source": "vector3_to_scalar.x",
                    "target": "multiply.first.x"
                },
                {
                    "source": "vector3_to_scalar.x",
                    "target": "scalar_to_vector3.x"
                },
                {
                    "source": "vector3_to_scalar.y",
                    "target": "scalar_to_vector3.y"
                },
                {
                    "source": "vector3_to_scalar.z",
                    "target": "scalar_to_vector3.z"
                },
                {
                    "source": "symmetry_for_vis.out_strands",
                    "target": "set_point_position1.geometry"
                },
                {
                    "source": "symmetry_for_vis.out_points",
                    "target": "set_point_position1.positions"
                },
                {
                    "source": "set_point_position1.out_geometry",
                    "target": "layout_color_settingL.geometry"
                },
                {
                    "source": "negate.negated",
                    "target": "multiply.first.output1"
                },
                {
                    "source": "get_point_position.point_position",
                    "target": "vector3_to_scalar.vector3"
                },
                {
                    "source": "assign_diagnostic_material.geometry_with_material",
                    "target": "terminal.diagnostic.strands"
                },
                {
                    "source": "layout_color_settingL.geometry_with_material",
                    "target": "terminal.diagnostic.out_geometry1"
                },
                {
                    "source": "layout_color_settingL.midrib_darker",
                    "target": "assign_diagnostic_material.emission_color"
                },
                {
                    "source": "get_point_position1.point_position",
                    "target": "symmetry_for_vis.input"
                },
                {
                    "source": ".silhouette_A_in",
                    "target": "update_strands_basis1.strands"
                },
                {
                    "source": ".silhouette_A_in",
                    "target": "get_point_position.geometry"
                },
                {
                    "source": ".cordate_width",
                    "target": "value4.value.x"
                },
                {
                    "source": ".cordate_height",
                    "target": "value4.value.y"
                },
                {
                    "source": ".diagnostic_color",
                    "target": "layout_color_settingL.line_color"
                },
                {
                    "source": "set_point_position.out_geometry",
                    "target": "pass.input"
                },
                {
                    "source": "pass.output",
                    "target": ".silhouette_B"
                },
                {
                    "source": "pass.output",
                    "target": "get_point_position1.geometry"
                },
                {
                    "source": "add1.output",
                    "target": "midrib_resampler.positions"
                },
                {
                    "source": "midrib_resampler.midrib",
                    "target": "assign_diagnostic_material.geometry"
                }
            ],
            "values": [
                {
                    "valueName": "update_strands_basis1.strands",
                    "valueType": "Object",
                    "value": {}
                },
                {
                    "valueName": "update_strands_basis1.update_start_to_end",
                    "valueType": "bool",
                    "value": "true"
                },
                {
                    "valueName": "update_strands_basis1.force_update_tangents",
                    "valueType": "bool",
                    "value": "false"
                },
                {
                    "valueName": "update_strands_basis1.up_vector",
                    "valueType": "Math::float3",
                    "value": {
                        "x": "0f",
                        "y": "1f",
                        "z": "0f"
                    }
                },
                {
                    "valueName": "update_strands_basis1.diagnostics_scale",
                    "valueType": "float",
                    "value": "0.658999979f"
                },
                {
                    "valueName": "value4.value",
                    "valueType": "Math::float3",
                    "value": {
                        "x": "0.5f",
                        "y": "0.5f",
                        "z": "0f"
                    }
                },
                {
                    "valueName": "symmetry_for_vis.input",
                    "valueType": "array<Math::float3>",
                    "value": []
                },
                {
                    "valueName": "assign_diagnostic_material.specular",
                    "valueType": "float",
                    "value": "0f"
                },
                {
                    "valueName": "assign_diagnostic_material.emission",
                    "valueType": "float",
                    "value": "1f"
                },
                {
                    "valueName": "layout_color_settingL.geometry",
                    "valueType": "Object",
                    "value": {}
                },
                {
                    "valueName": "layout_color_settingL.line_color",
                    "valueType": "Math::float3",
                    "value": {
                        "x": "0f",
                        "y": "0f",
                        "z": "0f"
                    }
                },
                {
                    "valueName": "midrib_resampler.positions",
                    "valueType": "array<Math::float3>",
                    "value": []
                }
            ],
            "reservedNodeNames": [
                {
                    "name": "input"
                },
                {
                    "name": "output"
                }
            ]
        }
    ]
}
