{
    "header": {
        "metadata": [
            {
                "metaName": "adskFileFormatVersion",
                "metaValue": "100L"
            }
        ]
    },
    "namespaces": [],
    "types": [],
    "compounds": [
        {
            "name": "User::Compounds::merge_vertices_li",
            "uriImported": "stream:/bifrostGraphShape1",
            "metadata": [
                {
                    "metaName": "io_nodes",
                    "metadata": [
                        {
                            "metaName": "io_inodes",
                            "metadata": [
                                {
                                    "metaName": "input",
                                    "metadata": [
                                        {
                                            "metaName": "DisplayMode",
                                            "metaType": "string",
                                            "metaValue": "2"
                                        },
                                        {
                                            "metaName": "LayoutPos",
                                            "metaType": "string",
                                            "metaValue": "-230.654 -359.547"
                                        },
                                        {
                                            "metaName": "io_ports",
                                            "metadata": [
                                                {
                                                    "metaName": "mesh"
                                                },
                                                {
                                                    "metaName": "radius"
                                                }
                                            ]
                                        },
                                        {
                                            "metaName": "zValue",
                                            "metaType": "string",
                                            "metaValue": "46.000000"
                                        }
                                    ]
                                }
                            ]
                        },
                        {
                            "metaName": "io_onodes",
                            "metadata": [
                                {
                                    "metaName": "output",
                                    "metadata": [
                                        {
                                            "metaName": "DisplayMode",
                                            "metaType": "string",
                                            "metaValue": "2"
                                        },
                                        {
                                            "metaName": "LayoutPos",
                                            "metaType": "string",
                                            "metaValue": "3455.72 -417.035"
                                        },
                                        {
                                            "metaName": "io_ports",
                                            "metadata": [
                                                {
                                                    "metaName": "out_mesh"
                                                }
                                            ]
                                        },
                                        {
                                            "metaName": "zValue",
                                            "metaType": "string",
                                            "metaValue": "47.000000"
                                        }
                                    ]
                                }
                            ]
                        }
                    ]
                },
                {
                    "metaName": "_recentNode_",
                    "metaType": "string",
                    "metaValue": "BifrostGraph,Core::Logic,and"
                },
                {
                    "metaName": "_recentNode_",
                    "metaType": "string",
                    "metaValue": "BifrostGraph,Geometry::Mesh,mesh_between_strands"
                },
                {
                    "metaName": "_recentNode_",
                    "metaType": "string",
                    "metaValue": "BifrostGraph,Hyuu::Geometry::Properties,face_vertex_slice"
                },
                {
                    "metaName": "_recentNode_",
                    "metaType": "string",
                    "metaValue": "BifrostGraph,User::Compounds,merge_vertices_li"
                },
                {
                    "metaName": "_recentNode_",
                    "metaType": "string",
                    "metaValue": "BifrostGraph,Hyuu::Geometry,merge_vertices"
                },
                {
                    "metaName": "ViewportRect",
                    "metaType": "string",
                    "metaValue": "1182.47 -711.455 1702.61 1134.72"
                },
                {
                    "metaName": "DisplayMode",
                    "metaType": "string",
                    "metaValue": "2"
                },
                {
                    "metaName": "LayoutPos",
                    "metaType": "string",
                    "metaValue": "-831.757 1459.76"
                },
                {
                    "metaName": "zValue",
                    "metaType": "string",
                    "metaValue": "106.000000"
                }
            ],
            "ports": [
                {
                    "portName": "mesh",
                    "portDirection": "input",
                    "portType": "Object",
                    "portDefault": {}
                },
                {
                    "portName": "radius",
                    "portDirection": "input",
                    "portType": "float",
                    "portDefault": "0.100000001f"
                },
                {
                    "portName": "out_mesh",
                    "portDirection": "output",
                    "portType": "Object"
                }
            ],
            "compounds": [
                {
                    "name": "for_each",
                    "uriImported": "stream:/bifrostGraphShape1",
                    "metadata": [
                        {
                            "metaName": "icon",
                            "metaType": "string",
                            "metaValue": "<NATIVE>../icons/LoopForEach.svg"
                        },
                        {
                            "metaName": "icon",
                            "metaType": "string",
                            "metaValue": "<NATIVE>../icons/LoopForEach.svg"
                        },
                        {
                            "metaName": "icon",
                            "metaType": "string",
                            "metaValue": "<NATIVE>../icons/LoopForEach.svg"
                        },
                        {
                            "metaName": "ViewportRect",
                            "metaType": "string",
                            "metaValue": "-1458 -350 2916 701"
                        },
                        {
                            "metaName": "io_nodes",
                            "metadata": [
                                {
                                    "metaName": "io_inodes",
                                    "metadata": [
                                        {
                                            "metaName": "input",
                                            "metadata": [
                                                {
                                                    "metaName": "DisplayMode",
                                                    "metaType": "string",
                                                    "metaValue": "2"
                                                },
                                                {
                                                    "metaName": "LayoutPos",
                                                    "metaType": "string",
                                                    "metaValue": "-1159 -60.5"
                                                },
                                                {
                                                    "metaName": "io_ports",
                                                    "metadata": [
                                                        {
                                                            "metaName": "current_index"
                                                        },
                                                        {
                                                            "metaName": "face_vertex"
                                                        },
                                                        {
                                                            "metaName": "sorted"
                                                        }
                                                    ]
                                                }
                                            ]
                                        }
                                    ]
                                },
                                {
                                    "metaName": "io_onodes",
                                    "metadata": [
                                        {
                                            "metaName": "output",
                                            "metadata": [
                                                {
                                                    "metaName": "DisplayMode",
                                                    "metaType": "string",
                                                    "metaValue": "2"
                                                },
                                                {
                                                    "metaName": "LayoutPos",
                                                    "metaType": "string",
                                                    "metaValue": "672.647 -74.0295"
                                                },
                                                {
                                                    "metaName": "io_ports",
                                                    "metadata": [
                                                        {
                                                            "metaName": "changed"
                                                        }
                                                    ]
                                                }
                                            ]
                                        }
                                    ]
                                }
                            ]
                        }
                    ],
                    "ports": [
                        {
                            "portName": "current_index",
                            "portDirection": "input",
                            "portType": "long",
                            "portIterationCounter": "true"
                        },
                        {
                            "portName": "face_vertex",
                            "portDirection": "input",
                            "portIterationTarget": "true"
                        },
                        {
                            "portName": "sorted",
                            "portDirection": "input"
                        },
                        {
                            "portName": "changed",
                            "portDirection": "output",
                            "portIterationTarget": "true"
                        }
                    ],
                    "compoundNodes": [
                        {
                            "nodeName": "get_from_array",
                            "nodeType": "Core::Array::get_from_array",
                            "metadata": [
                                {
                                    "metaName": "DisplayMode",
                                    "metaType": "string",
                                    "metaValue": "2"
                                },
                                {
                                    "metaName": "LayoutPos",
                                    "metaType": "string",
                                    "metaValue": "-751.036 -220.162"
                                }
                            ]
                        },
                        {
                            "nodeName": "first_in_array",
                            "nodeType": "Core::Array::first_in_array",
                            "metadata": [
                                {
                                    "metaName": "DisplayMode",
                                    "metaType": "string",
                                    "metaValue": "2"
                                },
                                {
                                    "metaName": "LayoutPos",
                                    "metaType": "string",
                                    "metaValue": "-484.036 -234.162"
                                }
                            ]
                        },
                        {
                            "nodeName": "to_unsigned_int",
                            "nodeType": "Core::Type_Conversion::to_unsigned_int",
                            "metadata": [
                                {
                                    "metaName": "DisplayMode",
                                    "metaType": "string",
                                    "metaValue": "2"
                                },
                                {
                                    "metaName": "LayoutPos",
                                    "metaType": "string",
                                    "metaValue": "-185.848 -261.088"
                                }
                            ]
                        },
                        {
                            "nodeName": "not_equal",
                            "nodeType": "Core::Logic::not_equal",
                            "metadata": [
                                {
                                    "metaName": "DisplayMode",
                                    "metaType": "string",
                                    "metaValue": "2"
                                },
                                {
                                    "metaName": "LayoutPos",
                                    "metaType": "string",
                                    "metaValue": "142.811 -40.5194"
                                }
                            ]
                        }
                    ],
                    "connections": [
                        {
                            "source": "get_from_array.value",
                            "target": "first_in_array.array"
                        },
                        {
                            "source": "first_in_array.first",
                            "target": "to_unsigned_int.from"
                        },
                        {
                            "source": "to_unsigned_int.unsigned_int",
                            "target": "not_equal.first"
                        },
                        {
                            "source": "not_equal.output",
                            "target": ".changed"
                        },
                        {
                            "source": ".face_vertex",
                            "target": "get_from_array.index"
                        },
                        {
                            "source": ".face_vertex",
                            "target": "not_equal.second"
                        },
                        {
                            "source": ".sorted",
                            "target": "get_from_array.array"
                        }
                    ],
                    "values": [],
                    "reservedNodeNames": [
                        {
                            "name": "input"
                        },
                        {
                            "name": "output"
                        }
                    ],
                    "forEachCompound": {
                        "ports": []
                    }
                },
                {
                    "name": "for_each2",
                    "uriImported": "stream:/bifrostGraphShape1",
                    "metadata": [
                        {
                            "metaName": "icon",
                            "metaType": "string",
                            "metaValue": "<NATIVE>../icons/LoopForEach.svg"
                        },
                        {
                            "metaName": "icon",
                            "metaType": "string",
                            "metaValue": "<NATIVE>../icons/LoopForEach.svg"
                        },
                        {
                            "metaName": "icon",
                            "metaType": "string",
                            "metaValue": "<NATIVE>../icons/LoopForEach.svg"
                        },
                        {
                            "metaName": "io_nodes",
                            "metadata": [
                                {
                                    "metaName": "io_inodes",
                                    "metadata": [
                                        {
                                            "metaName": "input",
                                            "metadata": [
                                                {
                                                    "metaName": "DisplayMode",
                                                    "metaType": "string",
                                                    "metaValue": "2"
                                                },
                                                {
                                                    "metaName": "io_ports",
                                                    "metadata": [
                                                        {
                                                            "metaName": "max_iterations"
                                                        },
                                                        {
                                                            "metaName": "current_index"
                                                        },
                                                        {
                                                            "metaName": "new_fv"
                                                        },
                                                        {
                                                            "metaName": "face_offset"
                                                        }
                                                    ]
                                                },
                                                {
                                                    "metaName": "zValue",
                                                    "metaType": "string",
                                                    "metaValue": "37.000000"
                                                },
                                                {
                                                    "metaName": "LayoutPos",
                                                    "metaType": "string",
                                                    "metaValue": "-1199.24 155.239"
                                                }
                                            ]
                                        }
                                    ]
                                },
                                {
                                    "metaName": "io_onodes",
                                    "metadata": [
                                        {
                                            "metaName": "output",
                                            "metadata": [
                                                {
                                                    "metaName": "DisplayMode",
                                                    "metaType": "string",
                                                    "metaValue": "2"
                                                },
                                                {
                                                    "metaName": "LayoutPos",
                                                    "metaType": "string",
                                                    "metaValue": "744 -82.5"
                                                },
                                                {
                                                    "metaName": "io_ports",
                                                    "metadata": [
                                                        {
                                                            "metaName": "all_equal"
                                                        }
                                                    ]
                                                },
                                                {
                                                    "metaName": "zValue",
                                                    "metaType": "string",
                                                    "metaValue": "34.000000"
                                                }
                                            ]
                                        }
                                    ]
                                }
                            ]
                        },
                        {
                            "metaName": "ViewportRect",
                            "metaType": "string",
                            "metaValue": "-1581.78 -289.625 1552.61 1034.75"
                        }
                    ],
                    "ports": [
                        {
                            "portName": "max_iterations",
                            "portDirection": "input",
                            "portType": "long",
                            "portIterationLimit": "true"
                        },
                        {
                            "portName": "current_index",
                            "portDirection": "input",
                            "portType": "long",
                            "portIterationCounter": "true"
                        },
                        {
                            "portName": "new_fv",
                            "portDirection": "input"
                        },
                        {
                            "portName": "face_offset",
                            "portDirection": "input"
                        },
                        {
                            "portName": "all_equal",
                            "portDirection": "output",
                            "portIterationTarget": "true"
                        }
                    ],
                    "compoundNodes": [
                        {
                            "nodeName": "face_vertex_slice_li",
                            "nodeType": "Hyuu::Geometry::Properties::face_vertex_slice",
                            "metadata": [
                                {
                                    "metaName": "DisplayMode",
                                    "metaType": "string",
                                    "metaValue": "2"
                                },
                                {
                                    "metaName": "LayoutPos",
                                    "metaType": "string",
                                    "metaValue": "-845.586 99.0543"
                                },
                                {
                                    "metaName": "zValue",
                                    "metaType": "string",
                                    "metaValue": "36.000000"
                                }
                            ]
                        },
                        {
                            "nodeName": "sort_array_and_remove_duplicates",
                            "nodeType": "Core::Array::sort_array_and_remove_duplicates",
                            "metadata": [
                                {
                                    "metaName": "DisplayMode",
                                    "metaType": "string",
                                    "metaValue": "2"
                                },
                                {
                                    "metaName": "LayoutPos",
                                    "metaType": "string",
                                    "metaValue": "-486.53 -122.664"
                                },
                                {
                                    "metaName": "zValue",
                                    "metaType": "string",
                                    "metaValue": "31.000000"
                                }
                            ]
                        },
                        {
                            "nodeName": "array_size",
                            "nodeType": "Core::Array::array_size",
                            "metadata": [
                                {
                                    "metaName": "DisplayMode",
                                    "metaType": "string",
                                    "metaValue": "2"
                                },
                                {
                                    "metaName": "LayoutPos",
                                    "metaType": "string",
                                    "metaValue": "-216.763 -121.913"
                                },
                                {
                                    "metaName": "zValue",
                                    "metaType": "string",
                                    "metaValue": "32.000000"
                                }
                            ]
                        },
                        {
                            "nodeName": "less",
                            "nodeType": "Core::Logic::less",
                            "metadata": [
                                {
                                    "metaName": "DisplayMode",
                                    "metaType": "string",
                                    "metaValue": "2"
                                },
                                {
                                    "metaName": "LayoutPos",
                                    "metaType": "string",
                                    "metaValue": "87.1293 -142.862"
                                },
                                {
                                    "metaName": "zValue",
                                    "metaType": "string",
                                    "metaValue": "33.000000"
                                }
                            ]
                        }
                    ],
                    "connections": [
                        {
                            "source": "face_vertex_slice_li.values",
                            "target": "sort_array_and_remove_duplicates.array"
                        },
                        {
                            "source": "sort_array_and_remove_duplicates.unique_array",
                            "target": "array_size.array"
                        },
                        {
                            "source": "array_size.size",
                            "target": "less.first"
                        },
                        {
                            "source": "less.output",
                            "target": ".all_equal"
                        },
                        {
                            "source": ".current_index",
                            "target": "face_vertex_slice_li.face_id"
                        },
                        {
                            "source": ".new_fv",
                            "target": "face_vertex_slice_li.face_vertex"
                        },
                        {
                            "source": ".face_offset",
                            "target": "face_vertex_slice_li.face_offset"
                        }
                    ],
                    "values": [
                        {
                            "valueName": "face_vertex_slice_li.face_id",
                            "valueType": "long",
                            "value": "0"
                        },
                        {
                            "valueName": "face_vertex_slice_li.face_vertex",
                            "valueType": "array<uint>",
                            "value": []
                        },
                        {
                            "valueName": "face_vertex_slice_li.face_offset",
                            "valueType": "array<uint>",
                            "value": []
                        },
                        {
                            "valueName": "less.second",
                            "valueType": "long",
                            "value": "3"
                        }
                    ],
                    "reservedNodeNames": [
                        {
                            "name": "input"
                        },
                        {
                            "name": "output"
                        }
                    ],
                    "forEachCompound": {
                        "ports": []
                    }
                },
                {
                    "name": "delete_mesh_faces_by_bool_array",
                    "uriImported": "stream:/bifrostGraphShape1",
                    "metadata": [
                        {
                            "metaName": "UILayout",
                            "metaType": "string",
                            "metaValue": "{\n    \"NodeLayout\": {\n        \"hideUndeclaredPorts\": false,\n        \"items\": [\n            {\n                \"port\": \"mesh\"\n            },\n            {\n                \"expanded\": false,\n                \"group\": \"Collection\",\n                \"items\": [\n                    {\n                        \"port\": \"collection_name\"\n                    },\n                    {\n                        \"port\": \"invert\"\n                    }\n                ]\n            }\n        ]\n    }\n}\n"
                        },
                        {
                            "metaName": "icon",
                            "metaType": "string",
                            "metaValue": "icons/rebelPack.svg"
                        },
                        {
                            "metaName": "DisplayMode",
                            "metaType": "string",
                            "metaValue": "2"
                        },
                        {
                            "metaName": "LayoutPos",
                            "metaType": "string",
                            "metaValue": "597.093 -309.636"
                        },
                        {
                            "metaName": "_recentNode_",
                            "metaType": "string",
                            "metaValue": "BifrostGraph,Modeling::Mesh,delete_faces"
                        },
                        {
                            "metaName": "_recentNode_",
                            "metaType": "string",
                            "metaValue": "BifrostBoard,Core::Logic,not"
                        },
                        {
                            "metaName": "_recentNode_",
                            "metaType": "string",
                            "metaValue": "BifrostBoard,Core::Logic,if"
                        },
                        {
                            "metaName": "_recentNode_",
                            "metaType": "string",
                            "metaValue": "BifrostBoard,BifrostExp,erase_property"
                        },
                        {
                            "metaName": "_recentNode_",
                            "metaType": "string",
                            "metaValue": "BifrostBoard,BifrostExp,get_geo_component"
                        },
                        {
                            "metaName": "ViewportRect",
                            "metaType": "string",
                            "metaValue": "-2941.3 -700.252 1343.85 893.568"
                        },
                        {
                            "metaName": "io_nodes",
                            "metadata": [
                                {
                                    "metaName": "io_inodes",
                                    "metadata": [
                                        {
                                            "metaName": "input",
                                            "metadata": [
                                                {
                                                    "metaName": "DisplayMode",
                                                    "metaType": "string",
                                                    "metaValue": "2"
                                                },
                                                {
                                                    "metaName": "LayoutPos",
                                                    "metaType": "string",
                                                    "metaValue": "-3325 -225"
                                                },
                                                {
                                                    "metaName": "zValue",
                                                    "metaType": "string",
                                                    "metaValue": "36.000000"
                                                },
                                                {
                                                    "metaName": "io_ports",
                                                    "metadata": [
                                                        {
                                                            "metaName": "mesh"
                                                        },
                                                        {
                                                            "metaName": "bitset"
                                                        }
                                                    ]
                                                }
                                            ]
                                        }
                                    ]
                                },
                                {
                                    "metaName": "io_onodes",
                                    "metadata": [
                                        {
                                            "metaName": "output",
                                            "metadata": [
                                                {
                                                    "metaName": "DisplayMode",
                                                    "metaType": "string",
                                                    "metaValue": "2"
                                                },
                                                {
                                                    "metaName": "LayoutPos",
                                                    "metaType": "string",
                                                    "metaValue": "-1617.88 -288.216"
                                                },
                                                {
                                                    "metaName": "zValue",
                                                    "metaType": "string",
                                                    "metaValue": "37.000000"
                                                },
                                                {
                                                    "metaName": "io_ports",
                                                    "metadata": [
                                                        {
                                                            "metaName": "out_mesh"
                                                        }
                                                    ]
                                                }
                                            ]
                                        }
                                    ]
                                }
                            ]
                        }
                    ],
                    "ports": [
                        {
                            "portName": "mesh",
                            "portDirection": "input",
                            "portType": "Object"
                        },
                        {
                            "portName": "bitset",
                            "portDirection": "input",
                            "portType": "array<bool>"
                        },
                        {
                            "portName": "out_mesh",
                            "portDirection": "output",
                            "portType": "Object"
                        }
                    ],
                    "compoundNodes": [
                        {
                            "nodeName": "set_name",
                            "valueType": "string",
                            "metadata": [
                                {
                                    "metaName": "DisplayMode",
                                    "metaType": "string",
                                    "metaValue": "2"
                                },
                                {
                                    "metaName": "valuenode_defaultvalue",
                                    "metaType": "string",
                                    "metaValue": "kill_set"
                                },
                                {
                                    "metaName": "LayoutPos",
                                    "metaType": "string",
                                    "metaValue": "-2963.13 -407.791"
                                },
                                {
                                    "metaName": "zValue",
                                    "metaType": "string",
                                    "metaValue": "31.000000"
                                }
                            ]
                        },
                        {
                            "nodeName": "erase_property",
                            "nodeType": "Core::Object::erase_property",
                            "metadata": [
                                {
                                    "metaName": "DisplayMode",
                                    "metaType": "string",
                                    "metaValue": "2"
                                },
                                {
                                    "metaName": "LayoutPos",
                                    "metaType": "string",
                                    "metaValue": "-1932.31 -289.044"
                                },
                                {
                                    "metaName": "zValue",
                                    "metaType": "string",
                                    "metaValue": "33.000000"
                                }
                            ]
                        },
                        {
                            "nodeName": "set_property1",
                            "nodeType": "Core::Object::set_property",
                            "metadata": [
                                {
                                    "metaName": "DisplayMode",
                                    "metaType": "string",
                                    "metaValue": "2"
                                },
                                {
                                    "metaName": "LayoutPos",
                                    "metaType": "string",
                                    "metaValue": "-2882.27 -89.8448"
                                },
                                {
                                    "metaName": "zValue",
                                    "metaType": "string",
                                    "metaValue": "34.000000"
                                }
                            ]
                        },
                        {
                            "nodeName": "set_property2",
                            "nodeType": "Core::Object::set_property",
                            "metadata": [
                                {
                                    "metaName": "DisplayMode",
                                    "metaType": "string",
                                    "metaValue": "2"
                                },
                                {
                                    "metaName": "LayoutPos",
                                    "metaType": "string",
                                    "metaValue": "-2579.5 -253.172"
                                },
                                {
                                    "metaName": "zValue",
                                    "metaType": "string",
                                    "metaValue": "35.000000"
                                }
                            ]
                        },
                        {
                            "nodeName": "delete_faces1",
                            "nodeType": "Modeling::Mesh::delete_faces",
                            "metadata": [
                                {
                                    "metaName": "DisplayMode",
                                    "metaType": "string",
                                    "metaValue": "2"
                                },
                                {
                                    "metaName": "zValue",
                                    "metaType": "string",
                                    "metaValue": "44.000000"
                                },
                                {
                                    "metaName": "LayoutPos",
                                    "metaType": "string",
                                    "metaValue": "-2219.1 -593.41"
                                }
                            ]
                        }
                    ],
                    "connections": [
                        {
                            "source": "set_name.output",
                            "target": "erase_property.key"
                        },
                        {
                            "source": "set_name.output",
                            "target": "set_property2.key"
                        },
                        {
                            "source": "erase_property.out_object",
                            "target": ".out_mesh"
                        },
                        {
                            "source": "set_property1.out_object",
                            "target": "set_property2.value"
                        },
                        {
                            "source": "set_property2.out_object",
                            "target": "delete_faces1.mesh"
                        },
                        {
                            "source": "delete_faces1.out_mesh",
                            "target": "erase_property.object"
                        },
                        {
                            "source": ".mesh",
                            "target": "set_property2.object"
                        },
                        {
                            "source": ".bitset",
                            "target": "set_property1.value"
                        }
                    ],
                    "values": [
                        {
                            "valueName": "set_name.value",
                            "valueType": "string",
                            "value": "kill_set"
                        },
                        {
                            "valueName": "set_property1.key",
                            "valueType": "string",
                            "value": "bitset"
                        },
                        {
                            "valueName": "delete_faces1.mesh",
                            "valueType": "Object",
                            "value": {}
                        },
                        {
                            "valueName": "delete_faces1.faces_to_delete",
                            "valueType": "array<long>",
                            "value": []
                        },
                        {
                            "valueName": "delete_faces1.properties",
                            "valueType": "string",
                            "value": "*"
                        }
                    ],
                    "reservedNodeNames": [
                        {
                            "name": "input"
                        },
                        {
                            "name": "output"
                        }
                    ]
                },
                {
                    "name": "iterate",
                    "uriImported": "stream:/bifrostGraphShape1",
                    "metadata": [
                        {
                            "metaName": "icon",
                            "metaType": "string",
                            "metaValue": "<NATIVE>../icons/LoopIterate.svg"
                        },
                        {
                            "metaName": "icon",
                            "metaType": "string",
                            "metaValue": "<NATIVE>../icons/LoopIterate.svg"
                        },
                        {
                            "metaName": "icon",
                            "metaType": "string",
                            "metaValue": "<NATIVE>../icons/LoopIterate.svg"
                        },
                        {
                            "metaName": "ViewportRect",
                            "metaType": "string",
                            "metaValue": "-2673.85 -545.882 4188.84 1006.99"
                        },
                        {
                            "metaName": "io_nodes",
                            "metadata": [
                                {
                                    "metaName": "io_inodes",
                                    "metadata": [
                                        {
                                            "metaName": "input",
                                            "metadata": [
                                                {
                                                    "metaName": "DisplayMode",
                                                    "metaType": "string",
                                                    "metaValue": "2"
                                                },
                                                {
                                                    "metaName": "LayoutPos",
                                                    "metaType": "string",
                                                    "metaValue": "-1573.91 -163.81"
                                                },
                                                {
                                                    "metaName": "io_ports",
                                                    "metadata": [
                                                        {
                                                            "metaName": "current_index"
                                                        },
                                                        {
                                                            "metaName": "point_position"
                                                        },
                                                        {
                                                            "metaName": "sorted"
                                                        },
                                                        {
                                                            "metaName": "new_id_map"
                                                        },
                                                        {
                                                            "metaName": "new_pp"
                                                        }
                                                    ]
                                                }
                                            ]
                                        }
                                    ]
                                },
                                {
                                    "metaName": "io_onodes",
                                    "metadata": [
                                        {
                                            "metaName": "output",
                                            "metadata": [
                                                {
                                                    "metaName": "DisplayMode",
                                                    "metaType": "string",
                                                    "metaValue": "2"
                                                },
                                                {
                                                    "metaName": "LayoutPos",
                                                    "metaType": "string",
                                                    "metaValue": "769.681 -94.0938"
                                                },
                                                {
                                                    "metaName": "io_ports",
                                                    "metadata": [
                                                        {
                                                            "metaName": "array"
                                                        },
                                                        {
                                                            "metaName": "out_array"
                                                        }
                                                    ]
                                                }
                                            ]
                                        }
                                    ]
                                }
                            ]
                        }
                    ],
                    "ports": [
                        {
                            "portName": "current_index",
                            "portDirection": "input",
                            "portType": "long",
                            "portIterationCounter": "true"
                        },
                        {
                            "portName": "point_position",
                            "portDirection": "input"
                        },
                        {
                            "portName": "sorted",
                            "portDirection": "input",
                            "portIterationTarget": "true"
                        },
                        {
                            "portName": "new_id_map",
                            "portDirection": "input"
                        },
                        {
                            "portName": "new_pp",
                            "portDirection": "input",
                            "portType": "array<Math::float3>"
                        },
                        {
                            "portName": "array",
                            "portDirection": "output"
                        },
                        {
                            "portName": "out_array",
                            "portDirection": "output"
                        }
                    ],
                    "compounds": [
                        {
                            "name": "average_points_in_radius",
                            "uriImported": "stream:/bifrostGraphShape1",
                            "metadata": [
                                {
                                    "metaName": "io_nodes",
                                    "metadata": [
                                        {
                                            "metaName": "io_inodes",
                                            "metadata": [
                                                {
                                                    "metaName": "input",
                                                    "metadata": [
                                                        {
                                                            "metaName": "io_ports",
                                                            "metadata": [
                                                                {
                                                                    "metaName": "point_position"
                                                                },
                                                                {
                                                                    "metaName": "sorted"
                                                                }
                                                            ]
                                                        }
                                                    ]
                                                }
                                            ]
                                        },
                                        {
                                            "metaName": "io_onodes",
                                            "metadata": [
                                                {
                                                    "metaName": "output",
                                                    "metadata": [
                                                        {
                                                            "metaName": "io_ports",
                                                            "metadata": [
                                                                {
                                                                    "metaName": "output"
                                                                }
                                                            ]
                                                        }
                                                    ]
                                                }
                                            ]
                                        }
                                    ]
                                }
                            ],
                            "ports": [
                                {
                                    "portName": "point_position",
                                    "portDirection": "input"
                                },
                                {
                                    "portName": "sorted",
                                    "portDirection": "input"
                                },
                                {
                                    "portName": "output",
                                    "portDirection": "output"
                                }
                            ],
                            "compoundNodes": [
                                {
                                    "nodeName": "array_size1",
                                    "nodeType": "Core::Array::array_size",
                                    "metadata": [
                                        {
                                            "metaName": "DisplayMode",
                                            "metaType": "string",
                                            "metaValue": "2"
                                        },
                                        {
                                            "metaName": "LayoutPos",
                                            "metaType": "string",
                                            "metaValue": "-1124.73 355.634"
                                        }
                                    ]
                                },
                                {
                                    "nodeName": "convert_to_float",
                                    "nodeType": "Core::Type_Conversion::to_float",
                                    "metadata": [
                                        {
                                            "metaName": "DisplayMode",
                                            "metaType": "string",
                                            "metaValue": "2"
                                        },
                                        {
                                            "metaName": "LayoutPos",
                                            "metaType": "string",
                                            "metaValue": "-738.578 340.562"
                                        }
                                    ]
                                },
                                {
                                    "nodeName": "divide",
                                    "nodeType": "Core::Math::divide",
                                    "multiInPortNames": [
                                        "vecSum",
                                        "converted"
                                    ],
                                    "metadata": [
                                        {
                                            "metaName": "DisplayMode",
                                            "metaType": "string",
                                            "metaValue": "2"
                                        },
                                        {
                                            "metaName": "LayoutPos",
                                            "metaType": "string",
                                            "metaValue": "-513.213 169.995"
                                        }
                                    ]
                                },
                                {
                                    "nodeName": "get_from_array1",
                                    "nodeType": "Core::Array::get_from_array",
                                    "metadata": [
                                        {
                                            "metaName": "DisplayMode",
                                            "metaType": "string",
                                            "metaValue": "2"
                                        },
                                        {
                                            "metaName": "LayoutPos",
                                            "metaType": "string",
                                            "metaValue": "-1255.54 143.54"
                                        }
                                    ]
                                },
                                {
                                    "nodeName": "sum_array",
                                    "nodeType": "Core::Array::sum_array",
                                    "metadata": [
                                        {
                                            "metaName": "DisplayMode",
                                            "metaType": "string",
                                            "metaValue": "2"
                                        },
                                        {
                                            "metaName": "LayoutPos",
                                            "metaType": "string",
                                            "metaValue": "-944.021 188.211"
                                        }
                                    ]
                                }
                            ],
                            "connections": [
                                {
                                    "source": "array_size1.size",
                                    "target": "convert_to_float.from"
                                },
                                {
                                    "source": "convert_to_float.float",
                                    "target": "divide.first.converted"
                                },
                                {
                                    "source": "divide.output",
                                    "target": ".output"
                                },
                                {
                                    "source": "get_from_array1.value",
                                    "target": "array_size1.array"
                                },
                                {
                                    "source": "get_from_array1.value",
                                    "target": "sum_array.array"
                                },
                                {
                                    "source": "sum_array.sum",
                                    "target": "divide.first.vecSum"
                                },
                                {
                                    "source": ".point_position",
                                    "target": "get_from_array1.array"
                                },
                                {
                                    "source": ".sorted",
                                    "target": "get_from_array1.index"
                                }
                            ],
                            "values": [],
                            "reservedNodeNames": [
                                {
                                    "name": "input"
                                },
                                {
                                    "name": "output"
                                }
                            ]
                        }
                    ],
                    "compoundNodes": [
                        {
                            "nodeName": "get_from_array",
                            "nodeType": "Core::Array::get_from_array",
                            "metadata": [
                                {
                                    "metaName": "DisplayMode",
                                    "metaType": "string",
                                    "metaValue": "2"
                                },
                                {
                                    "metaName": "LayoutPos",
                                    "metaType": "string",
                                    "metaValue": "-1164.12 -396.699"
                                }
                            ]
                        },
                        {
                            "nodeName": "if",
                            "nodeType": "Core::Logic::if",
                            "metadata": [
                                {
                                    "metaName": "DisplayMode",
                                    "metaType": "string",
                                    "metaValue": "2"
                                },
                                {
                                    "metaName": "LayoutPos",
                                    "metaType": "string",
                                    "metaValue": "271 -196"
                                }
                            ]
                        },
                        {
                            "nodeName": "build_array",
                            "nodeType": "Core::Array::build_array",
                            "multiInPortNames": [
                                "port",
                                "average"
                            ],
                            "metadata": [
                                {
                                    "metaName": "LayoutPos",
                                    "metaType": "string",
                                    "metaValue": "-127 71"
                                },
                                {
                                    "metaName": "DisplayMode",
                                    "metaType": "string",
                                    "metaValue": "2"
                                }
                            ]
                        },
                        {
                            "nodeName": "set_in_array",
                            "nodeType": "Core::Array::set_in_array",
                            "metadata": [
                                {
                                    "metaName": "DisplayMode",
                                    "metaType": "string",
                                    "metaValue": "2"
                                },
                                {
                                    "metaName": "LayoutPos",
                                    "metaType": "string",
                                    "metaValue": "-123.217 277.319"
                                }
                            ]
                        },
                        {
                            "nodeName": "if1",
                            "nodeType": "Core::Logic::if",
                            "metadata": [
                                {
                                    "metaName": "DisplayMode",
                                    "metaType": "string",
                                    "metaValue": "2"
                                },
                                {
                                    "metaName": "LayoutPos",
                                    "metaType": "string",
                                    "metaValue": "279 5"
                                }
                            ]
                        },
                        {
                            "nodeName": "array_size",
                            "nodeType": "Core::Array::array_size",
                            "metadata": [
                                {
                                    "metaName": "DisplayMode",
                                    "metaType": "string",
                                    "metaValue": "2"
                                },
                                {
                                    "metaName": "LayoutPos",
                                    "metaType": "string",
                                    "metaValue": "-1046.07 410.379"
                                }
                            ]
                        },
                        {
                            "nodeName": "equal",
                            "nodeType": "Core::Logic::equal",
                            "metadata": [
                                {
                                    "metaName": "DisplayMode",
                                    "metaType": "string",
                                    "metaValue": "2"
                                },
                                {
                                    "metaName": "LayoutPos",
                                    "metaType": "string",
                                    "metaValue": "-76.2681 -412.993"
                                }
                            ]
                        },
                        {
                            "nodeName": "average_points_in_radius",
                            "nodeType": "average_points_in_radius",
                            "metadata": [
                                {
                                    "metaName": "DisplayMode",
                                    "metaType": "string",
                                    "metaValue": "2"
                                },
                                {
                                    "metaName": "LayoutPos",
                                    "metaType": "string",
                                    "metaValue": "-1043.07 126.104"
                                }
                            ]
                        }
                    ],
                    "connections": [
                        {
                            "source": "get_from_array.value",
                            "target": "equal.first"
                        },
                        {
                            "source": "if.output",
                            "target": ".array"
                        },
                        {
                            "source": "build_array.array",
                            "target": "if.true_case"
                        },
                        {
                            "source": "set_in_array.out_array",
                            "target": "if1.true_case"
                        },
                        {
                            "source": "if1.output",
                            "target": ".out_array"
                        },
                        {
                            "source": "array_size.size",
                            "target": "set_in_array.value"
                        },
                        {
                            "source": "equal.output",
                            "target": "if.condition"
                        },
                        {
                            "source": "equal.output",
                            "target": "if1.condition"
                        },
                        {
                            "source": "average_points_in_radius.output",
                            "target": "build_array.first.average"
                        },
                        {
                            "source": ".current_index",
                            "target": "get_from_array.index"
                        },
                        {
                            "source": ".point_position",
                            "target": "average_points_in_radius.point_position"
                        },
                        {
                            "source": ".sorted",
                            "target": "set_in_array.index"
                        },
                        {
                            "source": ".sorted",
                            "target": "average_points_in_radius.sorted"
                        },
                        {
                            "source": ".new_id_map",
                            "target": "get_from_array.array"
                        },
                        {
                            "source": ".new_id_map",
                            "target": "set_in_array.array"
                        },
                        {
                            "source": ".new_id_map",
                            "target": "if1.false_case"
                        },
                        {
                            "source": ".new_pp",
                            "target": "build_array.first.port"
                        },
                        {
                            "source": ".new_pp",
                            "target": "array_size.array"
                        },
                        {
                            "source": ".new_pp",
                            "target": "if.false_case"
                        }
                    ],
                    "values": [
                        {
                            "valueName": "equal.second",
                            "valueType": "long",
                            "value": "-1"
                        }
                    ],
                    "reservedNodeNames": [
                        {
                            "name": "input"
                        },
                        {
                            "name": "output"
                        }
                    ],
                    "iterateCompound": {
                        "ports": [
                            {
                                "portKind": "state",
                                "inputPortName": "new_id_map",
                                "outputPortName": "out_array"
                            },
                            {
                                "portKind": "state",
                                "inputPortName": "new_pp",
                                "outputPortName": "array"
                            }
                        ]
                    }
                }
            ],
            "compoundNodes": [
                {
                    "nodeName": "for_each",
                    "nodeType": "for_each",
                    "metadata": [
                        {
                            "metaName": "DisplayMode",
                            "metaType": "string",
                            "metaValue": "2"
                        },
                        {
                            "metaName": "LayoutPos",
                            "metaType": "string",
                            "metaValue": "1502.7 163.073"
                        },
                        {
                            "metaName": "zValue",
                            "metaType": "string",
                            "metaValue": "31.000000"
                        }
                    ]
                },
                {
                    "nodeName": "for_each2",
                    "nodeType": "for_each2",
                    "metadata": [
                        {
                            "metaName": "DisplayMode",
                            "metaType": "string",
                            "metaValue": "2"
                        },
                        {
                            "metaName": "LayoutPos",
                            "metaType": "string",
                            "metaValue": "2377.42 83.8288"
                        },
                        {
                            "metaName": "zValue",
                            "metaType": "string",
                            "metaValue": "56.000000"
                        }
                    ]
                },
                {
                    "nodeName": "delete_mesh_faces_by_bool_array",
                    "nodeType": "delete_mesh_faces_by_bool_array",
                    "metadata": [
                        {
                            "metaName": "DisplayMode",
                            "metaType": "string",
                            "metaValue": "2"
                        },
                        {
                            "metaName": "LayoutPos",
                            "metaType": "string",
                            "metaValue": "2685.54 -206.534"
                        },
                        {
                            "metaName": "zValue",
                            "metaType": "string",
                            "metaValue": "48.000000"
                        }
                    ]
                },
                {
                    "nodeName": "get_mesh_structure",
                    "nodeType": "Geometry::Mesh::get_mesh_structure",
                    "metadata": [
                        {
                            "metaName": "DisplayMode",
                            "metaType": "string",
                            "metaValue": "2"
                        },
                        {
                            "metaName": "LayoutPos",
                            "metaType": "string",
                            "metaValue": "711.844 -196.269"
                        },
                        {
                            "metaName": "zValue",
                            "metaType": "string",
                            "metaValue": "32.000000"
                        }
                    ]
                },
                {
                    "nodeName": "get_point_position",
                    "nodeType": "Geometry::Properties::get_point_position",
                    "metadata": [
                        {
                            "metaName": "DisplayMode",
                            "metaType": "string",
                            "metaValue": "2"
                        },
                        {
                            "metaName": "LayoutPos",
                            "metaType": "string",
                            "metaValue": "-113.571 452.817"
                        },
                        {
                            "metaName": "zValue",
                            "metaType": "string",
                            "metaValue": "33.000000"
                        }
                    ]
                },
                {
                    "nodeName": "get_points_in_radius",
                    "nodeType": "Geometry::Query::get_points_in_radius",
                    "metadata": [
                        {
                            "metaName": "DisplayMode",
                            "metaType": "string",
                            "metaValue": "2"
                        },
                        {
                            "metaName": "LayoutPos",
                            "metaType": "string",
                            "metaValue": "338.264 377.067"
                        },
                        {
                            "metaName": "zValue",
                            "metaType": "string",
                            "metaValue": "34.000000"
                        }
                    ]
                },
                {
                    "nodeName": "set_face_vertex_array",
                    "nodeType": "Core::Object::Internal::set_sub_object_property",
                    "metadata": [
                        {
                            "metaName": "DisplayMode",
                            "metaType": "string",
                            "metaValue": "2"
                        },
                        {
                            "metaName": "LayoutPos",
                            "metaType": "string",
                            "metaValue": "1840.59 -204.466"
                        },
                        {
                            "metaName": "zValue",
                            "metaType": "string",
                            "metaValue": "35.000000"
                        }
                    ]
                },
                {
                    "nodeName": "set_point_position",
                    "nodeType": "Geometry::Properties::set_point_position",
                    "metadata": [
                        {
                            "metaName": "DisplayMode",
                            "metaType": "string",
                            "metaValue": "2"
                        },
                        {
                            "metaName": "LayoutPos",
                            "metaType": "string",
                            "metaValue": "2217.33 -198.937"
                        },
                        {
                            "metaName": "zValue",
                            "metaType": "string",
                            "metaValue": "36.000000"
                        }
                    ]
                },
                {
                    "nodeName": "sort_array",
                    "nodeType": "Core::Array::sort_array",
                    "metadata": [
                        {
                            "metaName": "DisplayMode",
                            "metaType": "string",
                            "metaValue": "2"
                        },
                        {
                            "metaName": "LayoutPos",
                            "metaType": "string",
                            "metaValue": "729.352 377.931"
                        },
                        {
                            "metaName": "zValue",
                            "metaType": "string",
                            "metaValue": "37.000000"
                        }
                    ]
                },
                {
                    "nodeName": "greater",
                    "nodeType": "Core::Logic::greater",
                    "metadata": [
                        {
                            "metaName": "DisplayMode",
                            "metaType": "string",
                            "metaValue": "2"
                        },
                        {
                            "metaName": "LayoutPos",
                            "metaType": "string",
                            "metaValue": "74.4595 -574.745"
                        },
                        {
                            "metaName": "zValue",
                            "metaType": "string",
                            "metaValue": "38.000000"
                        }
                    ]
                },
                {
                    "nodeName": "if",
                    "nodeType": "Core::Logic::if",
                    "metadata": [
                        {
                            "metaName": "DisplayMode",
                            "metaType": "string",
                            "metaValue": "2"
                        },
                        {
                            "metaName": "LayoutPos",
                            "metaType": "string",
                            "metaValue": "3052.85 -441.541"
                        },
                        {
                            "metaName": "zValue",
                            "metaType": "string",
                            "metaValue": "39.000000"
                        }
                    ]
                },
                {
                    "nodeName": "any_true_in_array",
                    "nodeType": "Core::Array::any_true_in_array",
                    "metadata": [
                        {
                            "metaName": "DisplayMode",
                            "metaType": "string",
                            "metaValue": "2"
                        },
                        {
                            "metaName": "zValue",
                            "metaType": "string",
                            "metaValue": "57.000000"
                        },
                        {
                            "metaName": "LayoutPos",
                            "metaType": "string",
                            "metaValue": "1794.66 -462.637"
                        }
                    ]
                },
                {
                    "nodeName": "iterate",
                    "nodeType": "iterate",
                    "metadata": [
                        {
                            "metaName": "DisplayMode",
                            "metaType": "string",
                            "metaValue": "2"
                        },
                        {
                            "metaName": "LayoutPos",
                            "metaType": "string",
                            "metaValue": "1475.07 711.937"
                        },
                        {
                            "metaName": "zValue",
                            "metaType": "string",
                            "metaValue": "42.000000"
                        }
                    ]
                },
                {
                    "nodeName": "resize_array",
                    "nodeType": "Core::Array::resize_array",
                    "metadata": [
                        {
                            "metaName": "DisplayMode",
                            "metaType": "string",
                            "metaValue": "2"
                        },
                        {
                            "metaName": "LayoutPos",
                            "metaType": "string",
                            "metaValue": "671.86 689.067"
                        },
                        {
                            "metaName": "zValue",
                            "metaType": "string",
                            "metaValue": "43.000000"
                        }
                    ]
                },
                {
                    "nodeName": "get_from_array",
                    "nodeType": "Core::Array::get_from_array",
                    "metadata": [
                        {
                            "metaName": "DisplayMode",
                            "metaType": "string",
                            "metaValue": "2"
                        },
                        {
                            "metaName": "LayoutPos",
                            "metaType": "string",
                            "metaValue": "1849.26 338.531"
                        },
                        {
                            "metaName": "zValue",
                            "metaType": "string",
                            "metaValue": "44.000000"
                        }
                    ]
                },
                {
                    "nodeName": "to_unsigned_int",
                    "nodeType": "Core::Type_Conversion::to_unsigned_int",
                    "metadata": [
                        {
                            "metaName": "DisplayMode",
                            "metaType": "string",
                            "metaValue": "2"
                        },
                        {
                            "metaName": "LayoutPos",
                            "metaType": "string",
                            "metaValue": "1910.66 790.743"
                        },
                        {
                            "metaName": "zValue",
                            "metaType": "string",
                            "metaValue": "45.000000"
                        }
                    ]
                },
                {
                    "nodeName": "and",
                    "nodeType": "Core::Logic::and",
                    "metadata": [
                        {
                            "metaName": "DisplayMode",
                            "metaType": "string",
                            "metaValue": "2"
                        },
                        {
                            "metaName": "zValue",
                            "metaType": "string",
                            "metaValue": "54.000000"
                        },
                        {
                            "metaName": "LayoutPos",
                            "metaType": "string",
                            "metaValue": "2200.91 -898.452"
                        }
                    ]
                }
            ],
            "connections": [
                {
                    "source": "for_each.changed",
                    "target": "any_true_in_array.array"
                },
                {
                    "source": "for_each2.all_equal",
                    "target": "delete_mesh_faces_by_bool_array.bitset"
                },
                {
                    "source": "delete_mesh_faces_by_bool_array.out_mesh",
                    "target": "if.true_case"
                },
                {
                    "source": "get_mesh_structure.point_count",
                    "target": "resize_array.new_size"
                },
                {
                    "source": "get_mesh_structure.face_count",
                    "target": "for_each2.max_iterations"
                },
                {
                    "source": "get_mesh_structure.point_position",
                    "target": "iterate.point_position"
                },
                {
                    "source": "get_mesh_structure.face_vertex",
                    "target": "for_each.face_vertex"
                },
                {
                    "source": "get_mesh_structure.face_vertex",
                    "target": "get_from_array.index"
                },
                {
                    "source": "get_mesh_structure.face_offset",
                    "target": "for_each2.face_offset"
                },
                {
                    "source": "get_point_position.point_position",
                    "target": "get_points_in_radius.positions"
                },
                {
                    "source": "get_points_in_radius.point_indices",
                    "target": "sort_array.array"
                },
                {
                    "source": "set_face_vertex_array.out_object",
                    "target": "set_point_position.geometry"
                },
                {
                    "source": "set_point_position.out_geometry",
                    "target": "delete_mesh_faces_by_bool_array.mesh"
                },
                {
                    "source": "sort_array.sorted",
                    "target": "for_each.sorted"
                },
                {
                    "source": "sort_array.sorted",
                    "target": "iterate.sorted"
                },
                {
                    "source": "if.output",
                    "target": ".out_mesh"
                },
                {
                    "source": "iterate.array",
                    "target": "set_point_position.positions"
                },
                {
                    "source": "iterate.out_array",
                    "target": "to_unsigned_int.from"
                },
                {
                    "source": "resize_array.resized",
                    "target": "iterate.new_id_map"
                },
                {
                    "source": "get_from_array.value",
                    "target": "for_each2.new_fv"
                },
                {
                    "source": "get_from_array.value",
                    "target": "set_face_vertex_array.value"
                },
                {
                    "source": "to_unsigned_int.unsigned_int",
                    "target": "get_from_array.array"
                },
                {
                    "source": ".mesh",
                    "target": "get_mesh_structure.mesh"
                },
                {
                    "source": ".mesh",
                    "target": "get_point_position.geometry"
                },
                {
                    "source": ".mesh",
                    "target": "get_points_in_radius.geometry"
                },
                {
                    "source": ".mesh",
                    "target": "set_face_vertex_array.object"
                },
                {
                    "source": ".mesh",
                    "target": "if.false_case"
                },
                {
                    "source": ".radius",
                    "target": "get_points_in_radius.radius"
                },
                {
                    "source": ".radius",
                    "target": "greater.first"
                },
                {
                    "source": "greater.output",
                    "target": "and.first"
                },
                {
                    "source": "any_true_in_array.any_true",
                    "target": "and.second"
                },
                {
                    "source": "and.output",
                    "target": "if.condition"
                }
            ],
            "values": [
                {
                    "valueName": "for_each2.max_iterations",
                    "valueType": "long",
                    "value": "10"
                },
                {
                    "valueName": "delete_mesh_faces_by_bool_array.bitset",
                    "valueType": "array<bool>",
                    "value": []
                },
                {
                    "valueName": "get_points_in_radius.geometry",
                    "valueType": "Object",
                    "value": {}
                },
                {
                    "valueName": "get_points_in_radius.radius",
                    "valueType": "float",
                    "value": "0.100000001f"
                },
                {
                    "valueName": "get_points_in_radius.enable_max_number",
                    "valueType": "bool",
                    "value": "false"
                },
                {
                    "valueName": "get_points_in_radius.max_number",
                    "valueType": "long",
                    "value": "8"
                },
                {
                    "valueName": "set_face_vertex_array.property",
                    "valueType": "string",
                    "value": "face_vertex"
                },
                {
                    "valueName": "set_face_vertex_array.sub_property",
                    "valueType": "string",
                    "value": "data"
                },
                {
                    "valueName": "resize_array.default",
                    "valueType": "long",
                    "value": "-1"
                }
            ],
            "reservedNodeNames": [
                {
                    "name": "input"
                },
                {
                    "name": "output"
                }
            ]
        }
    ]
}
