{
    "header": {
        "metadata": [
            {
                "metaName": "adskFileFormatVersion",
                "metaValue": "100L"
            }
        ]
    },
    "namespaces": [],
    "types": [],
    "compounds": [
        {
            "name": "User::Compounds::midrib_resampler",
            "uriImported": "file:///midrib_resampler.json",
            "metadata": [
                {
                    "metaName": "io_nodes",
                    "metadata": [
                        {
                            "metaName": "io_inodes",
                            "metadata": [
                                {
                                    "metaName": "input",
                                    "metadata": [
                                        {
                                            "metaName": "DisplayMode",
                                            "metaType": "string",
                                            "metaValue": "2"
                                        },
                                        {
                                            "metaName": "LayoutPos",
                                            "metaType": "string",
                                            "metaValue": "-449.5 -61"
                                        },
                                        {
                                            "metaName": "io_ports",
                                            "metadata": [
                                                {
                                                    "metaName": "positions"
                                                }
                                            ]
                                        },
                                        {
                                            "metaName": "zValue",
                                            "metaType": "string",
                                            "metaValue": "31.000000"
                                        }
                                    ]
                                }
                            ]
                        },
                        {
                            "metaName": "io_onodes",
                            "metadata": [
                                {
                                    "metaName": "output",
                                    "metadata": [
                                        {
                                            "metaName": "DisplayMode",
                                            "metaType": "string",
                                            "metaValue": "2"
                                        },
                                        {
                                            "metaName": "LayoutPos",
                                            "metaType": "string",
                                            "metaValue": "1766.17 -375.634"
                                        },
                                        {
                                            "metaName": "io_ports",
                                            "metadata": [
                                                {
                                                    "metaName": "midrib"
                                                },
                                                {
                                                    "metaName": "midrib_points"
                                                }
                                            ]
                                        },
                                        {
                                            "metaName": "zValue",
                                            "metaType": "string",
                                            "metaValue": "39.000000"
                                        }
                                    ]
                                }
                            ]
                        }
                    ]
                },
                {
                    "metaName": "_recentNode_",
                    "metaType": "string",
                    "metaValue": "BifrostGraph,Geometry::Properties,get_point_position"
                },
                {
                    "metaName": "_recentNode_",
                    "metaType": "string",
                    "metaValue": "BifrostGraph,Core::Array,array_size"
                },
                {
                    "metaName": "_recentNode_",
                    "metaType": "string",
                    "metaValue": "BifrostGraph,Core::Any,any_array_size"
                },
                {
                    "metaName": "_recentNode_",
                    "metaType": "string",
                    "metaValue": "BifrostGraph,Geometry::Strands,resample_strands"
                },
                {
                    "metaName": "_recentNode_",
                    "metaType": "string",
                    "metaValue": "BifrostGraph,Core::Array,resize_array"
                },
                {
                    "metaName": "ViewportRect",
                    "metaType": "string",
                    "metaValue": "-79.6347 -881.051 1683.46 1091.28"
                },
                {
                    "metaName": "DisplayMode",
                    "metaType": "string",
                    "metaValue": "2"
                },
                {
                    "metaName": "LayoutPos",
                    "metaType": "string",
                    "metaValue": "2024.84 -1006.33"
                },
                {
                    "metaName": "zValue",
                    "metaType": "string",
                    "metaValue": "71.000000"
                }
            ],
            "ports": [
                {
                    "portName": "positions",
                    "portDirection": "input",
                    "portDefaultType": "array<Math::float3>",
                    "portDefault": []
                },
                {
                    "portName": "midrib",
                    "portDirection": "output"
                },
                {
                    "portName": "midrib_points",
                    "portDirection": "output"
                }
            ],
            "compoundNodes": [
                {
                    "nodeName": "build_array",
                    "nodeType": "Core::Array::build_array",
                    "multiInPortNames": [
                        "last",
                        "first1"
                    ],
                    "metadata": [
                        {
                            "metaName": "DisplayMode",
                            "metaType": "string",
                            "metaValue": "2"
                        },
                        {
                            "metaName": "LayoutPos",
                            "metaType": "string",
                            "metaValue": "661.744 -365.754"
                        },
                        {
                            "metaName": "zValue",
                            "metaType": "string",
                            "metaValue": "32.000000"
                        }
                    ]
                },
                {
                    "nodeName": "construct_strands",
                    "nodeType": "Geometry::Strands::construct_strands",
                    "metadata": [
                        {
                            "metaName": "DisplayMode",
                            "metaType": "string",
                            "metaValue": "2"
                        },
                        {
                            "metaName": "LayoutPos",
                            "metaType": "string",
                            "metaValue": "931.862 -568.222"
                        },
                        {
                            "metaName": "zValue",
                            "metaType": "string",
                            "metaValue": "36.000000"
                        },
                        {
                            "metaName": "PortExpandedState",
                            "metadata": [
                                {
                                    "metaName": "point_position",
                                    "metaType": "string",
                                    "metaValue": "1"
                                }
                            ]
                        }
                    ]
                },
                {
                    "nodeName": "first_in_array",
                    "nodeType": "Core::Array::first_in_array",
                    "metadata": [
                        {
                            "metaName": "DisplayMode",
                            "metaType": "string",
                            "metaValue": "2"
                        },
                        {
                            "metaName": "LayoutPos",
                            "metaType": "string",
                            "metaValue": "376.164 -132.87"
                        },
                        {
                            "metaName": "zValue",
                            "metaType": "string",
                            "metaValue": "34.000000"
                        }
                    ]
                },
                {
                    "nodeName": "last_in_array",
                    "nodeType": "Core::Array::last_in_array",
                    "metadata": [
                        {
                            "metaName": "DisplayMode",
                            "metaType": "string",
                            "metaValue": "2"
                        },
                        {
                            "metaName": "LayoutPos",
                            "metaType": "string",
                            "metaValue": "313.414 -412.534"
                        },
                        {
                            "metaName": "zValue",
                            "metaType": "string",
                            "metaValue": "33.000000"
                        }
                    ]
                },
                {
                    "nodeName": "pass",
                    "nodeType": "Core::Graph::pass",
                    "metadata": [
                        {
                            "metaName": "DisplayMode",
                            "metaType": "string",
                            "metaValue": "2"
                        },
                        {
                            "metaName": "LayoutPos",
                            "metaType": "string",
                            "metaValue": "46.2041 -185.717"
                        },
                        {
                            "metaName": "zValue",
                            "metaType": "string",
                            "metaValue": "35.000000"
                        }
                    ]
                },
                {
                    "nodeName": "resample_strands",
                    "nodeType": "Geometry::Strands::resample_strands",
                    "metadata": [
                        {
                            "metaName": "DisplayMode",
                            "metaType": "string",
                            "metaValue": "2"
                        },
                        {
                            "metaName": "PortExpandedState",
                            "metadata": [
                                {
                                    "metaName": "Constant Count Resample",
                                    "metaType": "string",
                                    "metaValue": "1"
                                }
                            ]
                        },
                        {
                            "metaName": "LayoutPos",
                            "metaType": "string",
                            "metaValue": "1230.55 -248.368"
                        },
                        {
                            "metaName": "zValue",
                            "metaType": "string",
                            "metaValue": "37.000000"
                        }
                    ]
                },
                {
                    "nodeName": "array_size",
                    "nodeType": "Core::Array::array_size",
                    "metadata": [
                        {
                            "metaName": "DisplayMode",
                            "metaType": "string",
                            "metaValue": "2"
                        },
                        {
                            "metaName": "LayoutPos",
                            "metaType": "string",
                            "metaValue": "854.324 40.9072"
                        },
                        {
                            "metaName": "zValue",
                            "metaType": "string",
                            "metaValue": "38.000000"
                        }
                    ]
                },
                {
                    "nodeName": "get_point_position",
                    "nodeType": "Geometry::Properties::get_point_position",
                    "metadata": [
                        {
                            "metaName": "DisplayMode",
                            "metaType": "string",
                            "metaValue": "2"
                        },
                        {
                            "metaName": "LayoutPos",
                            "metaType": "string",
                            "metaValue": "1501.79 -263.867"
                        },
                        {
                            "metaName": "zValue",
                            "metaType": "string",
                            "metaValue": "40.000000"
                        }
                    ]
                }
            ],
            "connections": [
                {
                    "source": "last_in_array.last",
                    "target": "build_array.first.last"
                },
                {
                    "source": "first_in_array.first",
                    "target": "build_array.first.first1"
                },
                {
                    "source": "pass.output",
                    "target": "first_in_array.array"
                },
                {
                    "source": "pass.output",
                    "target": "last_in_array.array"
                },
                {
                    "source": ".positions",
                    "target": "pass.input"
                },
                {
                    "source": "construct_strands.strands",
                    "target": "resample_strands.strands"
                },
                {
                    "source": "pass.output",
                    "target": "array_size.array"
                },
                {
                    "source": "array_size.size",
                    "target": "resample_strands.constant_count"
                },
                {
                    "source": "resample_strands.resampled_strands",
                    "target": "get_point_position.geometry"
                },
                {
                    "source": "get_point_position.point_position",
                    "target": ".midrib_points"
                },
                {
                    "source": "resample_strands.resampled_strands",
                    "target": ".midrib"
                },
                {
                    "source": "build_array.array",
                    "target": "construct_strands.point_position"
                }
            ],
            "values": [
                {
                    "valueName": "resample_strands.spatial_resample",
                    "valueType": "bool",
                    "value": "false"
                },
                {
                    "valueName": "resample_strands.distance_per_strand",
                    "valueType": "array<float>",
                    "value": []
                },
                {
                    "valueName": "resample_strands.minimum_resample_distance",
                    "valueType": "float",
                    "value": "0.00100000005f"
                }
            ],
            "reservedNodeNames": [
                {
                    "name": "input"
                },
                {
                    "name": "output"
                }
            ]
        }
    ]
}
