{
    "header": {
        "metadata": [
            {
                "metaName": "adskFileFormatVersion",
                "metaValue": "100L"
            }
        ]
    },
    "namespaces": [],
    "types": [],
    "compounds": [
        {
            "name": "User::Compounds::midrib_proper_trough_li",
            "uriImported": "stream:/bifrostGraphShape1",
            "metadata": [
                {
                    "metaName": "backdrop1",
                    "metadata": [
                        {
                            "metaName": "type",
                            "metaType": "string",
                            "metaValue": "backdrop"
                        },
                        {
                            "metaName": "color",
                            "metaType": "string",
                            "metaValue": "#286487ce"
                        },
                        {
                            "metaName": "coords",
                            "metaType": "string",
                            "metaValue": "-458.553 139.813 875.39 581.515"
                        },
                        {
                            "metaName": "title",
                            "metaType": "string",
                            "metaValue": "Full 0 - 1 range: midrib mask"
                        }
                    ]
                },
                {
                    "metaName": "backdrop2",
                    "metadata": [
                        {
                            "metaName": "type",
                            "metaType": "string",
                            "metaValue": "backdrop"
                        },
                        {
                            "metaName": "coords",
                            "metaType": "string",
                            "metaValue": "-440.356 1201.15 875.39 581.515"
                        },
                        {
                            "metaName": "color",
                            "metaType": "string",
                            "metaValue": "#7a2b504f"
                        },
                        {
                            "metaName": "title",
                            "metaType": "string",
                            "metaValue": "Midrib Shape"
                        }
                    ]
                },
                {
                    "metaName": "sticky_note",
                    "metadata": [
                        {
                            "metaName": "type",
                            "metaType": "string",
                            "metaValue": "sticky_note"
                        },
                        {
                            "metaName": "coords",
                            "metaType": "string",
                            "metaValue": "152.278 1694.61 262.912 60"
                        },
                        {
                            "metaName": "color",
                            "metaType": "string",
                            "metaValue": "#ff7b99d5"
                        },
                        {
                            "metaName": "format",
                            "metaType": "string",
                            "metaValue": "md"
                        },
                        {
                            "metaName": "text",
                            "metaType": "string",
                            "metaValue": "possible greater  than 1"
                        },
                        {
                            "metaName": "fontSize",
                            "metaType": "string",
                            "metaValue": "10"
                        },
                        {
                            "metaName": "zValue",
                            "metaType": "string",
                            "metaValue": "43.000000"
                        }
                    ]
                },
                {
                    "metaName": "io_nodes",
                    "metadata": [
                        {
                            "metaName": "io_inodes",
                            "metadata": [
                                {
                                    "metaName": "input",
                                    "metadata": [
                                        {
                                            "metaName": "DisplayMode",
                                            "metaType": "string",
                                            "metaValue": "2"
                                        },
                                        {
                                            "metaName": "LayoutPos",
                                            "metaType": "string",
                                            "metaValue": "-2282.55 -40.629"
                                        },
                                        {
                                            "metaName": "zValue",
                                            "metaType": "string",
                                            "metaValue": "57.000000"
                                        },
                                        {
                                            "metaName": "io_ports",
                                            "metadata": [
                                                {
                                                    "metaName": "with_veins_in"
                                                },
                                                {
                                                    "metaName": "Flat_leaf_in"
                                                }
                                            ]
                                        }
                                    ]
                                }
                            ]
                        },
                        {
                            "metaName": "io_onodes",
                            "metadata": [
                                {
                                    "metaName": "output",
                                    "metadata": [
                                        {
                                            "metaName": "io_ports",
                                            "metadata": [
                                                {
                                                    "metaName": "out_mesh2"
                                                }
                                            ]
                                        },
                                        {
                                            "metaName": "DisplayMode",
                                            "metaType": "string",
                                            "metaValue": "2"
                                        },
                                        {
                                            "metaName": "zValue",
                                            "metaType": "string",
                                            "metaValue": "59.000000"
                                        },
                                        {
                                            "metaName": "LayoutPos",
                                            "metaType": "string",
                                            "metaValue": "2131.78 -555.086"
                                        }
                                    ]
                                }
                            ]
                        }
                    ]
                },
                {
                    "metaName": "ViewportRect",
                    "metaType": "string",
                    "metaValue": "-1650.69 -566.413 2796.96 1814.29"
                },
                {
                    "metaName": "DisplayMode",
                    "metaType": "string",
                    "metaValue": "2"
                },
                {
                    "metaName": "LayoutPos",
                    "metaType": "string",
                    "metaValue": "-935.958 348.949"
                },
                {
                    "metaName": "zValue",
                    "metaType": "string",
                    "metaValue": "157.000000"
                }
            ],
            "ports": [
                {
                    "portName": "with_veins_in",
                    "portDirection": "input",
                    "portType": "Object",
                    "portDefault": {}
                },
                {
                    "portName": "Flat_leaf_in",
                    "portDirection": "input",
                    "portType": "Object",
                    "portDefault": {}
                },
                {
                    "portName": "out_mesh2",
                    "portDirection": "output",
                    "portType": "Object"
                }
            ],
            "compoundNodes": [
                {
                    "nodeName": "Deformed_with_veins_in",
                    "nodeType": "Core::Graph::pass",
                    "metadata": [
                        {
                            "metaName": "DisplayMode",
                            "metaType": "string",
                            "metaValue": "2"
                        },
                        {
                            "metaName": "zValue",
                            "metaType": "string",
                            "metaValue": "61.000000"
                        },
                        {
                            "metaName": "LayoutPos",
                            "metaType": "string",
                            "metaValue": "-1974.74 -444.639"
                        }
                    ]
                },
                {
                    "nodeName": "Flat_leaf_in",
                    "nodeType": "Core::Graph::pass",
                    "metadata": [
                        {
                            "metaName": "DisplayMode",
                            "metaType": "string",
                            "metaValue": "2"
                        },
                        {
                            "metaName": "LayoutPos",
                            "metaType": "string",
                            "metaValue": "-1929.77 595.858"
                        },
                        {
                            "metaName": "zValue",
                            "metaType": "string",
                            "metaValue": "44.000000"
                        }
                    ]
                },
                {
                    "nodeName": "array_bounds",
                    "nodeType": "Core::Array::array_bounds",
                    "metadata": [
                        {
                            "metaName": "DisplayMode",
                            "metaType": "string",
                            "metaValue": "2"
                        },
                        {
                            "metaName": "LayoutPos",
                            "metaType": "string",
                            "metaValue": "-428.519 316.195"
                        },
                        {
                            "metaName": "zValue",
                            "metaType": "string",
                            "metaValue": "41.000000"
                        }
                    ]
                },
                {
                    "nodeName": "array_bounds1",
                    "nodeType": "Core::Array::array_bounds",
                    "metadata": [
                        {
                            "metaName": "DisplayMode",
                            "metaType": "string",
                            "metaValue": "2"
                        },
                        {
                            "metaName": "LayoutPos",
                            "metaType": "string",
                            "metaValue": "-390.872 1401.36"
                        },
                        {
                            "metaName": "zValue",
                            "metaType": "string",
                            "metaValue": "37.000000"
                        }
                    ]
                },
                {
                    "nodeName": "change_range",
                    "nodeType": "Core::Math::change_range",
                    "metadata": [
                        {
                            "metaName": "DisplayMode",
                            "metaType": "string",
                            "metaValue": "2"
                        },
                        {
                            "metaName": "LayoutPos",
                            "metaType": "string",
                            "metaValue": "-129.651 219.813"
                        },
                        {
                            "metaName": "zValue",
                            "metaType": "string",
                            "metaValue": "33.000000"
                        }
                    ]
                },
                {
                    "nodeName": "change_range1",
                    "nodeType": "Core::Math::change_range",
                    "metadata": [
                        {
                            "metaName": "DisplayMode",
                            "metaType": "string",
                            "metaValue": "2"
                        },
                        {
                            "metaName": "LayoutPos",
                            "metaType": "string",
                            "metaValue": "-111.454 1281.15"
                        },
                        {
                            "metaName": "zValue",
                            "metaType": "string",
                            "metaValue": "36.000000"
                        }
                    ]
                },
                {
                    "nodeName": "evaluate_fcurve",
                    "nodeType": "Core::FCurve::evaluate_fcurve",
                    "metadata": [
                        {
                            "metaName": "DisplayMode",
                            "metaType": "string",
                            "metaValue": "2"
                        },
                        {
                            "metaName": "LayoutPos",
                            "metaType": "string",
                            "metaValue": "145.648 266.758"
                        },
                        {
                            "metaName": "zValue",
                            "metaType": "string",
                            "metaValue": "34.000000"
                        }
                    ]
                },
                {
                    "nodeName": "evaluate_fcurve1",
                    "nodeType": "Core::FCurve::evaluate_fcurve",
                    "metadata": [
                        {
                            "metaName": "DisplayMode",
                            "metaType": "string",
                            "metaValue": "2"
                        },
                        {
                            "metaName": "LayoutPos",
                            "metaType": "string",
                            "metaValue": "169.058 1326.35"
                        },
                        {
                            "metaName": "zValue",
                            "metaType": "string",
                            "metaValue": "38.000000"
                        }
                    ]
                },
                {
                    "nodeName": "get_point_position1",
                    "nodeType": "Geometry::Properties::get_point_position",
                    "metadata": [
                        {
                            "metaName": "DisplayMode",
                            "metaType": "string",
                            "metaValue": "2"
                        },
                        {
                            "metaName": "zValue",
                            "metaType": "string",
                            "metaValue": "60.000000"
                        },
                        {
                            "metaName": "LayoutPos",
                            "metaType": "string",
                            "metaValue": "-1584.37 -257.027"
                        }
                    ]
                },
                {
                    "nodeName": "get_point_position2",
                    "nodeType": "Geometry::Properties::get_point_position",
                    "metadata": [
                        {
                            "metaName": "DisplayMode",
                            "metaType": "string",
                            "metaValue": "2"
                        },
                        {
                            "metaName": "LayoutPos",
                            "metaType": "string",
                            "metaValue": "-1683.7 854.035"
                        },
                        {
                            "metaName": "zValue",
                            "metaType": "string",
                            "metaValue": "45.000000"
                        }
                    ]
                },
                {
                    "nodeName": "leaf_width_midrib_gen",
                    "nodeType": "Core::Graph::pass",
                    "metadata": [
                        {
                            "metaName": "DisplayMode",
                            "metaType": "string",
                            "metaValue": "2"
                        },
                        {
                            "metaName": "LayoutPos",
                            "metaType": "string",
                            "metaValue": "-1085.06 602.681"
                        },
                        {
                            "metaName": "zValue",
                            "metaType": "string",
                            "metaValue": "52.000000"
                        }
                    ]
                },
                {
                    "nodeName": "lerp_first_is_the_deformed",
                    "nodeType": "Core::Math::lerp",
                    "metadata": [
                        {
                            "metaName": "DisplayMode",
                            "metaType": "string",
                            "metaValue": "2"
                        },
                        {
                            "metaName": "LayoutPos",
                            "metaType": "string",
                            "metaValue": "1197.9 194.684"
                        },
                        {
                            "metaName": "zValue",
                            "metaType": "string",
                            "metaValue": "51.000000"
                        }
                    ]
                },
                {
                    "nodeName": "midrib_width_as_bulge_data",
                    "nodeType": "Core::Graph::pass",
                    "metadata": [
                        {
                            "metaName": "DisplayMode",
                            "metaType": "string",
                            "metaValue": "2"
                        },
                        {
                            "metaName": "LayoutPos",
                            "metaType": "string",
                            "metaValue": "-789.268 1171.22"
                        },
                        {
                            "metaName": "zValue",
                            "metaType": "string",
                            "metaValue": "40.000000"
                        }
                    ]
                },
                {
                    "nodeName": "midrib_with_data_as_mask",
                    "nodeType": "Core::Graph::pass",
                    "metadata": [
                        {
                            "metaName": "DisplayMode",
                            "metaType": "string",
                            "metaValue": "2"
                        },
                        {
                            "metaName": "LayoutPos",
                            "metaType": "string",
                            "metaValue": "-741.296 248.658"
                        },
                        {
                            "metaName": "zValue",
                            "metaType": "string",
                            "metaValue": "39.000000"
                        }
                    ]
                },
                {
                    "nodeName": "scalar_to_vector3_1",
                    "nodeType": "Core::Conversion::scalar_to_vector3",
                    "metadata": [
                        {
                            "metaName": "DisplayMode",
                            "metaType": "string",
                            "metaValue": "2"
                        },
                        {
                            "metaName": "LayoutPos",
                            "metaType": "string",
                            "metaValue": "869.091 761.999"
                        },
                        {
                            "metaName": "zValue",
                            "metaType": "string",
                            "metaValue": "46.000000"
                        }
                    ]
                },
                {
                    "nodeName": "set_point_position",
                    "nodeType": "Geometry::Properties::set_point_position",
                    "metadata": [
                        {
                            "metaName": "DisplayMode",
                            "metaType": "string",
                            "metaValue": "2"
                        },
                        {
                            "metaName": "LayoutPos",
                            "metaType": "string",
                            "metaValue": "1482.78 -507.852"
                        },
                        {
                            "metaName": "zValue",
                            "metaType": "string",
                            "metaValue": "48.000000"
                        }
                    ]
                },
                {
                    "nodeName": "subtract",
                    "nodeType": "Core::Math::subtract",
                    "multiInPortNames": [
                        "y",
                        "output1"
                    ],
                    "metadata": [
                        {
                            "metaName": "DisplayMode",
                            "metaType": "string",
                            "metaValue": "2"
                        },
                        {
                            "metaName": "LayoutPos",
                            "metaType": "string",
                            "metaValue": "516.755 936.586"
                        },
                        {
                            "metaName": "zValue",
                            "metaType": "string",
                            "metaValue": "47.000000"
                        }
                    ]
                },
                {
                    "nodeName": "update_mesh_normals",
                    "nodeType": "Geometry::Mesh::update_mesh_normals",
                    "metadata": [
                        {
                            "metaName": "DisplayMode",
                            "metaType": "string",
                            "metaValue": "2"
                        },
                        {
                            "metaName": "LayoutPos",
                            "metaType": "string",
                            "metaValue": "1762.28 -555.113"
                        },
                        {
                            "metaName": "zValue",
                            "metaType": "string",
                            "metaValue": "49.000000"
                        }
                    ]
                },
                {
                    "nodeName": "value1",
                    "valueType": "Math::FCurve",
                    "metadata": [
                        {
                            "metaName": "DisplayMode",
                            "metaType": "string",
                            "metaValue": "2"
                        },
                        {
                            "metaName": "LayoutPos",
                            "metaType": "string",
                            "metaValue": "-122.956 531.047"
                        },
                        {
                            "metaName": "zValue",
                            "metaType": "string",
                            "metaValue": "35.000000"
                        }
                    ]
                },
                {
                    "nodeName": "value2",
                    "valueType": "Math::FCurve",
                    "metadata": [
                        {
                            "metaName": "DisplayMode",
                            "metaType": "string",
                            "metaValue": "2"
                        },
                        {
                            "metaName": "LayoutPos",
                            "metaType": "string",
                            "metaValue": "-104.759 1592.38"
                        },
                        {
                            "metaName": "zValue",
                            "metaType": "string",
                            "metaValue": "42.000000"
                        }
                    ]
                },
                {
                    "nodeName": "vector3_to_scalar2",
                    "nodeType": "Core::Conversion::vector3_to_scalar",
                    "metadata": [
                        {
                            "metaName": "DisplayMode",
                            "metaType": "string",
                            "metaValue": "2"
                        },
                        {
                            "metaName": "NodeWidthOffset",
                            "metaType": "string",
                            "metaValue": "-7.52334"
                        },
                        {
                            "metaName": "LayoutPos",
                            "metaType": "string",
                            "metaValue": "-1378.24 784.115"
                        },
                        {
                            "metaName": "zValue",
                            "metaType": "string",
                            "metaValue": "53.000000"
                        }
                    ]
                },
                {
                    "nodeName": "vein_shaped_mesh_pointscords",
                    "nodeType": "Core::Graph::pass",
                    "metadata": [
                        {
                            "metaName": "DisplayMode",
                            "metaType": "string",
                            "metaValue": "2"
                        },
                        {
                            "metaName": "LayoutPos",
                            "metaType": "string",
                            "metaValue": "736.972 -288.172"
                        },
                        {
                            "metaName": "zValue",
                            "metaType": "string",
                            "metaValue": "55.000000"
                        }
                    ]
                }
            ],
            "connections": [
                {
                    "source": ".with_veins_in",
                    "target": "Deformed_with_veins_in.input"
                },
                {
                    "source": "Deformed_with_veins_in.output",
                    "target": "get_point_position1.geometry"
                },
                {
                    "source": "Deformed_with_veins_in.output",
                    "target": "set_point_position.geometry"
                },
                {
                    "source": ".Flat_leaf_in",
                    "target": "Flat_leaf_in.input"
                },
                {
                    "source": "Flat_leaf_in.output",
                    "target": "get_point_position2.geometry"
                },
                {
                    "source": "midrib_with_data_as_mask.output",
                    "target": "array_bounds.array"
                },
                {
                    "source": "array_bounds.min_bound",
                    "target": "change_range.from_start"
                },
                {
                    "source": "array_bounds.max_bound",
                    "target": "change_range.from_end"
                },
                {
                    "source": "midrib_width_as_bulge_data.output",
                    "target": "array_bounds1.array"
                },
                {
                    "source": "array_bounds1.min_bound",
                    "target": "change_range1.from_start"
                },
                {
                    "source": "array_bounds1.max_bound",
                    "target": "change_range1.from_end"
                },
                {
                    "source": "midrib_with_data_as_mask.output",
                    "target": "change_range.value"
                },
                {
                    "source": "change_range.result",
                    "target": "evaluate_fcurve.x"
                },
                {
                    "source": "midrib_width_as_bulge_data.output",
                    "target": "change_range1.value"
                },
                {
                    "source": "change_range1.result",
                    "target": "evaluate_fcurve1.x"
                },
                {
                    "source": "value1.output",
                    "target": "evaluate_fcurve.fcurve"
                },
                {
                    "source": "evaluate_fcurve.y",
                    "target": "lerp_first_is_the_deformed.fraction"
                },
                {
                    "source": "value2.output",
                    "target": "evaluate_fcurve1.fcurve"
                },
                {
                    "source": "evaluate_fcurve1.y",
                    "target": "subtract.first.output1"
                },
                {
                    "source": "get_point_position1.point_position",
                    "target": "vein_shaped_mesh_pointscords.input"
                },
                {
                    "source": "get_point_position2.point_position",
                    "target": "vector3_to_scalar2.vector3"
                },
                {
                    "source": "vector3_to_scalar2.x",
                    "target": "leaf_width_midrib_gen.input"
                },
                {
                    "source": "leaf_width_midrib_gen.output",
                    "target": "midrib_with_data_as_mask.input"
                },
                {
                    "source": "leaf_width_midrib_gen.output",
                    "target": "midrib_width_as_bulge_data.input"
                },
                {
                    "source": "vein_shaped_mesh_pointscords.output",
                    "target": "lerp_first_is_the_deformed.first"
                },
                {
                    "source": "scalar_to_vector3_1.vector3",
                    "target": "lerp_first_is_the_deformed.second"
                },
                {
                    "source": "lerp_first_is_the_deformed.interpolated",
                    "target": "set_point_position.positions"
                },
                {
                    "source": "vector3_to_scalar2.x",
                    "target": "scalar_to_vector3_1.x"
                },
                {
                    "source": "vector3_to_scalar2.y",
                    "target": "scalar_to_vector3_1.y"
                },
                {
                    "source": "subtract.output",
                    "target": "scalar_to_vector3_1.z"
                },
                {
                    "source": "set_point_position.out_geometry",
                    "target": "update_mesh_normals.mesh"
                },
                {
                    "source": "vector3_to_scalar2.z",
                    "target": "subtract.first.y"
                },
                {
                    "source": "update_mesh_normals.out_mesh",
                    "target": ".out_mesh2"
                }
            ],
            "values": [
                {
                    "valueName": "change_range.to_start",
                    "valueType": "float",
                    "value": "0f"
                },
                {
                    "valueName": "change_range.to_end",
                    "valueType": "float",
                    "value": "1f"
                },
                {
                    "valueName": "change_range.clamp",
                    "valueType": "bool",
                    "value": "true"
                },
                {
                    "valueName": "change_range1.to_start",
                    "valueType": "float",
                    "value": "0f"
                },
                {
                    "valueName": "change_range1.to_end",
                    "valueType": "float",
                    "value": "1f"
                },
                {
                    "valueName": "change_range1.clamp",
                    "valueType": "bool",
                    "value": "true"
                },
                {
                    "valueName": "evaluate_fcurve.fcurve",
                    "valueType": "Math::FCurve",
                    "value": {
                        "version": "1",
                        "preExtrapolation": "0",
                        "postExtrapolation": "0",
                        "points": [
                            {
                                "point": {
                                    "locked": "1",
                                    "interpolation": "1",
                                    "pcn": {
                                        "xp": "-0.40000000000000002",
                                        "yp": "0",
                                        "x": "0",
                                        "y": "0",
                                        "xn": "0.40000000000000002",
                                        "yn": "0"
                                    }
                                }
                            },
                            {
                                "point": {
                                    "locked": "1",
                                    "interpolation": "1",
                                    "pcn": {
                                        "xp": "0.406721",
                                        "yp": "1.7749269999999999",
                                        "x": "0.48614600000000002",
                                        "y": "1.9046909999999999",
                                        "xn": "0.56539200000000001",
                                        "yn": "2.0345650000000002"
                                    }
                                }
                            },
                            {
                                "point": {
                                    "locked": "1",
                                    "interpolation": "1",
                                    "pcn": {
                                        "xp": "0.57878200000000002",
                                        "yp": "0.0088280000000000008",
                                        "x": "0.97878200000000004",
                                        "y": "0.0088280000000000008",
                                        "xn": "1.378782",
                                        "yn": "0.0088280000000000008"
                                    }
                                }
                            }
                        ]
                    }
                },
                {
                    "valueName": "evaluate_fcurve1.fcurve",
                    "valueType": "Math::FCurve",
                    "value": {
                        "version": "1",
                        "preExtrapolation": "0",
                        "postExtrapolation": "0",
                        "points": [
                            {
                                "point": {
                                    "locked": "1",
                                    "interpolation": "1",
                                    "pcn": {
                                        "xp": "-0.40000000000000002",
                                        "yp": "0",
                                        "x": "0",
                                        "y": "0",
                                        "xn": "0.40000000000000002",
                                        "yn": "0"
                                    }
                                }
                            },
                            {
                                "point": {
                                    "locked": "1",
                                    "interpolation": "1",
                                    "pcn": {
                                        "xp": "0.406721",
                                        "yp": "1.7749269999999999",
                                        "x": "0.48614600000000002",
                                        "y": "1.9046909999999999",
                                        "xn": "0.56539200000000001",
                                        "yn": "2.0345650000000002"
                                    }
                                }
                            },
                            {
                                "point": {
                                    "locked": "1",
                                    "interpolation": "1",
                                    "pcn": {
                                        "xp": "0.57878200000000002",
                                        "yp": "0.0088280000000000008",
                                        "x": "0.97878200000000004",
                                        "y": "0.0088280000000000008",
                                        "xn": "1.378782",
                                        "yn": "0.0088280000000000008"
                                    }
                                }
                            }
                        ]
                    }
                },
                {
                    "valueName": "update_mesh_normals.remove_face_vertex_normal",
                    "valueType": "bool",
                    "value": "true"
                },
                {
                    "valueName": "value1.value",
                    "valueType": "Math::FCurve",
                    "value": {
                        "version": "1",
                        "preExtrapolation": "0",
                        "postExtrapolation": "0",
                        "points": [
                            {
                                "point": {
                                    "locked": "1",
                                    "interpolation": "1",
                                    "pcn": {
                                        "xp": "-0.40000000000000002",
                                        "yp": "0",
                                        "x": "0",
                                        "y": "0",
                                        "xn": "0.40000000000000002",
                                        "yn": "0"
                                    }
                                }
                            },
                            {
                                "point": {
                                    "locked": "1",
                                    "interpolation": "1",
                                    "pcn": {
                                        "xp": "0.35653800000000002",
                                        "yp": "-0.155336",
                                        "x": "0.41137499999999999",
                                        "y": "0.059511000000000001",
                                        "xn": "0.46621200000000002",
                                        "yn": "0.27435999999999999"
                                    }
                                }
                            },
                            {
                                "point": {
                                    "locked": "1",
                                    "interpolation": "1",
                                    "pcn": {
                                        "xp": "0.411306",
                                        "yp": "0.87040300000000004",
                                        "x": "0.49073099999999997",
                                        "y": "1.000167",
                                        "xn": "0.56997699999999996",
                                        "yn": "1.1300410000000001"
                                    }
                                }
                            },
                            {
                                "point": {
                                    "locked": "1",
                                    "interpolation": "1",
                                    "pcn": {
                                        "xp": "0.499357",
                                        "yp": "1.0160070000000001",
                                        "x": "0.50042699999999996",
                                        "y": "1.00183",
                                        "xn": "0.50149699999999997",
                                        "yn": "0.987653"
                                    }
                                }
                            },
                            {
                                "point": {
                                    "locked": "1",
                                    "interpolation": "1",
                                    "pcn": {
                                        "xp": "0.50029100000000004",
                                        "yp": "0.28088800000000003",
                                        "x": "0.55793499999999996",
                                        "y": "0.059050999999999999",
                                        "xn": "0.61557899999999999",
                                        "yn": "-0.16278500000000001"
                                    }
                                }
                            },
                            {
                                "point": {
                                    "locked": "1",
                                    "interpolation": "1",
                                    "pcn": {
                                        "xp": "0.57878200000000002",
                                        "yp": "0.0088280000000000008",
                                        "x": "0.97878200000000004",
                                        "y": "0.0088280000000000008",
                                        "xn": "1.378782",
                                        "yn": "0.0088280000000000008"
                                    }
                                }
                            }
                        ]
                    }
                },
                {
                    "valueName": "value2.value",
                    "valueType": "Math::FCurve",
                    "value": {
                        "version": "1",
                        "preExtrapolation": "0",
                        "postExtrapolation": "0",
                        "points": [
                            {
                                "point": {
                                    "locked": "1",
                                    "interpolation": "1",
                                    "pcn": {
                                        "xp": "-0.40000000000000002",
                                        "yp": "0",
                                        "x": "0",
                                        "y": "0",
                                        "xn": "0.40000000000000002",
                                        "yn": "0"
                                    }
                                }
                            },
                            {
                                "point": {
                                    "locked": "1",
                                    "interpolation": "1",
                                    "pcn": {
                                        "xp": "0.35653800000000002",
                                        "yp": "-0.155336",
                                        "x": "0.41137499999999999",
                                        "y": "0.059511000000000001",
                                        "xn": "0.46621200000000002",
                                        "yn": "0.27435999999999999"
                                    }
                                }
                            },
                            {
                                "point": {
                                    "locked": "1",
                                    "interpolation": "1",
                                    "pcn": {
                                        "xp": "0.411306",
                                        "yp": "1.870236",
                                        "x": "0.49073099999999997",
                                        "y": "2",
                                        "xn": "0.56997699999999996",
                                        "yn": "2.129874"
                                    }
                                }
                            },
                            {
                                "point": {
                                    "locked": "1",
                                    "interpolation": "1",
                                    "pcn": {
                                        "xp": "0.499357",
                                        "yp": "2.0141770000000001",
                                        "x": "0.50042699999999996",
                                        "y": "2",
                                        "xn": "0.50149699999999997",
                                        "yn": "1.9858229999999999"
                                    }
                                }
                            },
                            {
                                "point": {
                                    "locked": "1",
                                    "interpolation": "1",
                                    "pcn": {
                                        "xp": "0.50029100000000004",
                                        "yp": "0.28088800000000003",
                                        "x": "0.55793499999999996",
                                        "y": "0.059050999999999999",
                                        "xn": "0.61557899999999999",
                                        "yn": "-0.16278500000000001"
                                    }
                                }
                            },
                            {
                                "point": {
                                    "locked": "1",
                                    "interpolation": "1",
                                    "pcn": {
                                        "xp": "0.57878200000000002",
                                        "yp": "0.0088280000000000008",
                                        "x": "0.97878200000000004",
                                        "y": "0.0088280000000000008",
                                        "xn": "1.378782",
                                        "yn": "0.0088280000000000008"
                                    }
                                }
                            }
                        ]
                    }
                }
            ],
            "reservedNodeNames": [
                {
                    "name": "input"
                },
                {
                    "name": "output"
                }
            ]
        }
    ]
}
