{
    "header": {
        "metadata": [
            {
                "metaName": "adskFileFormatVersion",
                "metaValue": "100L"
            }
        ]
    },
    "namespaces": [],
    "types": [],
    "compounds": [
        {
            "name": "User::Compounds::move_to_origo_li",
            "uriImported": "stream:/bifrostGraphShape1",
            "metadata": [
                {
                    "metaName": "io_nodes",
                    "metadata": [
                        {
                            "metaName": "io_inodes",
                            "metadata": [
                                {
                                    "metaName": "input",
                                    "metadata": [
                                        {
                                            "metaName": "DisplayMode",
                                            "metaType": "string",
                                            "metaValue": "2"
                                        },
                                        {
                                            "metaName": "io_ports",
                                            "metadata": [
                                                {
                                                    "metaName": "plane_mesh"
                                                }
                                            ]
                                        },
                                        {
                                            "metaName": "LayoutPos",
                                            "metaType": "string",
                                            "metaValue": "10 265"
                                        },
                                        {
                                            "metaName": "zValue",
                                            "metaType": "string",
                                            "metaValue": "32.000000"
                                        }
                                    ]
                                }
                            ]
                        },
                        {
                            "metaName": "io_onodes",
                            "metadata": [
                                {
                                    "metaName": "output",
                                    "metadata": [
                                        {
                                            "metaName": "DisplayMode",
                                            "metaType": "string",
                                            "metaValue": "2"
                                        },
                                        {
                                            "metaName": "LayoutPos",
                                            "metaType": "string",
                                            "metaValue": "1826.72 59.3921"
                                        },
                                        {
                                            "metaName": "io_ports",
                                            "metadata": [
                                                {
                                                    "metaName": "mesh_in_origo"
                                                },
                                                {
                                                    "metaName": "pivot_position"
                                                }
                                            ]
                                        },
                                        {
                                            "metaName": "zValue",
                                            "metaType": "string",
                                            "metaValue": "36.000000"
                                        }
                                    ]
                                }
                            ]
                        }
                    ]
                },
                {
                    "metaName": "_recentNode_",
                    "metaType": "string",
                    "metaValue": "BifrostGraph,Core::Graph,pass"
                },
                {
                    "metaName": "_recentNode_",
                    "metaType": "string",
                    "metaValue": "BifrostGraph,Core::Graph,compound"
                },
                {
                    "metaName": "_recentNode_",
                    "metaType": "string",
                    "metaValue": "BifrostGraph,Core::Math,add"
                },
                {
                    "metaName": "_recentNode_",
                    "metaType": "string",
                    "metaValue": "BifrostGraph,Core::Conversion,vector3_to_scalar"
                },
                {
                    "metaName": "_recentNode_",
                    "metaType": "string",
                    "metaValue": "BifrostGraph,Geometry::Points,construct_points"
                },
                {
                    "metaName": "ViewportRect",
                    "metaType": "string",
                    "metaValue": "68.4634 -780 2634.07 1761"
                },
                {
                    "metaName": "DisplayMode",
                    "metaType": "string",
                    "metaValue": "2"
                },
                {
                    "metaName": "LayoutPos",
                    "metaType": "string",
                    "metaValue": "-2259 -430"
                },
                {
                    "metaName": "zValue",
                    "metaType": "string",
                    "metaValue": "69.000000"
                }
            ],
            "terminalStates": [
                {
                    "name": "Core::Graph::terminal::diagnostic",
                    "enabled": "false"
                }
            ],
            "ports": [
                {
                    "portName": "plane_mesh",
                    "portDirection": "input"
                },
                {
                    "portName": "mesh_in_origo",
                    "portDirection": "output"
                },
                {
                    "portName": "pivot_position",
                    "portDirection": "output"
                }
            ],
            "compounds": [
                {
                    "name": "array_average_from_MJ",
                    "uriImported": "stream:/bifrostGraphShape1",
                    "metadata": [
                        {
                            "metaName": "io_nodes",
                            "metadata": [
                                {
                                    "metaName": "io_inodes",
                                    "metadata": [
                                        {
                                            "metaName": "input",
                                            "metadata": [
                                                {
                                                    "metaName": "DisplayMode",
                                                    "metaType": "string",
                                                    "metaValue": "2"
                                                },
                                                {
                                                    "metaName": "NodeWidthOffset",
                                                    "metaType": "string",
                                                    "metaValue": "-8.54298"
                                                },
                                                {
                                                    "metaName": "io_ports",
                                                    "metadata": [
                                                        {
                                                            "metaName": "array"
                                                        }
                                                    ]
                                                },
                                                {
                                                    "metaName": "zValue",
                                                    "metaType": "string",
                                                    "metaValue": "35.000000"
                                                },
                                                {
                                                    "metaName": "LayoutPos",
                                                    "metaType": "string",
                                                    "metaValue": "10 156"
                                                }
                                            ]
                                        }
                                    ]
                                },
                                {
                                    "metaName": "io_onodes",
                                    "metadata": [
                                        {
                                            "metaName": "output",
                                            "metadata": [
                                                {
                                                    "metaName": "DisplayMode",
                                                    "metaType": "string",
                                                    "metaValue": "2"
                                                },
                                                {
                                                    "metaName": "io_ports",
                                                    "metadata": [
                                                        {
                                                            "metaName": "average"
                                                        }
                                                    ]
                                                },
                                                {
                                                    "metaName": "zValue",
                                                    "metaType": "string",
                                                    "metaValue": "36.000000"
                                                },
                                                {
                                                    "metaName": "LayoutPos",
                                                    "metaType": "string",
                                                    "metaValue": "1230 71"
                                                }
                                            ]
                                        }
                                    ]
                                }
                            ]
                        },
                        {
                            "metaName": "ViewportRect",
                            "metaType": "string",
                            "metaValue": "-69.9602 -368.345 1605.83 1127.5"
                        }
                    ],
                    "ports": [
                        {
                            "portName": "array",
                            "portDirection": "input"
                        },
                        {
                            "portName": "average",
                            "portDirection": "output"
                        }
                    ],
                    "compoundNodes": [
                        {
                            "nodeName": "array_size",
                            "nodeType": "Core::Array::array_size",
                            "metadata": [
                                {
                                    "metaName": "DisplayMode",
                                    "metaType": "string",
                                    "metaValue": "2"
                                },
                                {
                                    "metaName": "zValue",
                                    "metaType": "string",
                                    "metaValue": "31.000000"
                                },
                                {
                                    "metaName": "LayoutPos",
                                    "metaType": "string",
                                    "metaValue": "315 166"
                                }
                            ]
                        },
                        {
                            "nodeName": "convert_to_float",
                            "nodeType": "Core::Type_Conversion::to_float",
                            "metadata": [
                                {
                                    "metaName": "DisplayMode",
                                    "metaType": "string",
                                    "metaValue": "2"
                                },
                                {
                                    "metaName": "zValue",
                                    "metaType": "string",
                                    "metaValue": "32.000000"
                                },
                                {
                                    "metaName": "LayoutPos",
                                    "metaType": "string",
                                    "metaValue": "620 204"
                                }
                            ]
                        },
                        {
                            "nodeName": "sum_array",
                            "nodeType": "Core::Array::sum_array",
                            "metadata": [
                                {
                                    "metaName": "DisplayMode",
                                    "metaType": "string",
                                    "metaValue": "2"
                                },
                                {
                                    "metaName": "zValue",
                                    "metaType": "string",
                                    "metaValue": "33.000000"
                                },
                                {
                                    "metaName": "LayoutPos",
                                    "metaType": "string",
                                    "metaValue": "620 10"
                                }
                            ]
                        },
                        {
                            "nodeName": "divide",
                            "nodeType": "Core::Math::divide",
                            "multiInPortNames": [
                                "vecSum",
                                "converted"
                            ],
                            "metadata": [
                                {
                                    "metaName": "DisplayMode",
                                    "metaType": "string",
                                    "metaValue": "2"
                                },
                                {
                                    "metaName": "zValue",
                                    "metaType": "string",
                                    "metaValue": "34.000000"
                                },
                                {
                                    "metaName": "LayoutPos",
                                    "metaType": "string",
                                    "metaValue": "925 70"
                                }
                            ]
                        }
                    ],
                    "connections": [
                        {
                            "source": "array_size.size",
                            "target": "convert_to_float.from"
                        },
                        {
                            "source": "convert_to_float.float",
                            "target": "divide.first.converted"
                        },
                        {
                            "source": "sum_array.sum",
                            "target": "divide.first.vecSum"
                        },
                        {
                            "source": ".array",
                            "target": "sum_array.array"
                        },
                        {
                            "source": ".array",
                            "target": "array_size.array"
                        },
                        {
                            "source": "divide.output",
                            "target": ".average"
                        }
                    ],
                    "values": [],
                    "reservedNodeNames": [
                        {
                            "name": "input"
                        },
                        {
                            "name": "output"
                        }
                    ]
                }
            ],
            "compoundNodes": [
                {
                    "nodeName": "get_point_position",
                    "nodeType": "Geometry::Properties::get_point_position",
                    "metadata": [
                        {
                            "metaName": "DisplayMode",
                            "metaType": "string",
                            "metaValue": "2"
                        },
                        {
                            "metaName": "LayoutPos",
                            "metaType": "string",
                            "metaValue": "315 144"
                        },
                        {
                            "metaName": "zValue",
                            "metaType": "string",
                            "metaValue": "31.000000"
                        }
                    ]
                },
                {
                    "nodeName": "set_point_position",
                    "nodeType": "Geometry::Properties::set_point_position",
                    "metadata": [
                        {
                            "metaName": "DisplayMode",
                            "metaType": "string",
                            "metaValue": "2"
                        },
                        {
                            "metaName": "LayoutPos",
                            "metaType": "string",
                            "metaValue": "1530.58 -160.154"
                        },
                        {
                            "metaName": "zValue",
                            "metaType": "string",
                            "metaValue": "37.000000"
                        }
                    ]
                },
                {
                    "nodeName": "subtract",
                    "nodeType": "Core::Math::subtract",
                    "multiInPortNames": [
                        "point_position",
                        "average"
                    ],
                    "metadata": [
                        {
                            "metaName": "DisplayMode",
                            "metaType": "string",
                            "metaValue": "2"
                        },
                        {
                            "metaName": "LayoutPos",
                            "metaType": "string",
                            "metaValue": "1216.72 -30.6077"
                        },
                        {
                            "metaName": "zValue",
                            "metaType": "string",
                            "metaValue": "35.000000"
                        }
                    ]
                },
                {
                    "nodeName": "construct_points",
                    "nodeType": "Geometry::Points::construct_points",
                    "fanInPortNames": {
                        "point_position": [
                            "average"
                        ]
                    },
                    "metadata": [
                        {
                            "metaName": "DisplayMode",
                            "metaType": "string",
                            "metaValue": "2"
                        },
                        {
                            "metaName": "PortExpandedState",
                            "metadata": [
                                {
                                    "metaName": "point_position",
                                    "metaType": "string",
                                    "metaValue": "1"
                                }
                            ]
                        },
                        {
                            "metaName": "LayoutPos",
                            "metaType": "string",
                            "metaValue": "1450.03 299.407"
                        },
                        {
                            "metaName": "zValue",
                            "metaType": "string",
                            "metaValue": "39.000000"
                        }
                    ]
                },
                {
                    "nodeName": "point_scope",
                    "nodeType": "Diagnostic::Display::point_scope",
                    "terminalStates": [
                        {
                            "name": "Core::Graph::terminal::diagnostic",
                            "enabled": "true"
                        },
                        {
                            "name": "Core::Graph::terminal::final",
                            "enabled": "false"
                        },
                        {
                            "name": "Core::Graph::terminal::proxy",
                            "enabled": "false"
                        }
                    ],
                    "metadata": [
                        {
                            "metaName": "DisplayMode",
                            "metaType": "string",
                            "metaValue": "2"
                        },
                        {
                            "metaName": "PortExpandedState",
                            "metadata": [
                                {
                                    "metaName": "Color",
                                    "metaType": "string",
                                    "metaValue": "1"
                                }
                            ]
                        },
                        {
                            "metaName": "LayoutPos",
                            "metaType": "string",
                            "metaValue": "1819.34 299.054"
                        },
                        {
                            "metaName": "zValue",
                            "metaType": "string",
                            "metaValue": "38.000000"
                        }
                    ]
                },
                {
                    "nodeName": "array_average_from_MJ",
                    "nodeType": "array_average_from_MJ",
                    "metadata": [
                        {
                            "metaName": "DisplayMode",
                            "metaType": "string",
                            "metaValue": "2"
                        },
                        {
                            "metaName": "LayoutPos",
                            "metaType": "string",
                            "metaValue": "621.476 176.775"
                        },
                        {
                            "metaName": "zValue",
                            "metaType": "string",
                            "metaValue": "34.000000"
                        }
                    ]
                },
                {
                    "nodeName": "pass",
                    "nodeType": "Core::Graph::pass",
                    "metadata": [
                        {
                            "metaName": "DisplayMode",
                            "metaType": "string",
                            "metaValue": "2"
                        },
                        {
                            "metaName": "LayoutPos",
                            "metaType": "string",
                            "metaValue": "925 170"
                        },
                        {
                            "metaName": "zValue",
                            "metaType": "string",
                            "metaValue": "33.000000"
                        }
                    ]
                }
            ],
            "connections": [
                {
                    "source": "set_point_position.out_geometry",
                    "target": ".mesh_in_origo"
                },
                {
                    "source": ".plane_mesh",
                    "target": "get_point_position.geometry"
                },
                {
                    "source": ".plane_mesh",
                    "target": "set_point_position.geometry"
                },
                {
                    "source": "get_point_position.point_position",
                    "target": "subtract.first.point_position"
                },
                {
                    "source": "construct_points.points",
                    "target": "point_scope.point_geo"
                },
                {
                    "source": "subtract.output",
                    "target": "set_point_position.positions"
                },
                {
                    "source": "get_point_position.point_position",
                    "target": "array_average_from_MJ.array"
                },
                {
                    "source": "pass.output",
                    "target": "subtract.first.average"
                },
                {
                    "source": "pass.output",
                    "target": ".pivot_position"
                },
                {
                    "source": "pass.output",
                    "target": "construct_points.point_position.average"
                },
                {
                    "source": "array_average_from_MJ.average",
                    "target": "pass.input"
                }
            ],
            "values": [
                {
                    "valueName": "point_scope.shape",
                    "valueType": "Geometry::PointShapes",
                    "value": "Disk"
                },
                {
                    "valueName": "point_scope.default_size",
                    "valueType": "float",
                    "value": "1.00199997f"
                },
                {
                    "valueName": "point_scope.color",
                    "valueType": "Math::float3",
                    "value": {
                        "x": "1f",
                        "y": "0f",
                        "z": "0f"
                    }
                },
                {
                    "valueName": "point_scope.coloring_mode",
                    "valueType": "Diagnostic::ColoringMode",
                    "value": "Color"
                },
                {
                    "valueName": "point_scope.coloring_property",
                    "valueType": "string",
                    "value": "point_normal"
                },
                {
                    "valueName": "point_scope.heatmap_R",
                    "valueType": "Math::FCurve",
                    "value": {
                        "version": "1",
                        "preExtrapolation": "0",
                        "postExtrapolation": "0",
                        "points": [
                            {
                                "point": {
                                    "locked": "1",
                                    "interpolation": "2",
                                    "pcn": {
                                        "xp": "-0.40000000000000002",
                                        "yp": "0.10000000000000001",
                                        "x": "0",
                                        "y": "0.10000000000000001",
                                        "xn": "0.40000000000000002",
                                        "yn": "0.10000000000000001"
                                    }
                                }
                            },
                            {
                                "point": {
                                    "locked": "1",
                                    "interpolation": "2",
                                    "pcn": {
                                        "xp": "9.5999999999999996",
                                        "yp": "1",
                                        "x": "10",
                                        "y": "1",
                                        "xn": "10.4",
                                        "yn": "1"
                                    }
                                }
                            }
                        ]
                    }
                },
                {
                    "valueName": "point_scope.heatmap_G",
                    "valueType": "Math::FCurve",
                    "value": {
                        "version": "1",
                        "preExtrapolation": "0",
                        "postExtrapolation": "0",
                        "points": [
                            {
                                "point": {
                                    "locked": "1",
                                    "interpolation": "2",
                                    "pcn": {
                                        "xp": "-1.3999999999999999",
                                        "yp": "0",
                                        "x": "-1",
                                        "y": "0",
                                        "xn": "-0.59999999999999998",
                                        "yn": "0"
                                    }
                                }
                            },
                            {
                                "point": {
                                    "locked": "1",
                                    "interpolation": "2",
                                    "pcn": {
                                        "xp": "4.7000000000000002",
                                        "yp": "1",
                                        "x": "5",
                                        "y": "1",
                                        "xn": "5.2999999999999998",
                                        "yn": "1"
                                    }
                                }
                            },
                            {
                                "point": {
                                    "locked": "1",
                                    "interpolation": "2",
                                    "pcn": {
                                        "xp": "9.5999999999999996",
                                        "yp": "0",
                                        "x": "10",
                                        "y": "0",
                                        "xn": "10.4",
                                        "yn": "0"
                                    }
                                }
                            }
                        ]
                    }
                },
                {
                    "valueName": "point_scope.heatmap_B",
                    "valueType": "Math::FCurve",
                    "value": {
                        "version": "1",
                        "preExtrapolation": "0",
                        "postExtrapolation": "0",
                        "points": [
                            {
                                "point": {
                                    "locked": "1",
                                    "interpolation": "2",
                                    "pcn": {
                                        "xp": "-0.40000000000000002",
                                        "yp": "1",
                                        "x": "0",
                                        "y": "1",
                                        "xn": "0.40000000000000002",
                                        "yn": "1"
                                    }
                                }
                            },
                            {
                                "point": {
                                    "locked": "1",
                                    "interpolation": "2",
                                    "pcn": {
                                        "xp": "9.5999999999999996",
                                        "yp": "0.10000000000000001",
                                        "x": "10",
                                        "y": "0.10000000000000001",
                                        "xn": "10.4",
                                        "yn": "0.10000000000000001"
                                    }
                                }
                            }
                        ]
                    }
                },
                {
                    "valueName": "point_scope.enable_arrows",
                    "valueType": "bool",
                    "value": "false"
                },
                {
                    "valueName": "point_scope.arrow_property",
                    "valueType": "string",
                    "value": "point_velocity"
                },
                {
                    "valueName": "point_scope.normalize_arrow",
                    "valueType": "bool",
                    "value": "false"
                },
                {
                    "valueName": "point_scope.length_scale",
                    "valueType": "float",
                    "value": "1f"
                },
                {
                    "valueName": "point_scope.cull_by_scalar_property",
                    "valueType": "bool",
                    "value": "false"
                },
                {
                    "valueName": "point_scope.cull_property",
                    "valueType": "string",
                    "value": "point_age"
                },
                {
                    "valueName": "point_scope.keep_max_value",
                    "valueType": "float",
                    "value": "3f"
                },
                {
                    "valueName": "point_scope.invert_range",
                    "valueType": "bool",
                    "value": "false"
                }
            ],
            "reservedNodeNames": [
                {
                    "name": "input"
                },
                {
                    "name": "output"
                }
            ]
        }
    ]
}
