{
    "header": {
        "metadata": [
            {
                "metaName": "adskFileFormatVersion",
                "metaValue": "100L"
            }
        ]
    },
    "namespaces": [],
    "types": [],
    "compounds": [
        {
            "name": "User::Compounds::multiply_blend_li",
            "uriImported": "stream:/bifrostGraphShape1",
            "metadata": [
                {
                    "metaName": "io_nodes",
                    "metadata": [
                        {
                            "metaName": "io_inodes",
                            "metadata": [
                                {
                                    "metaName": "input",
                                    "metadata": [
                                        {
                                            "metaName": "DisplayMode",
                                            "metaType": "string",
                                            "metaValue": "2"
                                        },
                                        {
                                            "metaName": "LayoutPos",
                                            "metaType": "string",
                                            "metaValue": "-630.989 -109.4"
                                        },
                                        {
                                            "metaName": "io_ports",
                                            "metadata": [
                                                {
                                                    "metaName": "base_A_in"
                                                },
                                                {
                                                    "metaName": "blend_B_in"
                                                }
                                            ]
                                        },
                                        {
                                            "metaName": "zValue",
                                            "metaType": "string",
                                            "metaValue": "31.000000"
                                        }
                                    ]
                                }
                            ]
                        },
                        {
                            "metaName": "io_onodes",
                            "metadata": [
                                {
                                    "metaName": "output",
                                    "metadata": [
                                        {
                                            "metaName": "DisplayMode",
                                            "metaType": "string",
                                            "metaValue": "2"
                                        },
                                        {
                                            "metaName": "io_ports",
                                            "metadata": [
                                                {
                                                    "metaName": "screen_out"
                                                }
                                            ]
                                        },
                                        {
                                            "metaName": "LayoutPos",
                                            "metaType": "string",
                                            "metaValue": "944.645 -64.6556"
                                        },
                                        {
                                            "metaName": "zValue",
                                            "metaType": "string",
                                            "metaValue": "34.000000"
                                        }
                                    ]
                                }
                            ]
                        }
                    ]
                },
                {
                    "metaName": "_recentNode_",
                    "metaType": "string",
                    "metaValue": "BifrostGraph,Core::Math,multiply"
                },
                {
                    "metaName": "_recentNode_",
                    "metaType": "string",
                    "metaValue": "BifrostGraph,Core::Graph,pass"
                },
                {
                    "metaName": "_recentNode_",
                    "metaType": "string",
                    "metaValue": "BifrostGraph,Core::Math,normalize"
                },
                {
                    "metaName": "_recentNode_",
                    "metaType": "string",
                    "metaValue": "BifrostGraph,Core::Graph,compound"
                },
                {
                    "metaName": "_recentNode_",
                    "metaType": "string",
                    "metaValue": "BifrostGraph,Core::Math,change_range"
                },
                {
                    "metaName": "ViewportRect",
                    "metaType": "string",
                    "metaValue": "-450.207 -423.357 1501.28 1222"
                },
                {
                    "metaName": "DisplayMode",
                    "metaType": "string",
                    "metaValue": "2"
                },
                {
                    "metaName": "LayoutPos",
                    "metaType": "string",
                    "metaValue": "-111.778 97.6234"
                },
                {
                    "metaName": "zValue",
                    "metaType": "string",
                    "metaValue": "96.000000"
                }
            ],
            "ports": [
                {
                    "portName": "base_A_in",
                    "portDirection": "input"
                },
                {
                    "portName": "blend_B_in",
                    "portDirection": "input"
                },
                {
                    "portName": "screen_out",
                    "portDirection": "output"
                }
            ],
            "compounds": [
                {
                    "name": "range_zero_to_one",
                    "uriImported": "stream:/bifrostGraphShape1",
                    "metadata": [
                        {
                            "metaName": "_recentNode_",
                            "metaType": "string",
                            "metaValue": "BifrostGraph,Core::Array,array_bounds"
                        },
                        {
                            "metaName": "_recentNode_",
                            "metaType": "string",
                            "metaValue": "BifrostGraph,Core::Graph,compound"
                        },
                        {
                            "metaName": "_recentNode_",
                            "metaType": "string",
                            "metaValue": "BifrostGraph,Core::Math,change_range"
                        },
                        {
                            "metaName": "_recentNode_",
                            "metaType": "string",
                            "metaValue": "BifrostGraph,Modeling::Primitive,create_mesh_plane"
                        },
                        {
                            "metaName": "_recentNode_",
                            "metaType": "string",
                            "metaValue": "BifrostGraph,Core::Randomization,fractal_noise"
                        },
                        {
                            "metaName": "ViewportRect",
                            "metaType": "string",
                            "metaValue": "-357.5 -477.5 1421 1142"
                        },
                        {
                            "metaName": "io_nodes",
                            "metadata": [
                                {
                                    "metaName": "io_inodes",
                                    "metadata": [
                                        {
                                            "metaName": "input",
                                            "metadata": [
                                                {
                                                    "metaName": "DisplayMode",
                                                    "metaType": "string",
                                                    "metaValue": "2"
                                                },
                                                {
                                                    "metaName": "LayoutPos",
                                                    "metaType": "string",
                                                    "metaValue": "-711 109"
                                                },
                                                {
                                                    "metaName": "zValue",
                                                    "metaType": "string",
                                                    "metaValue": "32.000000"
                                                },
                                                {
                                                    "metaName": "io_ports",
                                                    "metadata": [
                                                        {
                                                            "metaName": "array_in"
                                                        },
                                                        {
                                                            "metaName": "to_start"
                                                        },
                                                        {
                                                            "metaName": "to_end"
                                                        },
                                                        {
                                                            "metaName": "clamp"
                                                        }
                                                    ]
                                                }
                                            ]
                                        }
                                    ]
                                },
                                {
                                    "metaName": "io_onodes",
                                    "metadata": [
                                        {
                                            "metaName": "output",
                                            "metadata": [
                                                {
                                                    "metaName": "DisplayMode",
                                                    "metaType": "string",
                                                    "metaValue": "2"
                                                },
                                                {
                                                    "metaName": "LayoutPos",
                                                    "metaType": "string",
                                                    "metaValue": "520 13"
                                                },
                                                {
                                                    "metaName": "zValue",
                                                    "metaType": "string",
                                                    "metaValue": "35.000000"
                                                },
                                                {
                                                    "metaName": "io_ports",
                                                    "metadata": [
                                                        {
                                                            "metaName": "result"
                                                        }
                                                    ]
                                                }
                                            ]
                                        }
                                    ]
                                }
                            ]
                        }
                    ],
                    "ports": [
                        {
                            "portName": "array_in",
                            "portDirection": "input"
                        },
                        {
                            "portName": "to_start",
                            "portDirection": "input"
                        },
                        {
                            "portName": "to_end",
                            "portDirection": "input",
                            "portType": "float"
                        },
                        {
                            "portName": "clamp",
                            "portDirection": "input",
                            "portType": "bool"
                        },
                        {
                            "portName": "result",
                            "portDirection": "output"
                        }
                    ],
                    "compoundNodes": [
                        {
                            "nodeName": "change_range",
                            "nodeType": "Core::Math::change_range",
                            "metadata": [
                                {
                                    "metaName": "DisplayMode",
                                    "metaType": "string",
                                    "metaValue": "2"
                                },
                                {
                                    "metaName": "LayoutPos",
                                    "metaType": "string",
                                    "metaValue": "144 37"
                                },
                                {
                                    "metaName": "zValue",
                                    "metaType": "string",
                                    "metaValue": "31.000000"
                                }
                            ]
                        },
                        {
                            "nodeName": "array_bounds",
                            "nodeType": "Core::Array::array_bounds",
                            "metadata": [
                                {
                                    "metaName": "DisplayMode",
                                    "metaType": "string",
                                    "metaValue": "2"
                                },
                                {
                                    "metaName": "LayoutPos",
                                    "metaType": "string",
                                    "metaValue": "-255 -100"
                                },
                                {
                                    "metaName": "zValue",
                                    "metaType": "string",
                                    "metaValue": "34.000000"
                                }
                            ]
                        },
                        {
                            "nodeName": "value",
                            "valueType": "float",
                            "metadata": [
                                {
                                    "metaName": "DisplayMode",
                                    "metaType": "string",
                                    "metaValue": "2"
                                },
                                {
                                    "metaName": "LayoutPos",
                                    "metaType": "string",
                                    "metaValue": "-267 271"
                                },
                                {
                                    "metaName": "zValue",
                                    "metaType": "string",
                                    "metaValue": "33.000000"
                                }
                            ]
                        }
                    ],
                    "connections": [
                        {
                            "source": "change_range.result",
                            "target": ".result"
                        },
                        {
                            "source": "array_bounds.min_bound",
                            "target": "change_range.from_start"
                        },
                        {
                            "source": "array_bounds.max_bound",
                            "target": "change_range.from_end"
                        },
                        {
                            "source": "value.output",
                            "target": "change_range.to_end"
                        },
                        {
                            "source": ".array_in",
                            "target": "change_range.value"
                        },
                        {
                            "source": ".array_in",
                            "target": "array_bounds.array"
                        },
                        {
                            "source": ".to_start",
                            "target": "change_range.to_start"
                        },
                        {
                            "source": ".to_end",
                            "target": "value.value"
                        },
                        {
                            "source": ".clamp",
                            "target": "change_range.clamp"
                        }
                    ],
                    "values": [
                        {
                            "valueName": "change_range.clamp",
                            "valueType": "bool",
                            "value": "true"
                        },
                        {
                            "valueName": "value.value",
                            "valueType": "float",
                            "value": "1f"
                        }
                    ],
                    "reservedNodeNames": [
                        {
                            "name": "input"
                        },
                        {
                            "name": "output"
                        }
                    ]
                },
                {
                    "name": "range_zero_to_one1",
                    "uriImported": "stream:/bifrostGraphShape1",
                    "metadata": [
                        {
                            "metaName": "_recentNode_",
                            "metaType": "string",
                            "metaValue": "BifrostGraph,Core::Array,array_bounds"
                        },
                        {
                            "metaName": "_recentNode_",
                            "metaType": "string",
                            "metaValue": "BifrostGraph,Core::Graph,compound"
                        },
                        {
                            "metaName": "_recentNode_",
                            "metaType": "string",
                            "metaValue": "BifrostGraph,Core::Math,change_range"
                        },
                        {
                            "metaName": "_recentNode_",
                            "metaType": "string",
                            "metaValue": "BifrostGraph,Modeling::Primitive,create_mesh_plane"
                        },
                        {
                            "metaName": "_recentNode_",
                            "metaType": "string",
                            "metaValue": "BifrostGraph,Core::Randomization,fractal_noise"
                        },
                        {
                            "metaName": "ViewportRect",
                            "metaType": "string",
                            "metaValue": "-358 -478 1421 1142"
                        },
                        {
                            "metaName": "io_nodes",
                            "metadata": [
                                {
                                    "metaName": "io_inodes",
                                    "metadata": [
                                        {
                                            "metaName": "input",
                                            "metadata": [
                                                {
                                                    "metaName": "DisplayMode",
                                                    "metaType": "string",
                                                    "metaValue": "2"
                                                },
                                                {
                                                    "metaName": "zValue",
                                                    "metaType": "string",
                                                    "metaValue": "50.000000"
                                                },
                                                {
                                                    "metaName": "LayoutPos",
                                                    "metaType": "string",
                                                    "metaValue": "-711 109"
                                                },
                                                {
                                                    "metaName": "io_ports",
                                                    "metadata": [
                                                        {
                                                            "metaName": "array_in"
                                                        },
                                                        {
                                                            "metaName": "to_start"
                                                        },
                                                        {
                                                            "metaName": "to_end"
                                                        },
                                                        {
                                                            "metaName": "clamp"
                                                        }
                                                    ]
                                                }
                                            ]
                                        }
                                    ]
                                },
                                {
                                    "metaName": "io_onodes",
                                    "metadata": [
                                        {
                                            "metaName": "output",
                                            "metadata": [
                                                {
                                                    "metaName": "DisplayMode",
                                                    "metaType": "string",
                                                    "metaValue": "2"
                                                },
                                                {
                                                    "metaName": "zValue",
                                                    "metaType": "string",
                                                    "metaValue": "56.000000"
                                                },
                                                {
                                                    "metaName": "LayoutPos",
                                                    "metaType": "string",
                                                    "metaValue": "520 13"
                                                },
                                                {
                                                    "metaName": "io_ports",
                                                    "metadata": [
                                                        {
                                                            "metaName": "result"
                                                        }
                                                    ]
                                                }
                                            ]
                                        }
                                    ]
                                }
                            ]
                        }
                    ],
                    "ports": [
                        {
                            "portName": "array_in",
                            "portDirection": "input"
                        },
                        {
                            "portName": "to_start",
                            "portDirection": "input"
                        },
                        {
                            "portName": "to_end",
                            "portDirection": "input",
                            "portType": "float"
                        },
                        {
                            "portName": "clamp",
                            "portDirection": "input",
                            "portType": "bool"
                        },
                        {
                            "portName": "result",
                            "portDirection": "output"
                        }
                    ],
                    "compoundNodes": [
                        {
                            "nodeName": "change_range",
                            "nodeType": "Core::Math::change_range",
                            "metadata": [
                                {
                                    "metaName": "DisplayMode",
                                    "metaType": "string",
                                    "metaValue": "2"
                                },
                                {
                                    "metaName": "zValue",
                                    "metaType": "string",
                                    "metaValue": "44.000000"
                                },
                                {
                                    "metaName": "LayoutPos",
                                    "metaType": "string",
                                    "metaValue": "144 37"
                                }
                            ]
                        },
                        {
                            "nodeName": "array_bounds",
                            "nodeType": "Core::Array::array_bounds",
                            "metadata": [
                                {
                                    "metaName": "DisplayMode",
                                    "metaType": "string",
                                    "metaValue": "2"
                                },
                                {
                                    "metaName": "zValue",
                                    "metaType": "string",
                                    "metaValue": "54.000000"
                                },
                                {
                                    "metaName": "LayoutPos",
                                    "metaType": "string",
                                    "metaValue": "-255 -100"
                                }
                            ]
                        },
                        {
                            "nodeName": "value",
                            "valueType": "float",
                            "metadata": [
                                {
                                    "metaName": "DisplayMode",
                                    "metaType": "string",
                                    "metaValue": "2"
                                },
                                {
                                    "metaName": "zValue",
                                    "metaType": "string",
                                    "metaValue": "53.000000"
                                },
                                {
                                    "metaName": "LayoutPos",
                                    "metaType": "string",
                                    "metaValue": "-267 271"
                                }
                            ]
                        }
                    ],
                    "connections": [
                        {
                            "source": "change_range.result",
                            "target": ".result"
                        },
                        {
                            "source": "array_bounds.min_bound",
                            "target": "change_range.from_start"
                        },
                        {
                            "source": "array_bounds.max_bound",
                            "target": "change_range.from_end"
                        },
                        {
                            "source": "value.output",
                            "target": "change_range.to_end"
                        },
                        {
                            "source": ".array_in",
                            "target": "change_range.value"
                        },
                        {
                            "source": ".array_in",
                            "target": "array_bounds.array"
                        },
                        {
                            "source": ".to_start",
                            "target": "change_range.to_start"
                        },
                        {
                            "source": ".to_end",
                            "target": "value.value"
                        },
                        {
                            "source": ".clamp",
                            "target": "change_range.clamp"
                        }
                    ],
                    "values": [
                        {
                            "valueName": "change_range.clamp",
                            "valueType": "bool",
                            "value": "true"
                        },
                        {
                            "valueName": "value.value",
                            "valueType": "float",
                            "value": "1f"
                        }
                    ],
                    "reservedNodeNames": [
                        {
                            "name": "input"
                        },
                        {
                            "name": "output"
                        }
                    ]
                }
            ],
            "compoundNodes": [
                {
                    "nodeName": "range_zero_to_one",
                    "nodeType": "range_zero_to_one",
                    "metadata": [
                        {
                            "metaName": "DisplayMode",
                            "metaType": "string",
                            "metaValue": "2"
                        },
                        {
                            "metaName": "LayoutPos",
                            "metaType": "string",
                            "metaValue": "-20.2031 -183.626"
                        },
                        {
                            "metaName": "zValue",
                            "metaType": "string",
                            "metaValue": "32.000000"
                        }
                    ]
                },
                {
                    "nodeName": "range_zero_to_one1",
                    "nodeType": "range_zero_to_one1",
                    "metadata": [
                        {
                            "metaName": "DisplayMode",
                            "metaType": "string",
                            "metaValue": "2"
                        },
                        {
                            "metaName": "LayoutPos",
                            "metaType": "string",
                            "metaValue": "1.11748 187.389"
                        },
                        {
                            "metaName": "zValue",
                            "metaType": "string",
                            "metaValue": "33.000000"
                        }
                    ]
                },
                {
                    "nodeName": "multiply",
                    "nodeType": "Core::Math::multiply",
                    "multiInPortNames": [
                        "result",
                        "result1"
                    ],
                    "metadata": [
                        {
                            "metaName": "DisplayMode",
                            "metaType": "string",
                            "metaValue": "2"
                        },
                        {
                            "metaName": "LayoutPos",
                            "metaType": "string",
                            "metaValue": "502.092 116.641"
                        },
                        {
                            "metaName": "zValue",
                            "metaType": "string",
                            "metaValue": "35.000000"
                        }
                    ]
                }
            ],
            "connections": [
                {
                    "source": ".base_A_in",
                    "target": "range_zero_to_one.array_in"
                },
                {
                    "source": ".blend_B_in",
                    "target": "range_zero_to_one1.array_in"
                },
                {
                    "source": "range_zero_to_one.result",
                    "target": "multiply.first.result"
                },
                {
                    "source": "range_zero_to_one1.result",
                    "target": "multiply.first.result1"
                },
                {
                    "source": "multiply.output",
                    "target": ".screen_out"
                }
            ],
            "values": [
                {
                    "valueName": "range_zero_to_one.to_end",
                    "valueType": "float",
                    "value": "1f"
                },
                {
                    "valueName": "range_zero_to_one.clamp",
                    "valueType": "bool",
                    "value": "true"
                },
                {
                    "valueName": "range_zero_to_one1.to_end",
                    "valueType": "float",
                    "value": "1f"
                },
                {
                    "valueName": "range_zero_to_one1.clamp",
                    "valueType": "bool",
                    "value": "true"
                }
            ],
            "reservedNodeNames": [
                {
                    "name": "input"
                },
                {
                    "name": "output"
                }
            ]
        }
    ]
}
