{
    "header": {
        "metadata": [
            {
                "metaName": "adskFileFormatVersion",
                "metaValue": "100L"
            }
        ]
    },
    "namespaces": [],
    "types": [],
    "compounds": [
        {
            "name": "User::Compounds::point_properties_to_arnold_li",
            "uriImported": "stream:/bifrostGraphShape1",
            "metadata": [
                {
                    "metaName": "_recentNode_",
                    "metaType": "string",
                    "metaValue": "BifrostGraph,Rendering::Materials,assign_material"
                },
                {
                    "metaName": "_recentNode_",
                    "metaType": "string",
                    "metaValue": "BifrostGraph,Core::Object,set_property"
                },
                {
                    "metaName": "_recentNode_",
                    "metaType": "string",
                    "metaValue": "BifrostGraph,Geometry::Properties,set_geo_property"
                },
                {
                    "metaName": "_recentNode_",
                    "metaType": "string",
                    "metaValue": "BifrostGraph,Rendering::Materials,set_geo_property_reference"
                },
                {
                    "metaName": "_recentNode_",
                    "metaType": "string",
                    "metaValue": "BifrostGraph,Core::Graph,compound"
                },
                {
                    "metaName": "io_nodes",
                    "metadata": [
                        {
                            "metaName": "io_inodes",
                            "metadata": [
                                {
                                    "metaName": "input",
                                    "metadata": [
                                        {
                                            "metaName": "DisplayMode",
                                            "metaType": "string",
                                            "metaValue": "2"
                                        },
                                        {
                                            "metaName": "LayoutPos",
                                            "metaType": "string",
                                            "metaValue": "-967.327 246.435"
                                        },
                                        {
                                            "metaName": "io_ports",
                                            "metadata": [
                                                {
                                                    "metaName": "standard_surface_in"
                                                },
                                                {
                                                    "metaName": "geom_with_properties"
                                                },
                                                {
                                                    "metaName": "material_property_A"
                                                },
                                                {
                                                    "metaName": "geo_property_A"
                                                },
                                                {
                                                    "metaName": "point_data_A"
                                                },
                                                {
                                                    "metaName": "material_property_B"
                                                },
                                                {
                                                    "metaName": "geo_property_B"
                                                },
                                                {
                                                    "metaName": "point_data_B"
                                                },
                                                {
                                                    "metaName": "material_property_C"
                                                },
                                                {
                                                    "metaName": "geo_property_C"
                                                },
                                                {
                                                    "metaName": "point_data_C"
                                                }
                                            ]
                                        },
                                        {
                                            "metaName": "zValue",
                                            "metaType": "string",
                                            "metaValue": "35.000000"
                                        }
                                    ]
                                }
                            ]
                        },
                        {
                            "metaName": "io_onodes",
                            "metadata": [
                                {
                                    "metaName": "output",
                                    "metadata": [
                                        {
                                            "metaName": "DisplayMode",
                                            "metaType": "string",
                                            "metaValue": "2"
                                        },
                                        {
                                            "metaName": "io_ports",
                                            "metadata": [
                                                {
                                                    "metaName": "out_geometry"
                                                }
                                            ]
                                        },
                                        {
                                            "metaName": "zValue",
                                            "metaType": "string",
                                            "metaValue": "45.000000"
                                        },
                                        {
                                            "metaName": "LayoutPos",
                                            "metaType": "string",
                                            "metaValue": "2237.09 143.751"
                                        }
                                    ]
                                }
                            ]
                        }
                    ]
                },
                {
                    "metaName": "backdrop",
                    "metadata": [
                        {
                            "metaName": "type",
                            "metaType": "string",
                            "metaValue": "backdrop"
                        },
                        {
                            "metaName": "color",
                            "metaType": "string",
                            "metaValue": "#286487ce"
                        },
                        {
                            "metaName": "coords",
                            "metaType": "string",
                            "metaValue": "-648.194 -419.474 609.527 672.601"
                        },
                        {
                            "metaName": "title",
                            "metaType": "string",
                            "metaValue": "Property A"
                        }
                    ]
                },
                {
                    "metaName": "backdrop1",
                    "metadata": [
                        {
                            "metaName": "type",
                            "metaType": "string",
                            "metaValue": "backdrop"
                        },
                        {
                            "metaName": "coords",
                            "metaType": "string",
                            "metaValue": "97.8557 288.989 645.905 648.064"
                        },
                        {
                            "metaName": "title",
                            "metaType": "string",
                            "metaValue": "Property B"
                        },
                        {
                            "metaName": "color",
                            "metaType": "string",
                            "metaValue": "#2835b073"
                        }
                    ]
                },
                {
                    "metaName": "backdrop2",
                    "metadata": [
                        {
                            "metaName": "type",
                            "metaType": "string",
                            "metaValue": "backdrop"
                        },
                        {
                            "metaName": "title",
                            "metaType": "string",
                            "metaValue": "Property C"
                        },
                        {
                            "metaName": "coords",
                            "metaType": "string",
                            "metaValue": "1025.1 577.378 595.127 702.833"
                        },
                        {
                            "metaName": "color",
                            "metaType": "string",
                            "metaValue": "#28e0c84e"
                        }
                    ]
                },
                {
                    "metaName": "ViewportRect",
                    "metaType": "string",
                    "metaValue": "-848.268 -665.109 3307.33 2143.94"
                },
                {
                    "metaName": "DisplayMode",
                    "metaType": "string",
                    "metaValue": "2"
                },
                {
                    "metaName": "LayoutPos",
                    "metaType": "string",
                    "metaValue": "909.859 374.251"
                },
                {
                    "metaName": "zValue",
                    "metaType": "string",
                    "metaValue": "57.000000"
                }
            ],
            "ports": [
                {
                    "portName": "standard_surface_in",
                    "portDirection": "input"
                },
                {
                    "portName": "geom_with_properties",
                    "portDirection": "input",
                    "portType": "Object",
                    "portDefault": {}
                },
                {
                    "portName": "material_property_A",
                    "portDirection": "input",
                    "portType": "string",
                    "portDefault": "base_color"
                },
                {
                    "portName": "geo_property_A",
                    "portDirection": "input",
                    "portType": "string",
                    "portDefault": "point_color"
                },
                {
                    "portName": "point_data_A",
                    "portDirection": "input",
                    "portDefaultType": "array<Math::float3>",
                    "portDefault": [],
                    "metadata": [
                        {
                            "metaName": "TypeWranglingSuggestedTypes",
                            "metaType": "string",
                            "metaValue": "float, long, uint, bool, string, Math::float2, Math::float3, Math::float4, Math::float3x3, Math::float4x4, array<float>, array<long>, array<uint>, array<bool>, array<string>, array<Math::float2>, array<Math::float3>, array<Math::float4>, array<Math::float3x3>, array<Math::float4x4>"
                        }
                    ]
                },
                {
                    "portName": "material_property_B",
                    "portDirection": "input",
                    "portType": "string",
                    "portDefault": "specular_roughness"
                },
                {
                    "portName": "geo_property_B",
                    "portDirection": "input",
                    "portType": "string",
                    "portDefault": "voronoi"
                },
                {
                    "portName": "point_data_B",
                    "portDirection": "input"
                },
                {
                    "portName": "material_property_C",
                    "portDirection": "input",
                    "portType": "string",
                    "portDefault": "subsurface_color"
                },
                {
                    "portName": "geo_property_C",
                    "portDirection": "input",
                    "portType": "string",
                    "portDefault": "point_color"
                },
                {
                    "portName": "point_data_C",
                    "portDirection": "input"
                },
                {
                    "portName": "out_geometry",
                    "portDirection": "output"
                }
            ],
            "compoundNodes": [
                {
                    "nodeName": "set_geo_property_reference",
                    "nodeType": "Rendering::Materials::set_geo_property_reference",
                    "metadata": [
                        {
                            "metaName": "DisplayMode",
                            "metaType": "string",
                            "metaValue": "2"
                        },
                        {
                            "metaName": "LayoutPos",
                            "metaType": "string",
                            "metaValue": "-288.242 -356.389"
                        },
                        {
                            "metaName": "zValue",
                            "metaType": "string",
                            "metaValue": "32.000000"
                        }
                    ]
                },
                {
                    "nodeName": "value",
                    "valueType": "string",
                    "metadata": [
                        {
                            "metaName": "DisplayMode",
                            "metaType": "string",
                            "metaValue": "2"
                        },
                        {
                            "metaName": "LayoutPos",
                            "metaType": "string",
                            "metaValue": "-597.15 -170.02"
                        },
                        {
                            "metaName": "zValue",
                            "metaType": "string",
                            "metaValue": "36.000000"
                        }
                    ]
                },
                {
                    "nodeName": "set_geo_property",
                    "nodeType": "Geometry::Properties::set_geo_property",
                    "metadata": [
                        {
                            "metaName": "DisplayMode",
                            "metaType": "string",
                            "metaValue": "2"
                        },
                        {
                            "metaName": "LayoutPos",
                            "metaType": "string",
                            "metaValue": "-324.845 -58.5984"
                        },
                        {
                            "metaName": "zValue",
                            "metaType": "string",
                            "metaValue": "33.000000"
                        }
                    ]
                },
                {
                    "nodeName": "assign_material",
                    "nodeType": "Rendering::Materials::assign_material",
                    "metadata": [
                        {
                            "metaName": "DisplayMode",
                            "metaType": "string",
                            "metaValue": "2"
                        },
                        {
                            "metaName": "zValue",
                            "metaType": "string",
                            "metaValue": "46.000000"
                        },
                        {
                            "metaName": "LayoutPos",
                            "metaType": "string",
                            "metaValue": "1969.68 138.962"
                        }
                    ]
                },
                {
                    "nodeName": "value1",
                    "valueType": "string",
                    "metadata": [
                        {
                            "metaName": "DisplayMode",
                            "metaType": "string",
                            "metaValue": "2"
                        },
                        {
                            "metaName": "LayoutPos",
                            "metaType": "string",
                            "metaValue": "133.625 491.603"
                        },
                        {
                            "metaName": "zValue",
                            "metaType": "string",
                            "metaValue": "37.000000"
                        }
                    ]
                },
                {
                    "nodeName": "set_geo_property_reference1",
                    "nodeType": "Rendering::Materials::set_geo_property_reference",
                    "metadata": [
                        {
                            "metaName": "DisplayMode",
                            "metaType": "string",
                            "metaValue": "2"
                        },
                        {
                            "metaName": "LayoutPos",
                            "metaType": "string",
                            "metaValue": "441.607 342.138"
                        },
                        {
                            "metaName": "zValue",
                            "metaType": "string",
                            "metaValue": "31.000000"
                        }
                    ]
                },
                {
                    "nodeName": "set_geo_property1",
                    "nodeType": "Geometry::Properties::set_geo_property",
                    "metadata": [
                        {
                            "metaName": "DisplayMode",
                            "metaType": "string",
                            "metaValue": "2"
                        },
                        {
                            "metaName": "LayoutPos",
                            "metaType": "string",
                            "metaValue": "456.389 616.265"
                        },
                        {
                            "metaName": "zValue",
                            "metaType": "string",
                            "metaValue": "34.000000"
                        }
                    ]
                },
                {
                    "nodeName": "value2",
                    "valueType": "string",
                    "metadata": [
                        {
                            "metaName": "DisplayMode",
                            "metaType": "string",
                            "metaValue": "2"
                        },
                        {
                            "metaName": "zValue",
                            "metaType": "string",
                            "metaValue": "48.000000"
                        },
                        {
                            "metaName": "LayoutPos",
                            "metaType": "string",
                            "metaValue": "1035.1 855.94"
                        }
                    ]
                },
                {
                    "nodeName": "set_geo_property2",
                    "nodeType": "Geometry::Properties::set_geo_property",
                    "metadata": [
                        {
                            "metaName": "DisplayMode",
                            "metaType": "string",
                            "metaValue": "2"
                        },
                        {
                            "metaName": "zValue",
                            "metaType": "string",
                            "metaValue": "49.000000"
                        },
                        {
                            "metaName": "LayoutPos",
                            "metaType": "string",
                            "metaValue": "1347.91 975.211"
                        }
                    ]
                },
                {
                    "nodeName": "set_geo_property_reference2",
                    "nodeType": "Rendering::Materials::set_geo_property_reference",
                    "metadata": [
                        {
                            "metaName": "DisplayMode",
                            "metaType": "string",
                            "metaValue": "2"
                        },
                        {
                            "metaName": "zValue",
                            "metaType": "string",
                            "metaValue": "47.000000"
                        },
                        {
                            "metaName": "LayoutPos",
                            "metaType": "string",
                            "metaValue": "1329.9 657.378"
                        }
                    ]
                }
            ],
            "connections": [
                {
                    "source": "set_geo_property_reference.out_material_definition",
                    "target": "set_geo_property_reference1.material_definition"
                },
                {
                    "source": "value.output",
                    "target": "set_geo_property_reference.geo_property"
                },
                {
                    "source": "value.output",
                    "target": "set_geo_property.property"
                },
                {
                    "source": "set_geo_property.out_geometry",
                    "target": "set_geo_property1.geometry"
                },
                {
                    "source": "assign_material.out_geometry",
                    "target": ".out_geometry"
                },
                {
                    "source": "value1.output",
                    "target": "set_geo_property_reference1.geo_property"
                },
                {
                    "source": "value1.output",
                    "target": "set_geo_property1.property"
                },
                {
                    "source": "set_geo_property_reference1.out_material_definition",
                    "target": "set_geo_property_reference2.material_definition"
                },
                {
                    "source": "set_geo_property1.out_geometry",
                    "target": "set_geo_property2.geometry"
                },
                {
                    "source": "value2.output",
                    "target": "set_geo_property_reference2.geo_property"
                },
                {
                    "source": "value2.output",
                    "target": "set_geo_property2.property"
                },
                {
                    "source": "set_geo_property2.out_geometry",
                    "target": "assign_material.geometry"
                },
                {
                    "source": "set_geo_property_reference2.out_material_definition",
                    "target": "assign_material.surface_material"
                },
                {
                    "source": ".standard_surface_in",
                    "target": "set_geo_property_reference.material_definition"
                },
                {
                    "source": ".geom_with_properties",
                    "target": "set_geo_property.geometry"
                },
                {
                    "source": ".material_property_A",
                    "target": "set_geo_property_reference.material_property"
                },
                {
                    "source": ".geo_property_A",
                    "target": "value.value"
                },
                {
                    "source": ".point_data_A",
                    "target": "set_geo_property.data"
                },
                {
                    "source": ".material_property_B",
                    "target": "set_geo_property_reference1.material_property"
                },
                {
                    "source": ".geo_property_B",
                    "target": "value1.value"
                },
                {
                    "source": ".point_data_B",
                    "target": "set_geo_property1.data"
                },
                {
                    "source": ".material_property_C",
                    "target": "set_geo_property_reference2.material_property"
                },
                {
                    "source": ".geo_property_C",
                    "target": "value2.value"
                },
                {
                    "source": ".point_data_C",
                    "target": "set_geo_property2.data"
                }
            ],
            "values": [
                {
                    "valueName": "set_geo_property_reference.material_definition",
                    "valueType": "Object",
                    "value": {}
                },
                {
                    "valueName": "set_geo_property_reference.material_property",
                    "valueType": "string",
                    "value": "base_color"
                },
                {
                    "valueName": "set_geo_property_reference.geo_property",
                    "valueType": "string",
                    "value": ""
                },
                {
                    "valueName": "value.value",
                    "valueType": "string",
                    "value": "point_color"
                },
                {
                    "valueName": "set_geo_property.property",
                    "valueType": "string",
                    "value": ""
                },
                {
                    "valueName": "set_geo_property.data",
                    "valueType": "array<Math::float3>",
                    "value": []
                },
                {
                    "valueName": "set_geo_property.target",
                    "valueType": "string",
                    "value": "point_component"
                },
                {
                    "valueName": "set_geo_property.interpolation_mode",
                    "valueType": "Geometry::Common::DataInterpolationMode",
                    "value": "Linear"
                },
                {
                    "valueName": "assign_material.geometry",
                    "valueType": "Object",
                    "value": {}
                },
                {
                    "valueName": "assign_material.set_surface",
                    "valueType": "bool",
                    "value": "true"
                },
                {
                    "valueName": "assign_material.set_displacement",
                    "valueType": "bool",
                    "value": "true"
                },
                {
                    "valueName": "assign_material.set_volume",
                    "valueType": "bool",
                    "value": "true"
                },
                {
                    "valueName": "value1.value",
                    "valueType": "string",
                    "value": "point_color"
                },
                {
                    "valueName": "set_geo_property_reference1.material_definition",
                    "valueType": "Object",
                    "value": {}
                },
                {
                    "valueName": "set_geo_property_reference1.material_property",
                    "valueType": "string",
                    "value": "transmission"
                },
                {
                    "valueName": "set_geo_property_reference1.geo_property",
                    "valueType": "string",
                    "value": ""
                },
                {
                    "valueName": "set_geo_property1.property",
                    "valueType": "string",
                    "value": ""
                },
                {
                    "valueName": "set_geo_property1.data",
                    "valueType": "array<Math::float3>",
                    "value": []
                },
                {
                    "valueName": "set_geo_property1.target",
                    "valueType": "string",
                    "value": "point_component"
                },
                {
                    "valueName": "set_geo_property1.interpolation_mode",
                    "valueType": "Geometry::Common::DataInterpolationMode",
                    "value": "Linear"
                },
                {
                    "valueName": "value2.value",
                    "valueType": "string",
                    "value": "subsurface"
                },
                {
                    "valueName": "set_geo_property2.property",
                    "valueType": "string",
                    "value": ""
                },
                {
                    "valueName": "set_geo_property2.data",
                    "valueType": "array<Math::float3>",
                    "value": []
                },
                {
                    "valueName": "set_geo_property2.target",
                    "valueType": "string",
                    "value": "point_component"
                },
                {
                    "valueName": "set_geo_property2.interpolation_mode",
                    "valueType": "Geometry::Common::DataInterpolationMode",
                    "value": "Linear"
                },
                {
                    "valueName": "set_geo_property_reference2.material_definition",
                    "valueType": "Object",
                    "value": {}
                },
                {
                    "valueName": "set_geo_property_reference2.material_property",
                    "valueType": "string",
                    "value": "transmission"
                },
                {
                    "valueName": "set_geo_property_reference2.geo_property",
                    "valueType": "string",
                    "value": ""
                }
            ],
            "reservedNodeNames": [
                {
                    "name": "input"
                },
                {
                    "name": "output"
                }
            ]
        }
    ]
}
