{
    "header": {
        "metadata": [
            {
                "metaName": "adskFileFormatVersion",
                "metaValue": "100L"
            }
        ]
    },
    "namespaces": [],
    "types": [],
    "compounds": [
        {
            "name": "User::Compounds::strands_to_surface_li",
            "uriImported": "stream:/bifrostGraphShape1",
            "metadata": [
                {
                    "metaName": "io_nodes",
                    "metadata": [
                        {
                            "metaName": "io_inodes",
                            "metadata": [
                                {
                                    "metaName": "input",
                                    "metadata": [
                                        {
                                            "metaName": "DisplayMode",
                                            "metaType": "string",
                                            "metaValue": "2"
                                        },
                                        {
                                            "metaName": "LayoutPos",
                                            "metaType": "string",
                                            "metaValue": "-582 -65.5"
                                        },
                                        {
                                            "metaName": "zValue",
                                            "metaType": "string",
                                            "metaValue": "40.000000"
                                        },
                                        {
                                            "metaName": "io_ports",
                                            "metadata": [
                                                {
                                                    "metaName": "blade_in"
                                                },
                                                {
                                                    "metaName": "veins_in"
                                                }
                                            ]
                                        }
                                    ]
                                }
                            ]
                        },
                        {
                            "metaName": "io_onodes",
                            "metadata": [
                                {
                                    "metaName": "output",
                                    "metadata": [
                                        {
                                            "metaName": "DisplayMode",
                                            "metaType": "string",
                                            "metaValue": "2"
                                        },
                                        {
                                            "metaName": "LayoutPos",
                                            "metaType": "string",
                                            "metaValue": "2383.11 -34.7844"
                                        },
                                        {
                                            "metaName": "io_ports",
                                            "metadata": [
                                                {
                                                    "metaName": "leaf_blade"
                                                },
                                                {
                                                    "metaName": "strands_on_blade"
                                                }
                                            ]
                                        },
                                        {
                                            "metaName": "zValue",
                                            "metaType": "string",
                                            "metaValue": "42.000000"
                                        }
                                    ]
                                }
                            ]
                        }
                    ]
                },
                {
                    "metaName": "ViewportRect",
                    "metaType": "string",
                    "metaValue": "468 338.475 1360.58 974.52"
                },
                {
                    "metaName": "DisplayMode",
                    "metaType": "string",
                    "metaValue": "2"
                },
                {
                    "metaName": "LayoutPos",
                    "metaType": "string",
                    "metaValue": "-472.994 30.3655"
                },
                {
                    "metaName": "zValue",
                    "metaType": "string",
                    "metaValue": "43.000000"
                }
            ],
            "terminalStates": [
                {
                    "name": "Core::Graph::terminal::diagnostic",
                    "enabled": "true"
                }
            ],
            "ports": [
                {
                    "portName": "blade_in",
                    "portDirection": "input",
                    "portDefaultType": "Object",
                    "portDefault": {}
                },
                {
                    "portName": "veins_in",
                    "portDirection": "input",
                    "portType": "Object",
                    "portDefault": {}
                },
                {
                    "portName": "leaf_blade",
                    "portDirection": "output"
                },
                {
                    "portName": "strands_on_blade",
                    "portDirection": "output",
                    "portType": "Object"
                }
            ],
            "compoundNodes": [
                {
                    "nodeName": "array_size",
                    "nodeType": "Core::Array::array_size",
                    "metadata": [
                        {
                            "metaName": "DisplayMode",
                            "metaType": "string",
                            "metaValue": "2"
                        },
                        {
                            "metaName": "LayoutPos",
                            "metaType": "string",
                            "metaValue": "693.638 741.472"
                        },
                        {
                            "metaName": "zValue",
                            "metaType": "string",
                            "metaValue": "36.000000"
                        }
                    ]
                },
                {
                    "nodeName": "construct_strands",
                    "nodeType": "Geometry::Strands::construct_strands",
                    "metadata": [
                        {
                            "metaName": "DisplayMode",
                            "metaType": "string",
                            "metaValue": "2"
                        },
                        {
                            "metaName": "LayoutPos",
                            "metaType": "string",
                            "metaValue": "2095.23 219.364"
                        },
                        {
                            "metaName": "zValue",
                            "metaType": "string",
                            "metaValue": "31.000000"
                        }
                    ]
                },
                {
                    "nodeName": "deformed_mesh_pass",
                    "nodeType": "Core::Graph::pass",
                    "metadata": [
                        {
                            "metaName": "DisplayMode",
                            "metaType": "string",
                            "metaValue": "2"
                        },
                        {
                            "metaName": "LayoutPos",
                            "metaType": "string",
                            "metaValue": "-99.7307 -68.455"
                        },
                        {
                            "metaName": "zValue",
                            "metaType": "string",
                            "metaValue": "38.000000"
                        }
                    ]
                },
                {
                    "nodeName": "flat_floating_veins_in",
                    "nodeType": "Core::Graph::pass",
                    "metadata": [
                        {
                            "metaName": "DisplayMode",
                            "metaType": "string",
                            "metaValue": "2"
                        },
                        {
                            "metaName": "LayoutPos",
                            "metaType": "string",
                            "metaValue": "-332.594 473.528"
                        },
                        {
                            "metaName": "zValue",
                            "metaType": "string",
                            "metaValue": "39.000000"
                        }
                    ]
                },
                {
                    "nodeName": "flat_floating_veins_points_in",
                    "nodeType": "Core::Graph::pass",
                    "metadata": [
                        {
                            "metaName": "DisplayMode",
                            "metaType": "string",
                            "metaValue": "2"
                        },
                        {
                            "metaName": "LayoutPos",
                            "metaType": "string",
                            "metaValue": "378.251 439.403"
                        },
                        {
                            "metaName": "zValue",
                            "metaType": "string",
                            "metaValue": "33.000000"
                        }
                    ]
                },
                {
                    "nodeName": "get_point_position",
                    "nodeType": "Geometry::Properties::get_point_position",
                    "metadata": [
                        {
                            "metaName": "DisplayMode",
                            "metaType": "string",
                            "metaValue": "2"
                        },
                        {
                            "metaName": "LayoutPos",
                            "metaType": "string",
                            "metaValue": "-13.7894 464.333"
                        },
                        {
                            "metaName": "zValue",
                            "metaType": "string",
                            "metaValue": "41.000000"
                        }
                    ]
                },
                {
                    "nodeName": "get_raycast_locations",
                    "nodeType": "Geometry::Query::get_raycast_locations",
                    "metadata": [
                        {
                            "metaName": "DisplayMode",
                            "metaType": "string",
                            "metaValue": "2"
                        },
                        {
                            "metaName": "LayoutPos",
                            "metaType": "string",
                            "metaValue": "1276.77 278.135"
                        },
                        {
                            "metaName": "zValue",
                            "metaType": "string",
                            "metaValue": "32.000000"
                        }
                    ]
                },
                {
                    "nodeName": "location_scope",
                    "nodeType": "Diagnostic::Display::location_scope",
                    "metadata": [
                        {
                            "metaName": "DisplayMode",
                            "metaType": "string",
                            "metaValue": "2"
                        },
                        {
                            "metaName": "LayoutPos",
                            "metaType": "string",
                            "metaValue": "1552.14 566.582"
                        },
                        {
                            "metaName": "zValue",
                            "metaType": "string",
                            "metaValue": "37.000000"
                        }
                    ]
                },
                {
                    "nodeName": "resize_array",
                    "nodeType": "Core::Array::resize_array",
                    "metadata": [
                        {
                            "metaName": "DisplayMode",
                            "metaType": "string",
                            "metaValue": "2"
                        },
                        {
                            "metaName": "LayoutPos",
                            "metaType": "string",
                            "metaValue": "952.076 817.887"
                        },
                        {
                            "metaName": "zValue",
                            "metaType": "string",
                            "metaValue": "35.000000"
                        }
                    ]
                },
                {
                    "nodeName": "sample_property",
                    "nodeType": "Geometry::Query::sample_property",
                    "metadata": [
                        {
                            "metaName": "DisplayMode",
                            "metaType": "string",
                            "metaValue": "2"
                        },
                        {
                            "metaName": "LayoutPos",
                            "metaType": "string",
                            "metaValue": "1601.28 139.437"
                        },
                        {
                            "metaName": "zValue",
                            "metaType": "string",
                            "metaValue": "34.000000"
                        }
                    ]
                },
                {
                    "nodeName": "terminal",
                    "nodeType": "Core::Graph::terminal",
                    "fanInPortNames": {
                        "final": [],
                        "proxy": [],
                        "diagnostic": [
                            "diagnostic_geo"
                        ]
                    },
                    "terminalStates": [
                        {
                            "name": "Core::Graph::terminal::final",
                            "enabled": "false"
                        },
                        {
                            "name": "Core::Graph::terminal::proxy",
                            "enabled": "false"
                        },
                        {
                            "name": "Core::Graph::terminal::diagnostic",
                            "enabled": "true"
                        }
                    ],
                    "metadata": [
                        {
                            "metaName": "DisplayMode",
                            "metaType": "string",
                            "metaValue": "2"
                        },
                        {
                            "metaName": "LayoutPos",
                            "metaType": "string",
                            "metaValue": "1871.13 521.295"
                        },
                        {
                            "metaName": "zValue",
                            "metaType": "string",
                            "metaValue": "43.000000"
                        }
                    ]
                },
                {
                    "nodeName": "value",
                    "valueType": "Math::float3",
                    "metadata": [
                        {
                            "metaName": "DisplayMode",
                            "metaType": "string",
                            "metaValue": "2"
                        },
                        {
                            "metaName": "valuenode_defaultvalue",
                            "metaType": "string",
                            "metaValue": "0"
                        },
                        {
                            "metaName": "valuenode_defaultvalue",
                            "metaType": "string",
                            "metaValue": "0"
                        },
                        {
                            "metaName": "valuenode_defaultvalue",
                            "metaType": "string",
                            "metaValue": "0"
                        },
                        {
                            "metaName": "LayoutPos",
                            "metaType": "string",
                            "metaValue": "699.661 940.644"
                        },
                        {
                            "metaName": "PortExpandedState",
                            "metadata": [
                                {
                                    "metaName": "output",
                                    "metaType": "string",
                                    "metaValue": "1"
                                }
                            ]
                        },
                        {
                            "metaName": "zValue",
                            "metaType": "string",
                            "metaValue": "45.000000"
                        }
                    ]
                }
            ],
            "connections": [
                {
                    "source": "array_size.size",
                    "target": "resize_array.new_size"
                },
                {
                    "source": "construct_strands.strands",
                    "target": ".strands_on_blade"
                },
                {
                    "source": "deformed_mesh_pass.output",
                    "target": "get_raycast_locations.geometry"
                },
                {
                    "source": "deformed_mesh_pass.output",
                    "target": "sample_property.geometry"
                },
                {
                    "source": "deformed_mesh_pass.output",
                    "target": "location_scope.geometry"
                },
                {
                    "source": "deformed_mesh_pass.output",
                    "target": ".leaf_blade"
                },
                {
                    "source": "flat_floating_veins_in.output",
                    "target": "get_point_position.geometry"
                },
                {
                    "source": "flat_floating_veins_points_in.output",
                    "target": "array_size.array"
                },
                {
                    "source": "flat_floating_veins_points_in.output",
                    "target": "get_raycast_locations.positions"
                },
                {
                    "source": "flat_floating_veins_points_in.output",
                    "target": "location_scope.positions"
                },
                {
                    "source": "get_point_position.point_position",
                    "target": "flat_floating_veins_points_in.input"
                },
                {
                    "source": "get_raycast_locations.locations",
                    "target": "sample_property.locations"
                },
                {
                    "source": "get_raycast_locations.locations",
                    "target": "location_scope.locations"
                },
                {
                    "source": "location_scope.diagnostic_geo",
                    "target": "terminal.diagnostic.diagnostic_geo"
                },
                {
                    "source": "resize_array.resized",
                    "target": "get_raycast_locations.directions"
                },
                {
                    "source": "resize_array.resized",
                    "target": "location_scope.raycast_directions"
                },
                {
                    "source": "sample_property.sampled_data",
                    "target": "construct_strands.point_position"
                },
                {
                    "source": "value.output",
                    "target": "resize_array.default"
                },
                {
                    "source": ".blade_in",
                    "target": "deformed_mesh_pass.input"
                },
                {
                    "source": ".veins_in",
                    "target": "flat_floating_veins_in.input"
                }
            ],
            "values": [
                {
                    "valueName": "get_raycast_locations.proximity_method",
                    "valueType": "Geometry::Query::ProximityMethod",
                    "value": "semi_line"
                },
                {
                    "valueName": "get_raycast_locations.reverse_direction",
                    "valueType": "bool",
                    "value": "false"
                },
                {
                    "valueName": "get_raycast_locations.use_cutoff_distance",
                    "valueType": "bool",
                    "value": "false"
                },
                {
                    "valueName": "get_raycast_locations.cutoff_distance",
                    "valueType": "float",
                    "value": "10f"
                },
                {
                    "valueName": "get_raycast_locations.min_distance",
                    "valueType": "float",
                    "value": "0f"
                },
                {
                    "valueName": "location_scope.arrows",
                    "valueType": "bool",
                    "value": "true"
                },
                {
                    "valueName": "location_scope.circles_at_origin",
                    "valueType": "bool",
                    "value": "true"
                },
                {
                    "valueName": "location_scope.circles_at_sample",
                    "valueType": "bool",
                    "value": "true"
                },
                {
                    "valueName": "location_scope.size",
                    "valueType": "float",
                    "value": "0.260500014f"
                },
                {
                    "valueName": "location_scope.miss_size_factor",
                    "valueType": "float",
                    "value": "0.5f"
                },
                {
                    "valueName": "sample_property.default",
                    "valueType": "Math::float3",
                    "value": {
                        "x": "0f",
                        "y": "0f",
                        "z": "0f"
                    }
                },
                {
                    "valueName": "sample_property.property",
                    "valueType": "string",
                    "value": "point_position"
                },
                {
                    "valueName": "sample_property.method",
                    "valueType": "BifrostExp::Geometry::SampleMethod",
                    "value": "interpolated"
                },
                {
                    "valueName": "value.value",
                    "valueType": "Math::float3",
                    "value": {
                        "x": "0f",
                        "y": "0f",
                        "z": "-1f"
                    }
                }
            ],
            "reservedNodeNames": [
                {
                    "name": "input"
                },
                {
                    "name": "output"
                }
            ]
        }
    ]
}
