{
    "header": {
        "metadata": [
            {
                "metaName": "adskFileFormatVersion",
                "metaValue": "100L"
            }
        ]
    },
    "namespaces": [],
    "types": [],
    "compounds": [
        {
            "name": "User::Compounds::symmetry_for_vis",
            "uriImported": "stream:/bifrostGraphShape1",
            "metadata": [
                {
                    "metaName": "io_nodes",
                    "metadata": [
                        {
                            "metaName": "io_inodes",
                            "metadata": [
                                {
                                    "metaName": "input",
                                    "metadata": [
                                        {
                                            "metaName": "DisplayMode",
                                            "metaType": "string",
                                            "metaValue": "2"
                                        },
                                        {
                                            "metaName": "zValue",
                                            "metaType": "string",
                                            "metaValue": "50.000000"
                                        },
                                        {
                                            "metaName": "LayoutPos",
                                            "metaType": "string",
                                            "metaValue": "-747.76 -36.6378"
                                        },
                                        {
                                            "metaName": "io_ports",
                                            "metadata": [
                                                {
                                                    "metaName": "input"
                                                }
                                            ]
                                        }
                                    ]
                                }
                            ]
                        },
                        {
                            "metaName": "io_onodes",
                            "metadata": [
                                {
                                    "metaName": "output",
                                    "metadata": [
                                        {
                                            "metaName": "DisplayMode",
                                            "metaType": "string",
                                            "metaValue": "2"
                                        },
                                        {
                                            "metaName": "zValue",
                                            "metaType": "string",
                                            "metaValue": "59.000000"
                                        },
                                        {
                                            "metaName": "LayoutPos",
                                            "metaType": "string",
                                            "metaValue": "1267.19 -28.6758"
                                        },
                                        {
                                            "metaName": "io_ports",
                                            "metadata": [
                                                {
                                                    "metaName": "out_strands"
                                                },
                                                {
                                                    "metaName": "out_points"
                                                }
                                            ]
                                        }
                                    ]
                                }
                            ]
                        }
                    ]
                },
                {
                    "metaName": "ViewportRect",
                    "metaType": "string",
                    "metaValue": "-788.96 -285.372 1713.79 1378.42"
                },
                {
                    "metaName": "DisplayMode",
                    "metaType": "string",
                    "metaValue": "2"
                },
                {
                    "metaName": "NodeWidthOffset",
                    "metaType": "string",
                    "metaValue": "-37.7027"
                },
                {
                    "metaName": "LayoutPos",
                    "metaType": "string",
                    "metaValue": "1916.45 110.814"
                },
                {
                    "metaName": "zValue",
                    "metaType": "string",
                    "metaValue": "72.000000"
                }
            ],
            "ports": [
                {
                    "portName": "input",
                    "portDirection": "input",
                    "portDefaultType": "array<Math::float3>",
                    "portDefault": []
                },
                {
                    "portName": "out_strands",
                    "portDirection": "output"
                },
                {
                    "portName": "out_points",
                    "portDirection": "output"
                }
            ],
            "compoundNodes": [
                {
                    "nodeName": "build_array",
                    "nodeType": "Core::Array::build_array",
                    "multiInPortNames": [
                        "output",
                        "vector3",
                        "first1"
                    ],
                    "metadata": [
                        {
                            "metaName": "DisplayMode",
                            "metaType": "string",
                            "metaValue": "2"
                        },
                        {
                            "metaName": "zValue",
                            "metaType": "string",
                            "metaValue": "52.000000"
                        },
                        {
                            "metaName": "LayoutPos",
                            "metaType": "string",
                            "metaValue": "665.711 70.9745"
                        }
                    ]
                },
                {
                    "nodeName": "construct_strands",
                    "nodeType": "Geometry::Strands::construct_strands",
                    "metadata": [
                        {
                            "metaName": "DisplayMode",
                            "metaType": "string",
                            "metaValue": "2"
                        },
                        {
                            "metaName": "zValue",
                            "metaType": "string",
                            "metaValue": "61.000000"
                        },
                        {
                            "metaName": "LayoutPos",
                            "metaType": "string",
                            "metaValue": "975.025 -163.721"
                        }
                    ]
                },
                {
                    "nodeName": "first_in_array",
                    "nodeType": "Core::Array::first_in_array",
                    "metadata": [
                        {
                            "metaName": "DisplayMode",
                            "metaType": "string",
                            "metaValue": "2"
                        },
                        {
                            "metaName": "zValue",
                            "metaType": "string",
                            "metaValue": "53.000000"
                        },
                        {
                            "metaName": "LayoutPos",
                            "metaType": "string",
                            "metaValue": "419.611 404.259"
                        }
                    ]
                },
                {
                    "nodeName": "negate",
                    "nodeType": "Core::Math::negate",
                    "metadata": [
                        {
                            "metaName": "DisplayMode",
                            "metaType": "string",
                            "metaValue": "2"
                        },
                        {
                            "metaName": "zValue",
                            "metaType": "string",
                            "metaValue": "56.000000"
                        },
                        {
                            "metaName": "LayoutPos",
                            "metaType": "string",
                            "metaValue": "-169.689 143.81"
                        }
                    ]
                },
                {
                    "nodeName": "negate1",
                    "nodeType": "Core::Math::negate",
                    "metadata": [
                        {
                            "metaName": "DisplayMode",
                            "metaType": "string",
                            "metaValue": "2"
                        },
                        {
                            "metaName": "zValue",
                            "metaType": "string",
                            "metaValue": "57.000000"
                        },
                        {
                            "metaName": "LayoutPos",
                            "metaType": "string",
                            "metaValue": "-154.799 482.019"
                        }
                    ]
                },
                {
                    "nodeName": "reverse_array",
                    "nodeType": "Core::Array::reverse_array",
                    "metadata": [
                        {
                            "metaName": "DisplayMode",
                            "metaType": "string",
                            "metaValue": "2"
                        },
                        {
                            "metaName": "zValue",
                            "metaType": "string",
                            "metaValue": "54.000000"
                        },
                        {
                            "metaName": "LayoutPos",
                            "metaType": "string",
                            "metaValue": "376.071 197.8"
                        }
                    ]
                },
                {
                    "nodeName": "scalar_to_vector4",
                    "nodeType": "Core::Conversion::scalar_to_vector3",
                    "metadata": [
                        {
                            "metaName": "DisplayMode",
                            "metaType": "string",
                            "metaValue": "2"
                        },
                        {
                            "metaName": "zValue",
                            "metaType": "string",
                            "metaValue": "55.000000"
                        },
                        {
                            "metaName": "LayoutPos",
                            "metaType": "string",
                            "metaValue": "88.1709 221.437"
                        }
                    ]
                },
                {
                    "nodeName": "vector3_to_scalar2",
                    "nodeType": "Core::Conversion::vector3_to_scalar",
                    "metadata": [
                        {
                            "metaName": "DisplayMode",
                            "metaType": "string",
                            "metaValue": "2"
                        },
                        {
                            "metaName": "zValue",
                            "metaType": "string",
                            "metaValue": "62.000000"
                        },
                        {
                            "metaName": "LayoutPos",
                            "metaType": "string",
                            "metaValue": "-426.902 234.833"
                        }
                    ]
                }
            ],
            "connections": [
                {
                    "source": ".input",
                    "target": "build_array.first.output"
                },
                {
                    "source": "reverse_array.reversed",
                    "target": "build_array.first.vector3"
                },
                {
                    "source": "first_in_array.first",
                    "target": "build_array.first.first1"
                },
                {
                    "source": "build_array.array",
                    "target": "construct_strands.point_position"
                },
                {
                    "source": "construct_strands.strands",
                    "target": ".out_strands"
                },
                {
                    "source": ".input",
                    "target": "first_in_array.array"
                },
                {
                    "source": "vector3_to_scalar2.x",
                    "target": "negate.value"
                },
                {
                    "source": "negate.negated",
                    "target": "scalar_to_vector4.x"
                },
                {
                    "source": "vector3_to_scalar2.z",
                    "target": "negate1.value"
                },
                {
                    "source": "scalar_to_vector4.vector3",
                    "target": "reverse_array.array"
                },
                {
                    "source": "vector3_to_scalar2.y",
                    "target": "scalar_to_vector4.y"
                },
                {
                    "source": "vector3_to_scalar2.z",
                    "target": "scalar_to_vector4.z"
                },
                {
                    "source": ".input",
                    "target": "vector3_to_scalar2.vector3"
                },
                {
                    "source": "build_array.array",
                    "target": ".out_points"
                }
            ],
            "values": [],
            "reservedNodeNames": [
                {
                    "name": "input"
                },
                {
                    "name": "output"
                }
            ]
        }
    ]
}
