{
    "header": {
        "metadata": [
            {
                "metaName": "adskFileFormatVersion",
                "metaValue": "100L"
            }
        ]
    },
    "namespaces": [],
    "types": [],
    "compounds": [
        {
            "name": "User::Compounds::v_deform_li_II",
            "uriImported": "stream:/bifrostGraphShape1",
            "metadata": [
                {
                    "metaName": "io_nodes",
                    "metadata": [
                        {
                            "metaName": "io_inodes",
                            "metadata": [
                                {
                                    "metaName": "input",
                                    "metadata": [
                                        {
                                            "metaName": "DisplayMode",
                                            "metaType": "string",
                                            "metaValue": "2"
                                        },
                                        {
                                            "metaName": "io_ports",
                                            "metadata": [
                                                {
                                                    "metaName": "mesh"
                                                },
                                                {
                                                    "metaName": "fcurve"
                                                }
                                            ]
                                        },
                                        {
                                            "metaName": "LayoutPos",
                                            "metaType": "string",
                                            "metaValue": "-1239.67 161.533"
                                        },
                                        {
                                            "metaName": "zValue",
                                            "metaType": "string",
                                            "metaValue": "43.000000"
                                        }
                                    ]
                                }
                            ]
                        },
                        {
                            "metaName": "io_onodes",
                            "metadata": [
                                {
                                    "metaName": "output",
                                    "metadata": [
                                        {
                                            "metaName": "io_ports",
                                            "metadata": [
                                                {
                                                    "metaName": "out_mesh"
                                                }
                                            ]
                                        },
                                        {
                                            "metaName": "DisplayMode",
                                            "metaType": "string",
                                            "metaValue": "2"
                                        },
                                        {
                                            "metaName": "LayoutPos",
                                            "metaType": "string",
                                            "metaValue": "1843.97 -80.9198"
                                        },
                                        {
                                            "metaName": "zValue",
                                            "metaType": "string",
                                            "metaValue": "39.000000"
                                        }
                                    ]
                                }
                            ]
                        }
                    ]
                },
                {
                    "metaName": "ViewportRect",
                    "metaType": "string",
                    "metaValue": "-710.916 -397.189 1474.61 1082.26"
                },
                {
                    "metaName": "DisplayMode",
                    "metaType": "string",
                    "metaValue": "2"
                },
                {
                    "metaName": "LayoutPos",
                    "metaType": "string",
                    "metaValue": "-849.166 288.434"
                },
                {
                    "metaName": "zValue",
                    "metaType": "string",
                    "metaValue": "44.000000"
                }
            ],
            "ports": [
                {
                    "portName": "mesh",
                    "portDirection": "input",
                    "portType": "Object",
                    "portDefault": {}
                },
                {
                    "portName": "out_mesh",
                    "portDirection": "output"
                },
                {
                    "portName": "fcurve",
                    "portDirection": "input",
                    "portType": "Math::FCurve",
                    "portDefault": {
                        "version": "1",
                        "preExtrapolation": "4",
                        "postExtrapolation": "4",
                        "points": [
                            {
                                "point": {
                                    "locked": "1",
                                    "interpolation": "2",
                                    "pcn": {
                                        "xp": "-0.78404300000000005",
                                        "yp": "-0.132969",
                                        "x": "0",
                                        "y": "0",
                                        "xn": "0.78404300000000005",
                                        "yn": "0.132969"
                                    }
                                }
                            },
                            {
                                "point": {
                                    "locked": "1",
                                    "interpolation": "1",
                                    "pcn": {
                                        "xp": "0.87340399999999996",
                                        "yp": "0.754243",
                                        "x": "1",
                                        "y": "1",
                                        "xn": "1.1265959999999999",
                                        "yn": "1.245757"
                                    }
                                }
                            }
                        ]
                    }
                }
            ],
            "compoundNodes": [
                {
                    "nodeName": "array_bounds",
                    "nodeType": "Core::Array::array_bounds",
                    "metadata": [
                        {
                            "metaName": "DisplayMode",
                            "metaType": "string",
                            "metaValue": "2"
                        },
                        {
                            "metaName": "LayoutPos",
                            "metaType": "string",
                            "metaValue": "-234.491 317.135"
                        },
                        {
                            "metaName": "zValue",
                            "metaType": "string",
                            "metaValue": "37.000000"
                        }
                    ]
                },
                {
                    "nodeName": "change_range",
                    "nodeType": "Core::Math::change_range",
                    "metadata": [
                        {
                            "metaName": "DisplayMode",
                            "metaType": "string",
                            "metaValue": "2"
                        },
                        {
                            "metaName": "LayoutPos",
                            "metaType": "string",
                            "metaValue": "24.0989 201.73"
                        },
                        {
                            "metaName": "zValue",
                            "metaType": "string",
                            "metaValue": "31.000000"
                        }
                    ]
                },
                {
                    "nodeName": "change_range1",
                    "nodeType": "Core::Math::change_range",
                    "metadata": [
                        {
                            "metaName": "DisplayMode",
                            "metaType": "string",
                            "metaValue": "2"
                        },
                        {
                            "metaName": "LayoutPos",
                            "metaType": "string",
                            "metaValue": "515.972 384.868"
                        },
                        {
                            "metaName": "zValue",
                            "metaType": "string",
                            "metaValue": "34.000000"
                        }
                    ]
                },
                {
                    "nodeName": "evaluate_fcurve",
                    "nodeType": "Core::FCurve::evaluate_fcurve",
                    "metadata": [
                        {
                            "metaName": "DisplayMode",
                            "metaType": "string",
                            "metaValue": "2"
                        },
                        {
                            "metaName": "LayoutPos",
                            "metaType": "string",
                            "metaValue": "274.896 153.406"
                        },
                        {
                            "metaName": "zValue",
                            "metaType": "string",
                            "metaValue": "38.000000"
                        }
                    ]
                },
                {
                    "nodeName": "get_point_position",
                    "nodeType": "Geometry::Properties::get_point_position",
                    "metadata": [
                        {
                            "metaName": "DisplayMode",
                            "metaType": "string",
                            "metaValue": "2"
                        },
                        {
                            "metaName": "LayoutPos",
                            "metaType": "string",
                            "metaValue": "-727.707 73.7767"
                        },
                        {
                            "metaName": "zValue",
                            "metaType": "string",
                            "metaValue": "42.000000"
                        }
                    ]
                },
                {
                    "nodeName": "input_mesh_pass",
                    "nodeType": "Core::Graph::pass",
                    "metadata": [
                        {
                            "metaName": "DisplayMode",
                            "metaType": "string",
                            "metaValue": "2"
                        },
                        {
                            "metaName": "LayoutPos",
                            "metaType": "string",
                            "metaValue": "-978.87 -140.789"
                        },
                        {
                            "metaName": "zValue",
                            "metaType": "string",
                            "metaValue": "33.000000"
                        }
                    ]
                },
                {
                    "nodeName": "negate",
                    "nodeType": "Core::Math::negate",
                    "metadata": [
                        {
                            "metaName": "DisplayMode",
                            "metaType": "string",
                            "metaValue": "2"
                        },
                        {
                            "metaName": "LayoutPos",
                            "metaType": "string",
                            "metaValue": "765.408 206.992"
                        },
                        {
                            "metaName": "zValue",
                            "metaType": "string",
                            "metaValue": "35.000000"
                        }
                    ]
                },
                {
                    "nodeName": "scalar_to_vector3",
                    "nodeType": "Core::Conversion::scalar_to_vector3",
                    "metadata": [
                        {
                            "metaName": "DisplayMode",
                            "metaType": "string",
                            "metaValue": "2"
                        },
                        {
                            "metaName": "LayoutPos",
                            "metaType": "string",
                            "metaValue": "1015.13 -22.1548"
                        },
                        {
                            "metaName": "zValue",
                            "metaType": "string",
                            "metaValue": "36.000000"
                        }
                    ]
                },
                {
                    "nodeName": "set_point_position",
                    "nodeType": "Geometry::Properties::set_point_position",
                    "metadata": [
                        {
                            "metaName": "DisplayMode",
                            "metaType": "string",
                            "metaValue": "2"
                        },
                        {
                            "metaName": "LayoutPos",
                            "metaType": "string",
                            "metaValue": "1294.54 -210.704"
                        },
                        {
                            "metaName": "zValue",
                            "metaType": "string",
                            "metaValue": "41.000000"
                        }
                    ]
                },
                {
                    "nodeName": "update_mesh_normals",
                    "nodeType": "Geometry::Mesh::update_mesh_normals",
                    "metadata": [
                        {
                            "metaName": "DisplayMode",
                            "metaType": "string",
                            "metaValue": "2"
                        },
                        {
                            "metaName": "LayoutPos",
                            "metaType": "string",
                            "metaValue": "1538.46 28.3979"
                        },
                        {
                            "metaName": "zValue",
                            "metaType": "string",
                            "metaValue": "40.000000"
                        }
                    ]
                },
                {
                    "nodeName": "vector3_to_scalar",
                    "nodeType": "Core::Conversion::vector3_to_scalar",
                    "metadata": [
                        {
                            "metaName": "DisplayMode",
                            "metaType": "string",
                            "metaValue": "2"
                        },
                        {
                            "metaName": "LayoutPos",
                            "metaType": "string",
                            "metaValue": "-489.439 1.19367"
                        },
                        {
                            "metaName": "zValue",
                            "metaType": "string",
                            "metaValue": "32.000000"
                        }
                    ]
                }
            ],
            "connections": [
                {
                    "source": "vector3_to_scalar.z",
                    "target": "array_bounds.array"
                },
                {
                    "source": "array_bounds.min_bound",
                    "target": "change_range.from_start"
                },
                {
                    "source": "array_bounds.min_bound",
                    "target": "change_range1.to_start"
                },
                {
                    "source": "array_bounds.max_bound",
                    "target": "change_range.from_end"
                },
                {
                    "source": "array_bounds.max_bound",
                    "target": "change_range1.to_end"
                },
                {
                    "source": "vector3_to_scalar.z",
                    "target": "change_range.value"
                },
                {
                    "source": "change_range.result",
                    "target": "evaluate_fcurve.x"
                },
                {
                    "source": "evaluate_fcurve.y",
                    "target": "change_range1.value"
                },
                {
                    "source": "change_range1.result",
                    "target": "negate.value"
                },
                {
                    "source": "input_mesh_pass.output",
                    "target": "get_point_position.geometry"
                },
                {
                    "source": "get_point_position.point_position",
                    "target": "vector3_to_scalar.vector3"
                },
                {
                    "source": ".mesh",
                    "target": "input_mesh_pass.input"
                },
                {
                    "source": "input_mesh_pass.output",
                    "target": "set_point_position.geometry"
                },
                {
                    "source": "negate.negated",
                    "target": "scalar_to_vector3.y"
                },
                {
                    "source": "vector3_to_scalar.x",
                    "target": "scalar_to_vector3.x"
                },
                {
                    "source": "vector3_to_scalar.z",
                    "target": "scalar_to_vector3.z"
                },
                {
                    "source": "scalar_to_vector3.vector3",
                    "target": "set_point_position.positions"
                },
                {
                    "source": "set_point_position.out_geometry",
                    "target": "update_mesh_normals.mesh"
                },
                {
                    "source": "update_mesh_normals.out_mesh",
                    "target": ".out_mesh"
                },
                {
                    "source": ".fcurve",
                    "target": "evaluate_fcurve.fcurve"
                }
            ],
            "values": [
                {
                    "valueName": "change_range.to_start",
                    "valueType": "float",
                    "value": "0f"
                },
                {
                    "valueName": "change_range.to_end",
                    "valueType": "float",
                    "value": "1f"
                },
                {
                    "valueName": "change_range.clamp",
                    "valueType": "bool",
                    "value": "true"
                },
                {
                    "valueName": "change_range1.from_start",
                    "valueType": "float",
                    "value": "0f"
                },
                {
                    "valueName": "change_range1.from_end",
                    "valueType": "float",
                    "value": "1f"
                },
                {
                    "valueName": "change_range1.clamp",
                    "valueType": "bool",
                    "value": "true"
                },
                {
                    "valueName": "evaluate_fcurve.fcurve",
                    "valueType": "Math::FCurve",
                    "value": {
                        "version": "1",
                        "preExtrapolation": "4",
                        "postExtrapolation": "4",
                        "points": [
                            {
                                "point": {
                                    "locked": "1",
                                    "interpolation": "2",
                                    "pcn": {
                                        "xp": "-0.78404300000000005",
                                        "yp": "-0.132969",
                                        "x": "0",
                                        "y": "0",
                                        "xn": "0.78404300000000005",
                                        "yn": "0.132969"
                                    }
                                }
                            },
                            {
                                "point": {
                                    "locked": "1",
                                    "interpolation": "1",
                                    "pcn": {
                                        "xp": "0.87340399999999996",
                                        "yp": "0.754243",
                                        "x": "1",
                                        "y": "1",
                                        "xn": "1.1265959999999999",
                                        "yn": "1.245757"
                                    }
                                }
                            }
                        ]
                    }
                },
                {
                    "valueName": "update_mesh_normals.remove_face_vertex_normal",
                    "valueType": "bool",
                    "value": "true"
                }
            ],
            "reservedNodeNames": [
                {
                    "name": "input"
                },
                {
                    "name": "output"
                }
            ]
        }
    ]
}
