{
    "header": {
        "metadata": [
            {
                "metaName": "adskFileFormatVersion",
                "metaValue": "100L"
            }
        ]
    },
    "namespaces": [],
    "types": [],
    "compounds": [
        {
            "name": "User::Compounds::vein_trough_li",
            "uriImported": "file:///vein_trough_li.json",
            "metadata": [
                {
                    "metaName": "sticky_note",
                    "metadata": [
                        {
                            "metaName": "type",
                            "metaType": "string",
                            "metaValue": "sticky_note"
                        },
                        {
                            "metaName": "text",
                            "metaType": "string",
                            "metaValue": "points on surface of mesh plane"
                        },
                        {
                            "metaName": "color",
                            "metaType": "string",
                            "metaValue": "#ff7b99d5"
                        },
                        {
                            "metaName": "coords",
                            "metaType": "string",
                            "metaValue": "1474.22 -20.746 187.882 88"
                        },
                        {
                            "metaName": "zValue",
                            "metaType": "string",
                            "metaValue": "32.000000"
                        }
                    ]
                },
                {
                    "metaName": "io_nodes",
                    "metadata": [
                        {
                            "metaName": "io_inodes",
                            "metadata": [
                                {
                                    "metaName": "input",
                                    "metadata": [
                                        {
                                            "metaName": "DisplayMode",
                                            "metaType": "string",
                                            "metaValue": "2"
                                        },
                                        {
                                            "metaName": "LayoutPos",
                                            "metaType": "string",
                                            "metaValue": "-418.437 517.936"
                                        },
                                        {
                                            "metaName": "io_ports",
                                            "metadata": [
                                                {
                                                    "metaName": "blade_surface_in"
                                                },
                                                {
                                                    "metaName": "vein_curves_in"
                                                },
                                                {
                                                    "metaName": "projection_axis"
                                                }
                                            ]
                                        },
                                        {
                                            "metaName": "zValue",
                                            "metaType": "string",
                                            "metaValue": "49.000000"
                                        }
                                    ]
                                },
                                {
                                    "metaName": "input1",
                                    "metadata": [
                                        {
                                            "metaName": "DisplayMode",
                                            "metaType": "string",
                                            "metaValue": "2"
                                        },
                                        {
                                            "metaName": "io_ports",
                                            "metadata": [
                                                {
                                                    "metaName": "vein_trough_shape"
                                                }
                                            ]
                                        },
                                        {
                                            "metaName": "LayoutPos",
                                            "metaType": "string",
                                            "metaValue": "2728.04 16.4711"
                                        },
                                        {
                                            "metaName": "zValue",
                                            "metaType": "string",
                                            "metaValue": "48.000000"
                                        }
                                    ]
                                }
                            ]
                        },
                        {
                            "metaName": "io_onodes",
                            "metadata": [
                                {
                                    "metaName": "output",
                                    "metadata": [
                                        {
                                            "metaName": "io_ports",
                                            "metadata": [
                                                {
                                                    "metaName": "out_points1"
                                                }
                                            ]
                                        },
                                        {
                                            "metaName": "DisplayMode",
                                            "metaType": "string",
                                            "metaValue": "2"
                                        },
                                        {
                                            "metaName": "LayoutPos",
                                            "metaType": "string",
                                            "metaValue": "3942.27 -457.054"
                                        },
                                        {
                                            "metaName": "zValue",
                                            "metaType": "string",
                                            "metaValue": "47.000000"
                                        }
                                    ]
                                }
                            ]
                        }
                    ]
                },
                {
                    "metaName": "_recentNode_",
                    "metaType": "string",
                    "metaValue": "BifrostGraph,User::Compounds,origo_points_remover_li"
                },
                {
                    "metaName": "_recentNode_",
                    "metaType": "string",
                    "metaValue": "BifrostGraph,Core::Constants,float"
                },
                {
                    "metaName": "_recentNode_",
                    "metaType": "string",
                    "metaValue": "input"
                },
                {
                    "metaName": "_recentNode_",
                    "metaType": "string",
                    "metaValue": "BifrostGraph,Core::Graph,pass"
                },
                {
                    "metaName": "_recentNode_",
                    "metaType": "string",
                    "metaValue": "BifrostGraph,Modeling::Points,displace_points"
                },
                {
                    "metaName": "backdrop",
                    "metadata": [
                        {
                            "metaName": "type",
                            "metaType": "string",
                            "metaValue": "backdrop"
                        },
                        {
                            "metaName": "title",
                            "metaType": "string",
                            "metaValue": "update"
                        },
                        {
                            "metaName": "color",
                            "metaType": "string",
                            "metaValue": "#28b2b2b5"
                        },
                        {
                            "metaName": "coords",
                            "metaType": "string",
                            "metaValue": "1744.74 105.89 389.64 370.835"
                        }
                    ]
                },
                {
                    "metaName": "sticky_note1",
                    "metadata": [
                        {
                            "metaName": "type",
                            "metaType": "string",
                            "metaValue": "sticky_note"
                        },
                        {
                            "metaName": "color",
                            "metaType": "string",
                            "metaValue": "#ff7b99d5"
                        },
                        {
                            "metaName": "text",
                            "metaType": "string",
                            "metaValue": "Update: origo points remover_li inserted: 2025. 01. 04."
                        },
                        {
                            "metaName": "zValue",
                            "metaType": "string",
                            "metaValue": "93.000000"
                        },
                        {
                            "metaName": "coords",
                            "metaType": "string",
                            "metaValue": "1757.32 377.884 364.597 88"
                        }
                    ]
                },
                {
                    "metaName": "ViewportRect",
                    "metaType": "string",
                    "metaValue": "1355.77 -306.299 1096.26 1007.18"
                },
                {
                    "metaName": "DisplayMode",
                    "metaType": "string",
                    "metaValue": "2"
                },
                {
                    "metaName": "zValue",
                    "metaType": "string",
                    "metaValue": "96.000000"
                },
                {
                    "metaName": "LayoutPos",
                    "metaType": "string",
                    "metaValue": "1.0992 -1155.12"
                }
            ],
            "ports": [
                {
                    "portName": "blade_surface_in",
                    "portDirection": "input",
                    "portDefaultType": "Object",
                    "portDefault": {}
                },
                {
                    "portName": "out_points1",
                    "portDirection": "output"
                },
                {
                    "portName": "vein_curves_in",
                    "portDirection": "input",
                    "portDefaultType": "array<Math::float3>",
                    "portDefault": []
                },
                {
                    "portName": "vein_trough_shape",
                    "portDirection": "input",
                    "portType": "Math::FCurve",
                    "portDefault": {
                        "version": "1",
                        "preExtrapolation": "0",
                        "postExtrapolation": "0",
                        "points": [
                            {
                                "point": {
                                    "locked": "1",
                                    "interpolation": "2",
                                    "pcn": {
                                        "xp": "-0.012734000000000001",
                                        "yp": "-0.146172",
                                        "x": "0",
                                        "y": "0",
                                        "xn": "0.012734000000000001",
                                        "yn": "0.146172"
                                    }
                                }
                            },
                            {
                                "point": {
                                    "locked": "1",
                                    "interpolation": "1",
                                    "pcn": {
                                        "xp": "0.193103",
                                        "yp": "0.21591199999999999",
                                        "x": "0.49893700000000002",
                                        "y": "0.21837799999999999",
                                        "xn": "0.80477100000000001",
                                        "yn": "0.22084400000000001"
                                    }
                                }
                            }
                        ]
                    }
                },
                {
                    "portName": "projection_axis",
                    "portDirection": "input",
                    "portType": "Math::float3",
                    "portDefault": {
                        "x": "0f",
                        "y": "0f",
                        "z": "-1f"
                    }
                }
            ],
            "compoundNodes": [
                {
                    "nodeName": "array_size",
                    "nodeType": "Core::Array::array_size",
                    "metadata": [
                        {
                            "metaName": "DisplayMode",
                            "metaType": "string",
                            "metaValue": "2"
                        },
                        {
                            "metaName": "zValue",
                            "metaType": "string",
                            "metaValue": "73.000000"
                        },
                        {
                            "metaName": "LayoutPos",
                            "metaType": "string",
                            "metaValue": "399.801 528.022"
                        }
                    ]
                },
                {
                    "nodeName": "blade_surface_in",
                    "nodeType": "Core::Graph::pass",
                    "metadata": [
                        {
                            "metaName": "DisplayMode",
                            "metaType": "string",
                            "metaValue": "2"
                        },
                        {
                            "metaName": "LayoutPos",
                            "metaType": "string",
                            "metaValue": "-61.9917 135.15"
                        },
                        {
                            "metaName": "zValue",
                            "metaType": "string",
                            "metaValue": "37.000000"
                        }
                    ]
                },
                {
                    "nodeName": "construct_points",
                    "nodeType": "Geometry::Points::construct_points",
                    "metadata": [
                        {
                            "metaName": "DisplayMode",
                            "metaType": "string",
                            "metaValue": "2"
                        },
                        {
                            "metaName": "zValue",
                            "metaType": "string",
                            "metaValue": "89.000000"
                        },
                        {
                            "metaName": "LayoutPos",
                            "metaType": "string",
                            "metaValue": "2197.13 121.607"
                        }
                    ]
                },
                {
                    "nodeName": "displace_points1",
                    "nodeType": "Modeling::Points::displace_points",
                    "metadata": [
                        {
                            "metaName": "DisplayMode",
                            "metaType": "string",
                            "metaValue": "2"
                        },
                        {
                            "metaName": "LayoutPos",
                            "metaType": "string",
                            "metaValue": "3557.66 -751.854"
                        },
                        {
                            "metaName": "PortExpandedState",
                            "metadata": [
                                {
                                    "metaName": "Displacement",
                                    "metaType": "string",
                                    "metaValue": "1"
                                }
                            ]
                        },
                        {
                            "metaName": "zValue",
                            "metaType": "string",
                            "metaValue": "58.000000"
                        }
                    ]
                },
                {
                    "nodeName": "evaluate_fcurve1",
                    "nodeType": "Core::FCurve::evaluate_fcurve",
                    "metadata": [
                        {
                            "metaName": "DisplayMode",
                            "metaType": "string",
                            "metaValue": "2"
                        },
                        {
                            "metaName": "LayoutPos",
                            "metaType": "string",
                            "metaValue": "3272.95 -361.7"
                        },
                        {
                            "metaName": "zValue",
                            "metaType": "string",
                            "metaValue": "42.000000"
                        }
                    ]
                },
                {
                    "nodeName": "get_closest_point",
                    "nodeType": "Geometry::Query::get_closest_point",
                    "metadata": [
                        {
                            "metaName": "DisplayMode",
                            "metaType": "string",
                            "metaValue": "2"
                        },
                        {
                            "metaName": "zValue",
                            "metaType": "string",
                            "metaValue": "59.000000"
                        },
                        {
                            "metaName": "LayoutPos",
                            "metaType": "string",
                            "metaValue": "2062.66 -411.449"
                        }
                    ]
                },
                {
                    "nodeName": "get_from_array1",
                    "nodeType": "Core::Array::get_from_array",
                    "metadata": [
                        {
                            "metaName": "DisplayMode",
                            "metaType": "string",
                            "metaValue": "2"
                        },
                        {
                            "metaName": "zValue",
                            "metaType": "string",
                            "metaValue": "61.000000"
                        },
                        {
                            "metaName": "LayoutPos",
                            "metaType": "string",
                            "metaValue": "2407.78 -185.545"
                        }
                    ]
                },
                {
                    "nodeName": "get_point_position1",
                    "nodeType": "Geometry::Properties::get_point_position",
                    "metadata": [
                        {
                            "metaName": "DisplayMode",
                            "metaType": "string",
                            "metaValue": "2"
                        },
                        {
                            "metaName": "LayoutPos",
                            "metaType": "string",
                            "metaValue": "1609.49 -324.529"
                        },
                        {
                            "metaName": "zValue",
                            "metaType": "string",
                            "metaValue": "45.000000"
                        }
                    ]
                },
                {
                    "nodeName": "get_raycast_locations",
                    "nodeType": "Geometry::Query::get_raycast_locations",
                    "metadata": [
                        {
                            "metaName": "DisplayMode",
                            "metaType": "string",
                            "metaValue": "2"
                        },
                        {
                            "metaName": "zValue",
                            "metaType": "string",
                            "metaValue": "64.000000"
                        },
                        {
                            "metaName": "LayoutPos",
                            "metaType": "string",
                            "metaValue": "1111.25 224.246"
                        }
                    ]
                },
                {
                    "nodeName": "length",
                    "nodeType": "Core::Math::length",
                    "metadata": [
                        {
                            "metaName": "DisplayMode",
                            "metaType": "string",
                            "metaValue": "2"
                        },
                        {
                            "metaName": "LayoutPos",
                            "metaType": "string",
                            "metaValue": "2982.32 -582.96"
                        },
                        {
                            "metaName": "zValue",
                            "metaType": "string",
                            "metaValue": "41.000000"
                        }
                    ]
                },
                {
                    "nodeName": "resize_array",
                    "nodeType": "Core::Array::resize_array",
                    "metadata": [
                        {
                            "metaName": "DisplayMode",
                            "metaType": "string",
                            "metaValue": "2"
                        },
                        {
                            "metaName": "zValue",
                            "metaType": "string",
                            "metaValue": "72.000000"
                        },
                        {
                            "metaName": "LayoutPos",
                            "metaType": "string",
                            "metaValue": "732.985 420.332"
                        }
                    ]
                },
                {
                    "nodeName": "sample_property",
                    "nodeType": "Geometry::Query::sample_property",
                    "metadata": [
                        {
                            "metaName": "DisplayMode",
                            "metaType": "string",
                            "metaValue": "2"
                        },
                        {
                            "metaName": "LayoutPos",
                            "metaType": "string",
                            "metaValue": "1452.41 85.744"
                        },
                        {
                            "metaName": "zValue",
                            "metaType": "string",
                            "metaValue": "78.000000"
                        }
                    ]
                },
                {
                    "nodeName": "subtract",
                    "nodeType": "Core::Math::subtract",
                    "multiInPortNames": [
                        "point_position",
                        "value"
                    ],
                    "metadata": [
                        {
                            "metaName": "DisplayMode",
                            "metaType": "string",
                            "metaValue": "2"
                        },
                        {
                            "metaName": "LayoutPos",
                            "metaType": "string",
                            "metaValue": "2696.26 -559.57"
                        },
                        {
                            "metaName": "zValue",
                            "metaType": "string",
                            "metaValue": "40.000000"
                        }
                    ]
                },
                {
                    "nodeName": "value3",
                    "valueType": "Math::float3",
                    "metadata": [
                        {
                            "metaName": "DisplayMode",
                            "metaType": "string",
                            "metaValue": "2"
                        },
                        {
                            "metaName": "valuenode_defaultvalue",
                            "metaType": "string",
                            "metaValue": "0"
                        },
                        {
                            "metaName": "valuenode_defaultvalue",
                            "metaType": "string",
                            "metaValue": "-1"
                        },
                        {
                            "metaName": "valuenode_defaultvalue",
                            "metaType": "string",
                            "metaValue": "0"
                        },
                        {
                            "metaName": "zValue",
                            "metaType": "string",
                            "metaValue": "74.000000"
                        },
                        {
                            "metaName": "LayoutPos",
                            "metaType": "string",
                            "metaValue": "472.429 779.535"
                        }
                    ]
                },
                {
                    "nodeName": "value5",
                    "valueType": "Math::FCurve",
                    "metadata": [
                        {
                            "metaName": "DisplayMode",
                            "metaType": "string",
                            "metaValue": "2"
                        },
                        {
                            "metaName": "LayoutPos",
                            "metaType": "string",
                            "metaValue": "2991.71 -165.88"
                        },
                        {
                            "metaName": "zValue",
                            "metaType": "string",
                            "metaValue": "44.000000"
                        }
                    ]
                },
                {
                    "nodeName": "vein_curves_in",
                    "nodeType": "Core::Graph::pass",
                    "metadata": [
                        {
                            "metaName": "DisplayMode",
                            "metaType": "string",
                            "metaValue": "2"
                        },
                        {
                            "metaName": "zValue",
                            "metaType": "string",
                            "metaValue": "54.000000"
                        },
                        {
                            "metaName": "LayoutPos",
                            "metaType": "string",
                            "metaValue": "81.6513 492.311"
                        }
                    ]
                },
                {
                    "nodeName": "value",
                    "valueType": "array<Math::float3>",
                    "metadata": [
                        {
                            "metaName": "DisplayMode",
                            "metaType": "string",
                            "metaValue": "2"
                        },
                        {
                            "metaName": "valuenode_defaultvalue",
                            "metaType": "string",
                            "metaValue": "0"
                        },
                        {
                            "metaName": "valuenode_defaultvalue",
                            "metaType": "string",
                            "metaValue": "0"
                        },
                        {
                            "metaName": "valuenode_defaultvalue",
                            "metaType": "string",
                            "metaValue": "-1"
                        },
                        {
                            "metaName": "zValue",
                            "metaType": "string",
                            "metaValue": "76.000000"
                        },
                        {
                            "metaName": "LayoutPos",
                            "metaType": "string",
                            "metaValue": "781.958 711.532"
                        }
                    ]
                },
                {
                    "nodeName": "origo_points_remover_li",
                    "nodeType": "User::Compounds::origo_points_remover_li",
                    "metadata": [
                        {
                            "metaName": "DisplayMode",
                            "metaType": "string",
                            "metaValue": "2"
                        },
                        {
                            "metaName": "zValue",
                            "metaType": "string",
                            "metaValue": "90.000000"
                        },
                        {
                            "metaName": "LayoutPos",
                            "metaType": "string",
                            "metaValue": "1764.44 185.89"
                        }
                    ]
                }
            ],
            "connections": [
                {
                    "source": "vein_curves_in.output",
                    "target": "array_size.array"
                },
                {
                    "source": "array_size.size",
                    "target": "resize_array.new_size"
                },
                {
                    "source": ".blade_surface_in",
                    "target": "blade_surface_in.input"
                },
                {
                    "source": "blade_surface_in.output",
                    "target": "get_point_position1.geometry"
                },
                {
                    "source": "blade_surface_in.output",
                    "target": "displace_points1.points"
                },
                {
                    "source": "blade_surface_in.output",
                    "target": "get_raycast_locations.geometry"
                },
                {
                    "source": "blade_surface_in.output",
                    "target": "sample_property.geometry"
                },
                {
                    "source": "construct_points.points",
                    "target": "get_closest_point.geometry"
                },
                {
                    "source": "evaluate_fcurve1.y",
                    "target": "displace_points1.weights"
                },
                {
                    "source": "displace_points1.out_points",
                    "target": ".out_points1"
                },
                {
                    "source": "value5.output",
                    "target": "evaluate_fcurve1.fcurve"
                },
                {
                    "source": "length.length",
                    "target": "evaluate_fcurve1.x"
                },
                {
                    "source": "get_point_position1.point_position",
                    "target": "get_closest_point.positions"
                },
                {
                    "source": "get_closest_point.point_indices",
                    "target": "get_from_array1.index"
                },
                {
                    "source": "sample_property.sampled_data",
                    "target": "get_from_array1.array"
                },
                {
                    "source": "get_from_array1.value",
                    "target": "subtract.first.value"
                },
                {
                    "source": "get_point_position1.point_position",
                    "target": "subtract.first.point_position"
                },
                {
                    "source": "vein_curves_in.output",
                    "target": "get_raycast_locations.positions"
                },
                {
                    "source": "get_raycast_locations.locations",
                    "target": "sample_property.locations"
                },
                {
                    "source": "subtract.output",
                    "target": "length.vector"
                },
                {
                    "source": "value3.output",
                    "target": "resize_array.default"
                },
                {
                    "source": ".vein_curves_in",
                    "target": "vein_curves_in.input"
                },
                {
                    "source": ".vein_trough_shape",
                    "target": "value5.value"
                },
                {
                    "source": ".projection_axis",
                    "target": "value3.value"
                },
                {
                    "source": "resize_array.resized",
                    "target": "get_raycast_locations.directions"
                },
                {
                    "source": "sample_property.sampled_data",
                    "target": "origo_points_remover_li.array_position_in"
                },
                {
                    "source": "origo_points_remover_li.remaining_points",
                    "target": "construct_points.point_position"
                }
            ],
            "values": [
                {
                    "valueName": "displace_points1.scale",
                    "valueType": "float",
                    "value": "1f"
                },
                {
                    "valueName": "get_closest_point.use_cutoff_distance",
                    "valueType": "bool",
                    "value": "true"
                },
                {
                    "valueName": "get_closest_point.cutoff_distance",
                    "valueType": "float",
                    "value": "10f"
                },
                {
                    "valueName": "get_raycast_locations.proximity_method",
                    "valueType": "Geometry::Query::ProximityMethod",
                    "value": "semi_line"
                },
                {
                    "valueName": "get_raycast_locations.reverse_direction",
                    "valueType": "bool",
                    "value": "false"
                },
                {
                    "valueName": "get_raycast_locations.use_cutoff_distance",
                    "valueType": "bool",
                    "value": "true"
                },
                {
                    "valueName": "get_raycast_locations.cutoff_distance",
                    "valueType": "float",
                    "value": "10f"
                },
                {
                    "valueName": "get_raycast_locations.min_distance",
                    "valueType": "float",
                    "value": "0f"
                },
                {
                    "valueName": "sample_property.default",
                    "valueType": "Math::float3",
                    "value": {
                        "x": "0f",
                        "y": "0f",
                        "z": "0f"
                    }
                },
                {
                    "valueName": "sample_property.property",
                    "valueType": "string",
                    "value": "point_position"
                },
                {
                    "valueName": "sample_property.method",
                    "valueType": "BifrostExp::Geometry::SampleMethod",
                    "value": "interpolated"
                },
                {
                    "valueName": "value3.value",
                    "valueType": "Math::float3",
                    "value": {
                        "x": "0f",
                        "y": "-1f",
                        "z": "0f"
                    }
                },
                {
                    "valueName": "value5.value",
                    "valueType": "Math::FCurve",
                    "value": {
                        "version": "1",
                        "preExtrapolation": "0",
                        "postExtrapolation": "0",
                        "points": [
                            {
                                "point": {
                                    "locked": "1",
                                    "interpolation": "2",
                                    "pcn": {
                                        "xp": "-0.012734000000000001",
                                        "yp": "-0.146172",
                                        "x": "0",
                                        "y": "0",
                                        "xn": "0.012734000000000001",
                                        "yn": "0.146172"
                                    }
                                }
                            },
                            {
                                "point": {
                                    "locked": "1",
                                    "interpolation": "1",
                                    "pcn": {
                                        "xp": "0.193103",
                                        "yp": "0.21591199999999999",
                                        "x": "0.49893700000000002",
                                        "y": "0.21837799999999999",
                                        "xn": "0.80477100000000001",
                                        "yn": "0.22084400000000001"
                                    }
                                }
                            }
                        ]
                    }
                },
                {
                    "valueName": "value.value",
                    "valueType": "array<Math::float3>",
                    "value": []
                }
            ],
            "reservedNodeNames": [
                {
                    "name": "input"
                },
                {
                    "name": "output"
                },
                {
                    "name": "input1"
                }
            ]
        }
    ]
}
