{
    "header": {
        "metadata": [
            {
                "metaName": "adskFileFormatVersion",
                "metaValue": "100L"
            }
        ]
    },
    "namespaces": [],
    "types": [],
    "compounds": [
        {
            "name": "User::Compounds::wave_deformer_LI_I",
            "uriImported": "stream:/bifrostGraphShape1",
            "metadata": [
                {
                    "metaName": "io_nodes",
                    "metadata": [
                        {
                            "metaName": "io_inodes",
                            "metadata": [
                                {
                                    "metaName": "input",
                                    "metadata": [
                                        {
                                            "metaName": "DisplayMode",
                                            "metaType": "string",
                                            "metaValue": "2"
                                        },
                                        {
                                            "metaName": "LayoutPos",
                                            "metaType": "string",
                                            "metaValue": "-1135.02 138.971"
                                        },
                                        {
                                            "metaName": "io_ports",
                                            "metadata": [
                                                {
                                                    "metaName": "data_to_generate_in"
                                                },
                                                {
                                                    "metaName": "number_of_peaks"
                                                },
                                                {
                                                    "metaName": "amplitude"
                                                },
                                                {
                                                    "metaName": "wave_damp"
                                                }
                                            ]
                                        },
                                        {
                                            "metaName": "zValue",
                                            "metaType": "string",
                                            "metaValue": "41.000000"
                                        }
                                    ]
                                }
                            ]
                        },
                        {
                            "metaName": "io_onodes",
                            "metadata": [
                                {
                                    "metaName": "output",
                                    "metadata": [
                                        {
                                            "metaName": "DisplayMode",
                                            "metaType": "string",
                                            "metaValue": "2"
                                        },
                                        {
                                            "metaName": "LayoutPos",
                                            "metaType": "string",
                                            "metaValue": "2590.15 -86.2433"
                                        },
                                        {
                                            "metaName": "io_ports",
                                            "metadata": [
                                                {
                                                    "metaName": "wave_out"
                                                }
                                            ]
                                        },
                                        {
                                            "metaName": "zValue",
                                            "metaType": "string",
                                            "metaValue": "38.000000"
                                        }
                                    ]
                                }
                            ]
                        }
                    ]
                },
                {
                    "metaName": "_recentNode_",
                    "metaType": "string",
                    "metaValue": "BifrostGraph,Core::Constants,float"
                },
                {
                    "metaName": "_recentNode_",
                    "metaType": "string",
                    "metaValue": "BifrostGraph,Core::Math,multiply"
                },
                {
                    "metaName": "_recentNode_",
                    "metaType": "string",
                    "metaValue": "BifrostGraph,Core::Logic,if"
                },
                {
                    "metaName": "_recentNode_",
                    "metaType": "string",
                    "metaValue": "BifrostGraph,Core::Math,add"
                },
                {
                    "metaName": "_recentNode_",
                    "metaType": "string",
                    "metaValue": "BifrostGraph,Geometry::Properties,get_point_normal"
                },
                {
                    "metaName": "ViewportRect",
                    "metaType": "string",
                    "metaValue": "-777.465 -119.698 1505.81 1154.15"
                },
                {
                    "metaName": "DisplayMode",
                    "metaType": "string",
                    "metaValue": "2"
                },
                {
                    "metaName": "LayoutPos",
                    "metaType": "string",
                    "metaValue": "-1497.26 737.277"
                },
                {
                    "metaName": "zValue",
                    "metaType": "string",
                    "metaValue": "115.000000"
                }
            ],
            "ports": [
                {
                    "portName": "data_to_generate_in",
                    "portDirection": "input",
                    "portDefaultType": "array<float>",
                    "portDefault": []
                },
                {
                    "portName": "number_of_peaks",
                    "portDirection": "input",
                    "portType": "long",
                    "portDefault": "4",
                    "metadata": [
                        {
                            "metaName": "UISoftMin",
                            "metaType": "string",
                            "metaValue": "1"
                        },
                        {
                            "metaName": "UISoftMax",
                            "metaType": "string",
                            "metaValue": "20"
                        }
                    ]
                },
                {
                    "portName": "wave_out",
                    "portDirection": "output"
                },
                {
                    "portName": "amplitude",
                    "portDirection": "input",
                    "portType": "float",
                    "portDefault": "5f",
                    "metadata": [
                        {
                            "metaName": "UISoftMin",
                            "metaType": "string",
                            "metaValue": "0"
                        },
                        {
                            "metaName": "UISoftMax",
                            "metaType": "string",
                            "metaValue": "5"
                        }
                    ]
                },
                {
                    "portName": "wave_damp",
                    "portDirection": "input",
                    "portType": "Math::FCurve",
                    "portDefault": {
                        "version": "1",
                        "preExtrapolation": "0",
                        "postExtrapolation": "0",
                        "points": [
                            {
                                "point": {
                                    "locked": "1",
                                    "interpolation": "2",
                                    "pcn": {
                                        "xp": "-0.10000000000000001",
                                        "yp": "1",
                                        "x": "0",
                                        "y": "1",
                                        "xn": "0.10000000000000001",
                                        "yn": "1"
                                    }
                                }
                            },
                            {
                                "point": {
                                    "locked": "1",
                                    "interpolation": "2",
                                    "pcn": {
                                        "xp": "0.21578",
                                        "yp": "0.50008900000000001",
                                        "x": "0.5",
                                        "y": "0.5",
                                        "xn": "0.78404300000000005",
                                        "yn": "0.5"
                                    }
                                }
                            },
                            {
                                "point": {
                                    "locked": "1",
                                    "interpolation": "2",
                                    "pcn": {
                                        "xp": "0.90000000000000002",
                                        "yp": "1",
                                        "x": "1",
                                        "y": "1",
                                        "xn": "1.1000000000000001",
                                        "yn": "1"
                                    }
                                }
                            }
                        ]
                    }
                }
            ],
            "compoundNodes": [
                {
                    "nodeName": "array_bounds",
                    "nodeType": "Core::Array::array_bounds",
                    "metadata": [
                        {
                            "metaName": "DisplayMode",
                            "metaType": "string",
                            "metaValue": "2"
                        },
                        {
                            "metaName": "LayoutPos",
                            "metaType": "string",
                            "metaValue": "215.439 217.282"
                        },
                        {
                            "metaName": "zValue",
                            "metaType": "string",
                            "metaValue": "45.000000"
                        }
                    ]
                },
                {
                    "nodeName": "array_bounds1",
                    "nodeType": "Core::Array::array_bounds",
                    "metadata": [
                        {
                            "metaName": "DisplayMode",
                            "metaType": "string",
                            "metaValue": "2"
                        },
                        {
                            "metaName": "LayoutPos",
                            "metaType": "string",
                            "metaValue": "-0.0565513 608.08"
                        },
                        {
                            "metaName": "zValue",
                            "metaType": "string",
                            "metaValue": "42.000000"
                        }
                    ]
                },
                {
                    "nodeName": "array_bounds2",
                    "nodeType": "Core::Array::array_bounds",
                    "metadata": [
                        {
                            "metaName": "DisplayMode",
                            "metaType": "string",
                            "metaValue": "2"
                        },
                        {
                            "metaName": "LayoutPos",
                            "metaType": "string",
                            "metaValue": "753.785 1129.14"
                        },
                        {
                            "metaName": "zValue",
                            "metaType": "string",
                            "metaValue": "35.000000"
                        }
                    ]
                },
                {
                    "nodeName": "change_range",
                    "nodeType": "Core::Math::change_range",
                    "metadata": [
                        {
                            "metaName": "DisplayMode",
                            "metaType": "string",
                            "metaValue": "2"
                        },
                        {
                            "metaName": "LayoutPos",
                            "metaType": "string",
                            "metaValue": "842.643 81.6469"
                        },
                        {
                            "metaName": "zValue",
                            "metaType": "string",
                            "metaValue": "34.000000"
                        }
                    ]
                },
                {
                    "nodeName": "change_range1",
                    "nodeType": "Core::Math::change_range",
                    "metadata": [
                        {
                            "metaName": "DisplayMode",
                            "metaType": "string",
                            "metaValue": "2"
                        },
                        {
                            "metaName": "LayoutPos",
                            "metaType": "string",
                            "metaValue": "1084.4 944.431"
                        },
                        {
                            "metaName": "zValue",
                            "metaType": "string",
                            "metaValue": "44.000000"
                        }
                    ]
                },
                {
                    "nodeName": "data_to_generate",
                    "nodeType": "Core::Graph::pass",
                    "metadata": [
                        {
                            "metaName": "DisplayMode",
                            "metaType": "string",
                            "metaValue": "2"
                        },
                        {
                            "metaName": "LayoutPos",
                            "metaType": "string",
                            "metaValue": "-611.963 -85.4099"
                        },
                        {
                            "metaName": "zValue",
                            "metaType": "string",
                            "metaValue": "39.000000"
                        }
                    ]
                },
                {
                    "nodeName": "evaluate_fcurve",
                    "nodeType": "Core::FCurve::evaluate_fcurve",
                    "metadata": [
                        {
                            "metaName": "DisplayMode",
                            "metaType": "string",
                            "metaValue": "2"
                        },
                        {
                            "metaName": "LayoutPos",
                            "metaType": "string",
                            "metaValue": "1373.12 716.872"
                        },
                        {
                            "metaName": "zValue",
                            "metaType": "string",
                            "metaValue": "36.000000"
                        }
                    ]
                },
                {
                    "nodeName": "lerp",
                    "nodeType": "Core::Math::lerp",
                    "metadata": [
                        {
                            "metaName": "DisplayMode",
                            "metaType": "string",
                            "metaValue": "2"
                        },
                        {
                            "metaName": "LayoutPos",
                            "metaType": "string",
                            "metaValue": "1737.78 126.674"
                        },
                        {
                            "metaName": "zValue",
                            "metaType": "string",
                            "metaValue": "47.000000"
                        }
                    ]
                },
                {
                    "nodeName": "multiply",
                    "nodeType": "Core::Math::multiply",
                    "multiInPortNames": [
                        "pi",
                        "float"
                    ],
                    "metadata": [
                        {
                            "metaName": "DisplayMode",
                            "metaType": "string",
                            "metaValue": "2"
                        },
                        {
                            "metaName": "LayoutPos",
                            "metaType": "string",
                            "metaValue": "277.381 502.992"
                        },
                        {
                            "metaName": "zValue",
                            "metaType": "string",
                            "metaValue": "32.000000"
                        }
                    ]
                },
                {
                    "nodeName": "pi",
                    "nodeType": "Core::Constants::pi",
                    "metadata": [
                        {
                            "metaName": "DisplayMode",
                            "metaType": "string",
                            "metaValue": "2"
                        },
                        {
                            "metaName": "LayoutPos",
                            "metaType": "string",
                            "metaValue": "-2.35352 384.367"
                        },
                        {
                            "metaName": "zValue",
                            "metaType": "string",
                            "metaValue": "33.000000"
                        }
                    ]
                },
                {
                    "nodeName": "sequence_array",
                    "nodeType": "Core::Array::sequence_array",
                    "metadata": [
                        {
                            "metaName": "DisplayMode",
                            "metaType": "string",
                            "metaValue": "2"
                        },
                        {
                            "metaName": "LayoutPos",
                            "metaType": "string",
                            "metaValue": "-267.705 469.289"
                        },
                        {
                            "metaName": "zValue",
                            "metaType": "string",
                            "metaValue": "40.000000"
                        }
                    ]
                },
                {
                    "nodeName": "sin",
                    "nodeType": "Core::Math::sin",
                    "metadata": [
                        {
                            "metaName": "DisplayMode",
                            "metaType": "string",
                            "metaValue": "2"
                        },
                        {
                            "metaName": "LayoutPos",
                            "metaType": "string",
                            "metaValue": "1116.42 53.0753"
                        },
                        {
                            "metaName": "zValue",
                            "metaType": "string",
                            "metaValue": "46.000000"
                        }
                    ]
                },
                {
                    "nodeName": "twice_of",
                    "nodeType": "Core::Math::twice_of",
                    "metadata": [
                        {
                            "metaName": "DisplayMode",
                            "metaType": "string",
                            "metaValue": "2"
                        },
                        {
                            "metaName": "LayoutPos",
                            "metaType": "string",
                            "metaValue": "539.423 318.768"
                        },
                        {
                            "metaName": "zValue",
                            "metaType": "string",
                            "metaValue": "31.000000"
                        }
                    ]
                },
                {
                    "nodeName": "value",
                    "valueType": "Math::FCurve",
                    "metadata": [
                        {
                            "metaName": "DisplayMode",
                            "metaType": "string",
                            "metaValue": "2"
                        },
                        {
                            "metaName": "LayoutPos",
                            "metaType": "string",
                            "metaValue": "734.323 737.713"
                        },
                        {
                            "metaName": "zValue",
                            "metaType": "string",
                            "metaValue": "43.000000"
                        }
                    ]
                },
                {
                    "nodeName": "wave_out_pass",
                    "nodeType": "Core::Graph::pass",
                    "metadata": [
                        {
                            "metaName": "DisplayMode",
                            "metaType": "string",
                            "metaValue": "2"
                        },
                        {
                            "metaName": "LayoutPos",
                            "metaType": "string",
                            "metaValue": "2034.6 102.797"
                        },
                        {
                            "metaName": "zValue",
                            "metaType": "string",
                            "metaValue": "37.000000"
                        }
                    ]
                },
                {
                    "nodeName": "multiply1",
                    "nodeType": "Core::Math::multiply",
                    "multiInPortNames": [
                        "sine",
                        "output1"
                    ],
                    "metadata": [
                        {
                            "metaName": "DisplayMode",
                            "metaType": "string",
                            "metaValue": "2"
                        },
                        {
                            "metaName": "LayoutPos",
                            "metaType": "string",
                            "metaValue": "1361.56 234.145"
                        },
                        {
                            "metaName": "zValue",
                            "metaType": "string",
                            "metaValue": "48.000000"
                        }
                    ]
                },
                {
                    "nodeName": "value1",
                    "valueType": "float",
                    "metadata": [
                        {
                            "metaName": "DisplayMode",
                            "metaType": "string",
                            "metaValue": "2"
                        },
                        {
                            "metaName": "LayoutPos",
                            "metaType": "string",
                            "metaValue": "1103.91 421.743"
                        },
                        {
                            "metaName": "zValue",
                            "metaType": "string",
                            "metaValue": "49.000000"
                        }
                    ]
                }
            ],
            "connections": [
                {
                    "source": "data_to_generate.output",
                    "target": "array_bounds.array"
                },
                {
                    "source": "array_bounds.min_bound",
                    "target": "change_range.from_start"
                },
                {
                    "source": "array_bounds.max_bound",
                    "target": "change_range.from_end"
                },
                {
                    "source": "sequence_array.sequence",
                    "target": "array_bounds1.array"
                },
                {
                    "source": "array_bounds1.max_bound",
                    "target": "multiply.first.float"
                },
                {
                    "source": "data_to_generate.output",
                    "target": "array_bounds2.array"
                },
                {
                    "source": "array_bounds2.min_bound",
                    "target": "change_range1.from_start"
                },
                {
                    "source": "array_bounds2.max_bound",
                    "target": "change_range1.from_end"
                },
                {
                    "source": "data_to_generate.output",
                    "target": "change_range.value"
                },
                {
                    "source": "twice_of.double_value",
                    "target": "change_range.to_end"
                },
                {
                    "source": "change_range.result",
                    "target": "sin.value"
                },
                {
                    "source": "data_to_generate.output",
                    "target": "change_range1.value"
                },
                {
                    "source": "change_range1.result",
                    "target": "evaluate_fcurve.x"
                },
                {
                    "source": ".data_to_generate_in",
                    "target": "data_to_generate.input"
                },
                {
                    "source": "value.output",
                    "target": "evaluate_fcurve.fcurve"
                },
                {
                    "source": "evaluate_fcurve.y",
                    "target": "lerp.fraction"
                },
                {
                    "source": "lerp.interpolated",
                    "target": "wave_out_pass.input"
                },
                {
                    "source": "pi.pi",
                    "target": "multiply.first.pi"
                },
                {
                    "source": "multiply.output",
                    "target": "twice_of.value"
                },
                {
                    "source": ".number_of_peaks",
                    "target": "sequence_array.size"
                },
                {
                    "source": "wave_out_pass.output",
                    "target": ".wave_out"
                },
                {
                    "source": ".wave_damp",
                    "target": "value.value"
                },
                {
                    "source": "sin.sine",
                    "target": "multiply1.first.sine"
                },
                {
                    "source": "multiply1.output",
                    "target": "lerp.first"
                },
                {
                    "source": "value1.output",
                    "target": "multiply1.first.output1"
                },
                {
                    "source": ".amplitude",
                    "target": "value1.value"
                }
            ],
            "values": [
                {
                    "valueName": "change_range.clamp",
                    "valueType": "bool",
                    "value": "true"
                },
                {
                    "valueName": "change_range1.to_start",
                    "valueType": "float",
                    "value": "0f"
                },
                {
                    "valueName": "change_range1.to_end",
                    "valueType": "float",
                    "value": "1f"
                },
                {
                    "valueName": "change_range1.clamp",
                    "valueType": "bool",
                    "value": "true"
                },
                {
                    "valueName": "lerp.fraction",
                    "valueType": "float",
                    "value": "1f"
                },
                {
                    "valueName": "sequence_array.size",
                    "valueType": "long",
                    "value": "4"
                },
                {
                    "valueName": "sequence_array.step",
                    "valueType": "float",
                    "value": "0.5f"
                },
                {
                    "valueName": "value.value",
                    "valueType": "Math::FCurve",
                    "value": {
                        "version": "1",
                        "preExtrapolation": "0",
                        "postExtrapolation": "0",
                        "points": [
                            {
                                "point": {
                                    "locked": "1",
                                    "interpolation": "2",
                                    "pcn": {
                                        "xp": "-0.10000000000000001",
                                        "yp": "1",
                                        "x": "0",
                                        "y": "1",
                                        "xn": "0.10000000000000001",
                                        "yn": "1"
                                    }
                                }
                            },
                            {
                                "point": {
                                    "locked": "1",
                                    "interpolation": "2",
                                    "pcn": {
                                        "xp": "0.21578",
                                        "yp": "0.50008900000000001",
                                        "x": "0.5",
                                        "y": "0.5",
                                        "xn": "0.78404300000000005",
                                        "yn": "0.5"
                                    }
                                }
                            },
                            {
                                "point": {
                                    "locked": "1",
                                    "interpolation": "2",
                                    "pcn": {
                                        "xp": "0.90000000000000002",
                                        "yp": "1",
                                        "x": "1",
                                        "y": "1",
                                        "xn": "1.1000000000000001",
                                        "yn": "1"
                                    }
                                }
                            }
                        ]
                    }
                },
                {
                    "valueName": "value1.value",
                    "valueType": "float",
                    "value": "1f"
                }
            ],
            "reservedNodeNames": [
                {
                    "name": "input"
                },
                {
                    "name": "output"
                }
            ]
        }
    ]
}
